53.69,53.69,40.71,41.36,49.67
54.60,54.60,39.48,39.65,48.87
52.23,52.23,39.22,44.08,49.83
47.65,47.65,37.38,44.09,51.81
46.46,46.46,37.69,40.17,61.69
43.73,43.73,38.99,41.77,64.21
40.32,40.32,41.08,47.84,61.37
40.93,40.93,46.41,56.28,60.86
39.68,39.68,37.88,54.78,64.07
39.70,39.70,36.19,53.11,64.24
36.81,36.81,36.41,46.59,64.25
36.23,36.23,36.23,49.39,64.03
32.80,32.80,33.00,43.83,64.68
29.60,29.60,34.24,46.91,64.10
34.84,34.84,32.86,39.91,64.70
34.72,34.72,30.76,41.33,64.05
34.67,34.67,31.68,38.04,62.89
31.79,31.79,33.11,35.28,62.34
33.11,33.11,36.04,30.72,63.58
31.59,31.59,38.47,35.35,64.72
31.24,31.24,28.61,23.39,64.36
31.37,31.37,36.67,31.69,65.23
28.37,28.37,33.02,26.93,64.14
34.21,34.21,37.35,29.75,65.79
39.18,39.18,33.72,25.63,63.54
38.30,38.30,31.65,25.82,65.10
33.10,33.10,36.93,30.30,67.08
30.82,30.82,31.49,27.43,67.04
32.27,32.27,39.23,30.16,68.78
29.04,29.04,29.67,24.82,65.09
29.99,29.99,39.83,31.12,64.24
28.84,28.84,33.34,26.70,63.38
25.19,25.19,36.96,27.31,63.38
32.54,32.54,35.65,30.72,64.91
35.03,35.03,35.51,26.91,65.26
34.42,34.42,37.69,31.93,64.88
32.98,32.98,32.67,26.75,63.11
31.07,31.07,39.42,29.58,64.27
33.70,33.70,33.36,28.85,65.40
36.32,36.32,40.85,29.84,65.45
33.68,33.68,36.08,30.60,65.05
29.35,29.35,37.52,26.75,64.76
27.58,27.58,32.38,31.54,62.14
28.17,28.17,32.13,25.14,64.79
28.37,28.37,24.00,29.79,67.93
28.65,28.65,23.14,26.08,63.26
27.91,27.91,31.03,29.63,62.81
29.23,29.23,31.58,30.99,63.39
30.83,30.83,36.95,27.45,63.02
29.33,29.33,35.29,31.22,64.25
29.08,29.08,39.44,26.29,63.66
27.78,27.78,34.86,29.92,63.70
25.01,25.01,37.39,27.48,63.90
28.03,28.03,31.67,28.07,65.08
27.72,27.72,28.69,30.00,64.33
28.52,28.52,32.34,27.64,63.19
28.08,28.08,31.84,30.86,64.79
26.29,26.29,35.80,28.98,64.18
26.91,26.91,31.48,30.52,65.33
26.85,26.85,34.00,26.64,65.83
23.70,23.70,29.30,27.61,68.49
20.33,20.33,30.85,28.83,67.29
29.62,29.62,29.82,25.50,67.35
24.52,24.52,30.03,29.32,69.32
22.42,22.42,32.67,29.57,65.61
25.04,25.04,30.96,30.44,63.46
25.21,25.21,32.70,26.61,63.58
24.02,24.02,33.27,27.49,62.58
23.52,23.52,33.80,27.03,64.51
23.14,23.14,30.41,25.17,66.58
19.02,19.02,26.30,24.52,65.26
23.30,23.30,25.51,23.18,67.07
28.56,28.56,22.36,25.54,66.23
29.19,29.19,24.22,25.92,68.82
24.61,24.61,25.60,25.36,66.77
26.71,26.71,26.75,26.10,65.44
29.03,29.03,26.51,27.13,65.58
30.03,30.03,29.87,31.41,63.68
28.75,28.75,25.25,28.31,63.77
26.24,26.24,26.40,31.46,62.40
24.27,24.27,23.75,24.99,64.33
22.57,22.57,24.04,29.16,64.94
26.24,26.24,27.19,25.76,63.63
29.00,29.00,29.04,29.90,66.85
24.93,24.93,26.40,28.96,62.79
24.20,24.20,25.04,24.34,62.30
27.58,27.58,30.33,31.19,63.17
30.01,30.01,27.87,26.83,63.36
30.64,30.64,31.25,32.91,61.08
28.07,28.07,26.91,24.24,65.46
25.25,25.25,28.85,29.08,62.52
29.25,29.25,30.01,25.98,65.48
26.56,26.56,31.24,29.67,65.90
23.40,23.40,28.22,27.44,64.64
24.53,24.53,26.22,28.32,64.85
26.73,26.73,26.16,29.36,67.98
27.71,27.71,23.52,25.47,67.76
29.75,29.75,27.44,30.38,66.68
29.01,29.01,25.20,26.08,65.25
26.21,26.21,28.03,29.26,62.95
22.57,22.57,26.71,30.61,63.44
26.83,26.83,28.23,29.54,67.20
26.45,26.45,26.95,31.40,71.10
25.96,25.96,22.39,26.10,68.49
24.40,24.40,23.12,30.80,65.19
24.79,24.79,23.80,24.29,68.62
26.41,26.41,26.56,30.81,65.19
28.46,28.46,25.18,27.94,64.12
29.43,29.43,27.31,31.42,64.38
29.91,29.91,26.45,32.82,60.71
28.84,28.84,25.84,30.64,61.65
28.87,28.87,27.50,34.88,61.59
28.76,28.76,27.82,30.01,62.96
26.67,26.67,24.77,31.25,63.55
25.20,25.20,23.09,29.58,66.97
27.81,27.81,25.45,32.28,66.28
29.33,29.33,24.02,33.14,65.13
32.24,32.24,24.07,30.38,63.65
30.60,30.60,22.73,34.49,60.17
28.22,28.22,21.27,32.06,61.20
24.44,24.44,19.53,30.99,62.59
31.16,31.16,22.13,24.63,65.12
29.36,29.36,21.05,35.09,68.97
27.83,27.83,15.99,35.62,63.89
31.34,31.34,16.27,33.80,64.71
34.63,34.63,15.68,34.01,63.48
32.71,32.71,17.96,36.02,62.65
31.15,31.15,17.87,37.15,62.83
31.84,31.84,19.48,34.27,60.85
28.23,28.23,17.31,34.85,62.12
27.40,27.40,17.76,37.51,63.33
35.93,35.93,21.53,33.34,67.17
35.06,35.06,21.92,36.06,67.39
34.28,34.28,21.53,33.12,63.83
34.37,34.37,21.19,33.65,64.65
32.35,32.35,22.04,35.57,66.44
30.75,30.75,23.80,31.63,61.02
27.74,27.74,19.23,37.03,67.41
29.68,29.68,19.69,33.71,67.64
28.82,28.82,18.80,32.81,68.65
30.22,30.22,24.03,34.08,66.84
35.15,35.15,26.38,27.92,66.18
34.10,34.10,24.56,36.74,66.98
31.64,31.64,21.57,29.76,65.16
31.83,31.83,22.99,32.98,65.32
33.95,33.95,24.83,36.90,63.38
33.24,33.24,26.88,27.93,62.05
32.92,32.92,29.81,37.95,62.08
30.64,30.64,30.47,31.00,65.08
30.32,30.32,26.32,33.55,65.10
35.73,35.73,31.58,32.32,67.79
38.49,38.49,34.07,23.63,66.25
34.93,34.93,32.27,38.68,64.39
33.87,33.87,27.22,27.85,63.48
32.69,32.69,26.96,36.21,63.34
31.89,31.89,25.56,35.68,62.29
34.46,34.46,26.58,32.70,64.08
32.69,32.69,26.88,38.49,62.98
31.70,31.70,26.12,33.75,63.06
32.03,32.03,22.79,36.20,62.21
41.18,41.18,25.72,37.35,63.32
43.67,43.67,26.43,36.05,66.82
40.11,40.11,25.04,38.51,63.21
36.74,36.74,23.89,35.48,60.82
36.77,36.77,26.50,36.54,61.46
36.74,36.74,28.67,37.95,60.96
34.92,34.92,28.41,36.64,62.60
35.36,35.36,28.27,36.58,64.27
35.38,35.38,27.81,39.50,66.89
33.45,33.45,28.13,35.78,64.47
33.40,33.40,27.21,38.55,65.81
33.27,33.27,29.86,34.37,65.15
32.94,32.94,26.72,34.91,64.32
33.46,33.46,28.74,40.31,64.58
33.96,33.96,27.71,33.81,63.54
35.82,35.82,28.97,38.16,67.77
36.94,36.94,26.55,35.50,68.43
33.39,33.39,30.25,32.42,65.50
29.38,29.38,28.27,40.08,65.55
33.53,33.53,31.57,27.93,62.85
28.24,28.24,29.11,38.74,67.36
29.28,29.28,27.70,29.57,63.85
32.00,32.00,25.72,32.13,63.53
33.34,33.34,25.47,39.27,64.26
31.12,31.12,26.15,28.72,62.61
33.04,33.04,36.33,39.11,61.99
30.90,30.90,27.66,29.27,63.56
28.06,28.06,33.36,33.89,60.43
29.22,29.22,28.90,39.49,64.83
30.45,30.45,22.72,23.24,67.55
32.01,32.01,24.79,39.44,66.71
29.72,29.72,24.17,31.14,66.02
31.49,31.49,30.90,35.69,64.53
32.38,32.38,32.55,36.35,65.66
31.15,31.15,31.25,30.84,64.52
30.22,30.22,27.58,38.67,67.07
29.52,29.52,24.65,33.68,66.56
31.01,31.01,28.61,34.64,65.84
27.71,27.71,26.23,37.66,64.87
30.71,30.71,26.13,32.77,66.01
32.36,32.36,28.00,37.07,65.58
30.80,30.80,25.26,36.71,64.50
30.48,30.48,25.39,35.34,61.45
32.19,32.19,27.09,37.03,64.48
35.52,35.52,27.35,35.09,63.77
35.58,35.58,26.82,35.41,63.03
32.87,32.87,25.11,37.80,64.04
30.37,30.37,24.58,37.00,64.57
32.64,32.64,27.90,36.38,63.33
30.40,30.40,29.31,37.24,65.85
27.08,27.08,25.91,34.13,65.09
27.74,27.74,26.42,37.39,63.74
30.61,30.61,22.42,32.88,65.74
32.90,32.90,26.93,38.16,67.72
34.37,34.37,25.09,34.77,65.93
34.88,34.88,21.22,33.14,60.49
30.03,30.03,24.64,40.72,61.29
24.07,24.07,23.80,32.69,62.12
25.23,25.23,23.55,36.06,65.10
24.49,24.49,23.13,33.89,66.23
23.07,23.07,19.89,26.04,68.41
22.92,22.92,25.38,39.58,66.20
27.11,27.11,23.96,29.50,64.68
30.87,30.87,29.31,39.06,64.02
31.90,31.90,26.77,36.47,63.30
31.00,31.00,25.76,32.71,63.69
31.50,31.50,26.86,39.47,65.98
30.11,30.11,22.49,30.26,61.98
28.50,28.50,27.35,38.88,67.82
30.73,30.73,27.75,34.97,64.87
28.88,28.88,24.71,33.44,64.91
28.88,28.88,25.36,40.04,65.27
30.38,30.38,24.30,30.92,64.53
32.19,32.19,26.80,38.73,62.01
34.57,34.57,26.66,36.30,60.20
33.53,33.53,26.56,35.79,60.86
31.15,31.15,23.40,38.56,61.05
27.03,27.03,19.72,35.86,63.15
31.11,31.11,20.60,36.31,64.01
32.01,32.01,20.92,36.45,67.98
29.47,29.47,17.40,33.91,67.12
30.68,30.68,19.10,38.72,67.05
33.98,33.98,21.15,36.66,66.67
33.80,33.80,22.01,36.10,64.65
32.53,32.53,22.24,31.18,64.07
31.83,31.83,22.13,33.95,59.95
30.91,30.91,22.77,36.54,59.58
28.52,28.52,22.14,31.79,62.52
34.82,34.82,22.64,29.46,63.81
32.55,32.55,23.27,29.34,64.78
30.96,30.96,23.29,28.93,66.71
31.57,31.57,24.00,30.47,67.31
33.01,33.01,24.43,25.50,67.09
34.10,34.10,27.20,30.61,65.10
32.69,32.69,27.38,29.17,61.06
32.67,32.67,25.83,26.69,63.92
30.83,30.83,27.57,34.38,65.89
30.62,30.62,27.95,30.32,64.89
32.40,32.40,27.73,32.77,63.65
31.33,31.33,24.93,30.12,68.59
29.70,29.70,21.28,29.51,65.00
28.59,28.59,23.37,32.66,66.74
30.45,30.45,25.79,32.11,67.81
32.12,32.12,26.73,33.79,67.54
33.70,33.70,28.98,31.82,68.37
30.64,30.64,28.70,32.18,63.99
28.93,28.93,27.73,31.65,61.69
32.43,32.43,30.69,32.08,65.21
33.84,33.84,33.02,34.15,66.41
31.17,31.17,30.01,34.49,63.32
30.60,30.60,29.02,34.12,60.85
31.03,31.03,28.18,30.92,61.18
32.95,32.95,27.93,30.06,60.42
33.43,33.43,29.41,34.15,62.10
30.62,30.62,27.48,34.41,62.15
30.81,30.81,24.71,29.84,64.22
28.51,28.51,23.53,32.13,66.80
35.75,35.75,22.22,25.35,66.95
36.33,36.33,24.22,31.94,69.00
35.73,35.73,24.72,31.51,67.21
32.44,32.44,22.65,28.19,67.94
33.61,33.61,25.50,32.71,65.40
31.06,31.06,25.55,29.04,68.27
31.59,31.59,26.68,28.21,66.55
30.42,30.42,26.93,30.20,66.24
30.16,30.16,24.29,24.72,65.15
27.77,27.77,25.58,31.87,65.10
29.97,29.97,25.48,31.81,65.26
29.58,29.58,22.15,25.89,66.00
28.31,28.31,23.77,33.00,67.73
28.18,28.18,23.36,31.19,65.37
26.73,26.73,24.71,31.55,63.01
28.53,28.53,24.49,31.61,62.41
30.43,30.43,24.36,30.63,64.53
28.67,28.67,24.95,31.90,67.43
24.47,24.47,26.07,30.52,65.61
31.10,31.10,27.16,29.37,66.14
28.31,28.31,26.84,32.81,66.91
27.21,27.21,26.11,30.12,63.92
30.08,30.08,25.61,31.08,65.52
31.72,31.72,25.89,29.04,65.69
32.06,32.06,27.16,29.95,67.07
31.91,31.91,25.54,31.35,67.61
31.70,31.70,24.22,29.59,67.70
28.44,28.44,24.04,31.31,66.66
27.22,27.22,20.61,28.34,65.94
32.04,32.04,22.09,29.33,68.20
32.18,32.18,21.66,29.73,67.81
27.31,27.31,20.86,25.67,67.53
28.81,28.81,20.55,31.69,68.37
31.99,31.99,23.11,29.31,70.30
31.28,31.28,24.04,28.44,69.68
28.33,28.33,24.77,31.06,66.14
29.04,29.04,22.91,27.48,63.74
29.63,29.63,27.63,33.57,64.60
27.59,27.59,25.87,33.56,65.54
27.32,27.32,28.92,28.60,67.00
31.15,31.15,31.03,30.82,66.18
26.49,26.49,26.81,32.41,63.24
27.30,27.30,25.35,33.15,61.19
29.36,29.36,27.79,32.08,64.20
32.49,32.49,28.92,32.03,62.53
32.53,32.53,27.11,33.24,63.24
30.27,30.27,27.93,30.16,63.52
27.63,27.63,24.59,31.10,63.93
27.71,27.71,29.31,34.86,67.89
29.72,29.72,31.05,29.63,67.45
25.89,25.89,27.23,32.17,66.60
26.99,26.99,25.50,28.62,65.94
30.14,30.14,25.70,32.32,62.35
32.72,32.72,25.45,34.31,60.66
34.37,34.37,25.37,29.16,60.77
35.13,35.13,24.58,31.88,60.93
29.66,29.66,22.37,30.47,59.98
22.34,22.34,20.94,31.67,60.54
22.78,22.78,22.29,33.70,64.85
21.77,21.77,20.41,26.89,65.55
22.31,22.31,18.41,27.36,69.63
22.26,22.26,19.23,29.88,69.56
25.46,25.46,19.92,24.33,70.21
26.19,26.19,23.06,31.03,65.85
26.24,26.24,23.46,28.75,64.15
27.78,27.78,23.04,28.61,63.51
29.44,29.44,24.84,30.22,64.49
29.92,29.92,23.72,26.16,63.72
28.48,28.48,27.15,30.96,65.32
28.90,28.90,28.73,27.22,68.95
27.47,27.47,24.55,27.60,63.18
26.89,26.89,23.66,29.94,63.56
30.16,30.16,21.35,24.23,64.27
32.31,32.31,24.19,30.11,62.47
34.45,34.45,26.08,29.37,65.28
32.24,32.24,23.17,27.57,68.35
32.26,32.26,21.87,27.78,66.95
29.48,29.48,19.93,26.01,65.92
30.46,30.46,22.49,32.21,64.46
35.91,35.91,25.90,35.91,67.11
33.26,33.26,20.82,27.46,63.28
33.11,33.11,21.02,33.31,65.29
36.44,36.44,21.43,35.49,64.43
35.18,35.18,20.65,26.32,64.53
35.83,35.83,25.61,31.82,64.01
35.26,35.26,23.82,34.48,63.58
34.62,34.62,23.75,29.43,65.65
35.76,35.76,23.49,25.49,64.99
39.31,39.31,29.03,33.41,66.74
38.39,38.39,27.66,28.07,63.33
36.25,36.25,26.04,28.61,64.25
39.16,39.16,25.98,33.62,65.92
41.55,41.55,26.15,31.32,63.37
44.00,44.00,23.62,28.60,64.64
41.70,41.70,26.72,31.72,64.22
38.86,38.86,24.36,31.51,62.01
35.03,35.03,24.10,30.47,65.10
37.62,37.62,25.79,33.62,62.82
39.79,39.79,25.11,32.50,63.78
40.09,40.09,23.30,30.77,64.52
41.33,41.33,24.33,34.04,64.49
42.32,42.32,22.00,31.29,65.83
37.03,37.03,24.70,30.85,65.44
37.21,37.21,24.50,31.10,67.70
41.98,41.98,25.37,31.31,65.48
42.18,42.18,28.08,32.69,67.63
41.75,41.75,23.87,30.69,66.36
42.24,42.24,26.48,26.10,64.83
40.29,40.29,27.94,28.34,67.64
40.44,40.44,27.82,30.91,66.64
41.55,41.55,25.45,31.63,65.35
42.36,42.36,26.41,30.10,63.33
41.07,41.07,26.15,27.63,63.20
40.18,40.18,27.43,31.60,59.80
34.90,34.90,25.78,30.52,60.34
38.81,38.81,27.09,30.67,64.76
37.85,37.85,23.18,31.76,65.79
36.46,36.46,20.46,28.19,66.97
34.11,34.11,20.31,29.26,69.82
31.54,31.54,19.05,30.26,68.36
31.90,31.90,19.81,28.00,67.69
31.46,31.46,21.31,28.87,67.38
33.95,33.95,22.18,30.56,66.11
33.83,33.83,23.91,29.96,65.89
34.05,34.05,26.66,28.92,64.18
34.28,34.28,24.16,31.32,62.74
29.53,29.53,26.86,30.45,62.45
30.93,30.93,22.87,28.61,62.38
33.56,33.56,24.68,31.20,66.44
33.77,33.77,24.10,31.37,66.90
34.38,34.38,25.43,30.24,66.94
32.45,32.45,22.72,31.26,67.42
32.99,32.99,27.28,31.20,65.26
34.07,34.07,25.94,31.26,65.64
31.59,31.59,27.18,31.33,65.18
28.70,28.70,26.19,32.33,65.56
30.68,30.68,27.26,29.94,66.55
26.77,26.77,26.89,29.77,67.41
28.41,28.41,26.26,30.61,64.97
30.58,30.58,28.12,30.76,63.45
30.38,30.38,29.73,30.53,64.44
29.97,29.97,28.28,29.70,64.65
29.40,29.40,29.54,27.22,63.07
29.56,29.56,27.59,25.46,63.39
25.22,25.22,25.46,28.39,61.79
26.78,26.78,22.69,25.13,64.29
32.21,32.21,22.04,26.10,70.22
31.69,31.69,23.09,27.96,68.47
27.31,27.31,22.42,26.08,65.36
29.49,29.49,24.24,28.85,65.58
33.14,33.14,25.98,29.24,66.84
33.93,33.93,27.16,27.45,66.27
32.57,32.57,26.01,26.05,66.36
32.69,32.69,27.60,28.30,65.39
31.35,31.35,27.69,27.37,65.32
27.57,27.57,25.07,28.22,66.65
26.98,26.98,24.52,27.70,65.29
33.83,33.83,26.78,27.14,66.20
30.63,30.63,24.72,26.82,65.44
30.89,30.89,26.85,29.37,66.58
31.59,31.59,26.70,28.26,63.76
33.77,33.77,26.61,26.72,62.05
34.54,34.54,26.63,27.04,63.13
33.39,33.39,27.02,26.32,66.10
29.86,29.86,25.98,27.86,64.41
33.86,33.86,29.05,29.33,66.26
37.61,37.61,32.37,27.06,65.44
34.86,34.86,29.25,25.74,63.94
36.33,36.33,27.24,26.84,64.55
34.08,34.08,26.51,29.00,60.52
35.17,35.17,27.12,27.72,62.96
36.70,36.70,28.13,26.81,64.26
36.03,36.03,26.55,26.32,66.61
32.84,32.84,26.67,25.44,67.68
32.19,32.19,24.25,24.63,65.15
35.55,35.55,26.62,23.98,67.47
37.35,37.35,25.69,23.62,73.42
34.44,34.44,23.69,22.82,72.36
33.75,33.75,24.13,25.33,68.00
33.19,33.19,27.32,24.34,66.39
33.75,33.75,28.54,23.70,65.29
31.48,31.48,29.39,25.33,65.93
30.74,30.74,29.34,24.38,66.80
28.71,28.71,29.19,25.43,63.41
29.12,29.12,29.15,24.78,66.88
29.80,29.80,31.20,23.06,67.48
33.17,33.17,31.00,19.55,67.28
32.63,32.63,31.32,24.29,65.04
32.69,32.69,28.87,24.03,67.69
31.79,31.79,29.94,23.85,64.46
32.35,32.35,29.33,25.34,61.90
34.64,34.64,29.71,24.14,64.00
33.38,33.38,28.28,20.55,64.24
30.63,30.63,28.21,26.12,64.67
25.46,25.46,23.11,23.63,63.06
29.84,29.84,22.31,20.21,64.74
34.73,34.73,22.40,28.79,66.98
32.40,32.40,17.58,25.45,67.37
31.40,31.40,16.12,23.60,70.33
33.86,33.86,16.98,21.55,68.72
34.34,34.34,18.63,22.52,66.45
32.86,32.86,21.01,17.88,66.19
30.36,30.36,20.07,27.61,60.46
28.15,28.15,20.10,23.18,63.64
27.05,27.05,19.29,26.47,63.16
36.48,36.48,23.86,24.83,66.25
36.63,36.63,23.95,22.24,65.77
36.22,36.22,23.49,25.59,66.63
34.72,34.72,21.32,21.73,65.21
34.23,34.23,21.04,27.40,63.31
32.81,32.81,20.24,25.57,64.25
30.04,30.04,17.02,27.65,66.63
29.54,29.54,18.42,24.55,63.65
29.59,29.59,17.41,26.76,64.58
29.01,29.01,19.67,24.63,65.62
32.79,32.79,21.44,23.73,63.75
31.41,31.41,16.90,24.69,66.22
29.06,29.06,14.00,22.07,66.79
29.29,29.29,14.27,26.06,68.33
27.57,27.57,18.16,22.46,68.66
30.26,30.26,21.01,28.57,68.69
30.34,30.34,23.41,24.36,64.21
32.80,32.80,23.52,27.52,62.30
27.44,27.44,23.43,24.50,64.04
27.94,27.94,24.81,27.16,63.94
30.31,30.31,27.18,25.10,67.17
26.67,26.67,24.20,23.60,65.29
25.91,25.91,21.67,28.41,65.61
24.23,24.23,20.05,25.41,66.77
25.69,25.69,20.52,29.40,65.67
24.68,24.68,21.84,27.36,64.42
23.43,23.43,21.15,29.02,62.22
24.19,24.19,17.73,24.42,62.82
24.65,24.65,16.81,25.39,65.34
30.48,30.48,19.47,25.00,67.98
31.81,31.81,20.16,24.65,71.14
30.65,30.65,18.20,27.90,66.66
26.92,26.92,16.09,25.57,65.99
27.98,27.98,18.54,27.60,66.06
26.95,26.95,18.29,27.71,67.69
26.70,26.70,19.26,29.12,66.02
23.70,23.70,20.14,28.69,64.63
23.52,23.52,19.27,27.68,64.38
23.37,23.37,18.72,28.24,65.19
30.00,30.00,20.92,27.69,64.81
32.13,32.13,21.00,27.17,65.43
29.85,29.85,21.42,28.69,63.91
26.60,26.60,19.17,27.37,63.70
25.86,25.86,18.49,28.47,64.86
24.78,24.78,18.50,29.29,65.01
23.24,23.24,17.74,28.27,66.78
24.62,24.62,18.61,30.26,67.90
23.42,23.42,18.63,26.51,66.65
29.94,29.94,21.94,27.82,66.78
31.27,31.27,23.02,24.94,68.72
26.67,26.67,21.71,27.78,66.47
23.28,23.28,18.88,26.11,66.67
23.40,23.40,20.73,28.56,65.95
22.97,22.97,19.38,27.27,66.18
22.42,22.42,18.59,27.92,65.16
23.36,23.36,17.07,26.84,67.34
21.89,21.89,16.19,25.19,66.16
24.21,24.21,15.17,29.25,67.25
28.35,28.35,17.32,22.84,68.95
27.63,27.63,17.36,27.57,68.90
25.43,25.43,15.56,23.86,66.88
24.87,24.87,17.14,27.12,67.57
27.56,27.56,16.02,29.44,67.43
25.66,25.66,16.09,28.03,66.44
24.56,24.56,14.55,28.45,62.25
24.11,24.11,16.03,26.84,68.38
22.00,22.00,14.90,27.71,68.94
22.32,22.32,16.39,26.08,67.63
24.33,24.33,17.77,26.49,68.24
30.32,30.32,21.18,26.12,66.43
26.43,26.43,20.46,29.01,68.84
23.02,23.02,15.94,25.54,68.15
22.33,22.33,14.31,26.75,67.70
23.10,23.10,17.48,24.90,67.93
24.18,24.18,20.15,24.99,66.89
24.49,24.49,21.39,29.19,66.17
23.10,23.10,18.89,23.86,67.04
28.47,28.47,21.51,29.57,65.22
31.94,31.94,24.97,23.86,66.44
28.08,28.08,22.69,28.86,67.16
23.08,23.08,20.10,26.97,68.56
22.36,22.36,20.48,30.10,68.36
21.51,21.51,23.02,27.57,65.77
23.65,23.65,21.63,29.61,65.85
22.55,22.55,19.97,28.58,67.03
21.02,21.02,18.36,27.22,66.46
19.73,19.73,14.93,31.04,65.63
24.83,24.83,14.70,24.49,69.59
25.79,25.79,14.46,30.85,71.68
25.13,25.13,12.08,26.17,69.14
23.17,23.17,12.92,30.60,69.11
23.95,23.95,14.36,27.53,69.18
24.29,24.29,17.42,28.68,66.71
24.73,24.73,17.17,27.86,65.65
26.29,26.29,16.49,29.42,66.97
24.32,24.32,19.05,31.19,65.42
23.71,23.71,16.18,28.36,67.48
25.29,25.29,20.34,33.81,68.91
27.56,27.56,21.96,29.45,67.55
24.78,24.78,20.44,33.92,67.00
22.34,22.34,21.45,29.64,69.16
25.02,25.02,22.16,33.78,68.30
25.20,25.20,21.74,28.48,68.31
23.21,23.21,22.80,31.38,68.19
23.24,23.24,22.97,31.37,67.43
24.18,24.18,18.28,28.53,63.94
21.72,21.72,17.67,33.74,66.22
21.59,21.59,16.36,26.24,67.80
26.79,26.79,18.33,34.76,68.01
20.02,20.02,15.53,30.83,65.12
24.26,24.26,13.86,28.19,68.61
26.18,26.18,14.22,30.49,66.37
25.56,25.56,15.96,26.87,66.35
24.86,24.86,18.76,27.92,66.29
24.61,24.61,17.92,26.31,66.39
24.42,24.42,18.18,25.30,66.95
24.22,24.22,15.12,31.16,67.54
31.29,31.29,19.58,29.45,66.77
29.89,29.89,18.77,18.15,68.70
28.88,28.88,20.37,31.28,68.21
28.47,28.47,21.85,26.41,67.15
27.11,27.11,24.18,28.14,67.25
24.29,24.29,25.26,26.27,68.93
23.75,23.75,24.75,20.94,68.09
26.19,26.19,24.25,31.20,68.93
25.33,25.33,24.66,21.75,66.83
22.60,22.60,25.10,27.88,67.99
24.04,24.04,22.33,28.60,68.36
22.28,22.28,21.64,20.71,69.11
21.97,21.97,20.75,29.21,68.61
23.91,23.91,25.76,27.54,67.20
23.22,23.22,23.14,24.27,67.54
24.01,24.01,25.08,29.73,66.53
26.52,26.52,25.55,21.78,66.65
27.57,27.57,27.18,27.28,66.98
25.20,25.20,26.74,26.81,68.37
26.33,26.33,29.10,27.52,69.10
25.36,25.36,29.35,28.30,69.34
24.86,24.86,30.49,26.81,67.42
24.64,24.64,34.04,25.56,67.33
22.51,22.51,33.99,23.04,66.21
21.74,21.74,33.37,21.84,68.31
21.76,21.76,39.12,27.88,69.37
22.49,22.49,32.86,24.67,68.47
21.69,21.69,35.89,18.77,66.13
20.59,20.59,35.06,27.06,67.74
23.93,23.93,32.41,25.19,66.50
25.21,25.21,35.47,26.13,67.79
21.42,21.42,31.41,24.35,68.96
22.54,22.54,36.27,22.81,66.17
21.19,21.19,36.11,27.13,65.83
22.98,22.98,32.80,24.64,68.44
24.08,24.08,36.65,20.91,69.43
24.27,24.27,36.11,25.93,67.34
23.82,23.82,35.63,26.03,66.61
23.09,23.09,36.80,25.53,66.20
24.47,24.47,32.67,24.40,67.21
22.55,22.55,36.73,23.42,67.98
21.94,21.94,35.79,24.34,68.61
22.13,22.13,34.62,24.10,64.88
21.82,21.82,38.02,25.50,65.99
23.60,23.60,30.74,21.30,65.75
23.16,23.16,35.84,23.85,66.93
23.44,23.44,39.16,25.72,67.82
22.88,22.88,37.72,23.60,67.85
22.30,22.30,39.68,26.95,67.66
21.48,21.48,35.31,23.61,68.09
20.76,20.76,35.52,26.72,63.98
22.90,22.90,39.79,23.15,63.53
24.68,24.68,36.45,25.46,67.75
22.62,22.62,37.35,28.10,65.21
23.31,23.31,37.52,26.30,67.04
24.73,24.73,32.82,21.80,67.11
21.87,21.87,38.77,28.66,66.88
20.47,20.47,32.34,20.74,67.39
19.89,19.89,35.31,26.07,69.08
18.77,18.77,36.16,25.76,70.50
19.63,19.63,32.69,23.83,69.21
19.53,19.53,38.62,27.42,69.73
21.39,21.39,33.31,25.85,68.74
20.99,20.99,34.47,24.75,70.93
20.60,20.60,38.13,30.40,68.93
20.51,20.51,33.27,25.64,67.14
20.85,20.85,36.46,28.97,68.50
22.39,22.39,35.59,29.48,68.38
22.96,22.96,33.68,21.39,68.49
23.26,23.26,38.64,29.84,68.94
21.53,21.53,34.54,24.28,67.60
21.16,21.16,34.63,26.56,65.15
20.94,20.94,32.00,30.29,66.96
22.37,22.37,28.67,21.75,68.87
22.69,22.69,33.39,32.09,70.64
20.98,20.98,32.70,26.28,68.34
21.47,21.47,31.08,25.77,67.79
20.13,20.13,30.87,30.13,68.27
19.91,19.91,28.39,24.68,69.62
20.38,20.38,28.36,29.97,67.90
20.88,20.88,28.46,31.45,67.23
22.62,22.62,28.72,25.98,67.90
24.74,24.74,29.71,30.57,69.82
24.37,24.37,28.67,27.02,67.12
25.37,25.37,30.65,28.80,67.48
23.89,23.89,27.32,30.87,64.42
22.77,22.77,27.47,24.20,67.64
22.57,22.57,26.19,31.07,68.62
22.82,22.82,25.96,28.45,69.06
22.74,22.74,28.63,28.53,69.22
22.24,22.24,28.02,32.66,67.71
21.56,21.56,30.03,23.68,69.72
23.89,23.89,33.54,30.31,68.43
24.42,24.42,34.24,28.36,66.20
23.61,23.61,35.54,25.47,69.40
23.34,23.34,35.83,32.20,67.99
22.29,22.29,31.52,23.23,67.40
23.77,23.77,36.89,27.64,69.86
23.12,23.12,38.00,29.21,70.80
21.23,21.23,39.52,26.87,68.14
22.39,22.39,37.41,29.54,68.59
21.93,21.93,36.83,27.28,67.71
22.89,22.89,38.72,23.90,67.68
22.99,22.99,40.21,26.52,67.31
23.98,23.98,38.25,23.11,68.37
23.70,23.70,40.42,27.11,68.69
22.88,22.88,34.49,26.15,66.22
22.28,22.28,36.06,28.16,67.14
22.08,22.08,28.44,27.99,68.29
21.74,21.74,29.90,27.26,67.79
21.86,21.86,28.12,27.99,69.08
22.08,22.08,26.93,28.06,69.61
22.42,22.42,27.58,28.95,68.82
22.88,22.88,26.59,30.52,67.49
22.43,22.43,26.41,25.37,67.64
21.80,21.80,28.00,26.72,66.90
21.65,21.65,29.21,28.29,66.85
21.33,21.33,29.84,28.42,67.90
22.18,22.18,31.68,30.09,68.66
21.65,21.65,31.46,20.84,69.60
21.53,21.53,32.84,24.35,68.95
20.22,20.22,36.31,28.53,67.95
20.61,20.61,35.16,28.02,67.17
20.97,20.97,34.78,26.94,68.23
22.40,22.40,31.12,29.68,68.05
23.14,23.14,33.71,23.78,69.92
21.58,21.58,34.13,32.50,70.58
22.24,22.24,34.60,28.90,69.40
21.53,21.53,33.25,27.01,68.67
21.55,21.55,33.20,27.46,67.37
21.38,21.38,32.10,26.62,66.88
21.54,21.54,34.96,30.60,68.12
22.16,22.16,35.61,26.80,69.87
20.97,20.97,35.29,24.44,67.57
19.41,19.41,34.30,22.38,67.50
19.25,19.25,33.29,19.28,66.81
19.13,19.13,33.33,23.18,68.22
19.52,19.52,34.40,23.23,67.63
19.57,19.57,33.59,22.98,69.06
19.42,19.42,35.06,24.06,69.86
20.40,20.40,36.51,24.51,68.94
22.25,22.25,36.16,25.68,68.53
21.38,21.38,38.02,25.94,69.23
22.23,22.23,37.03,27.16,69.40
22.21,22.21,38.29,26.65,69.02
21.47,21.47,35.97,22.51,67.42
22.17,22.17,33.76,22.14,66.65
22.65,22.65,36.43,26.43,66.71
23.20,23.20,35.19,25.02,67.20
22.36,22.36,34.15,25.16,68.56
23.12,23.12,35.02,23.25,68.44
22.78,22.78,33.52,21.26,67.56
21.83,21.83,34.75,24.33,68.19
21.82,21.82,34.39,23.25,70.11
22.44,22.44,33.46,22.68,69.27
20.86,20.86,35.86,22.74,66.82
20.38,20.38,33.66,20.67,68.10
19.56,19.56,34.18,22.68,67.55
21.23,21.23,33.57,19.36,67.04
21.55,21.55,32.99,20.45,67.42
20.75,20.75,33.17,23.80,67.65
21.75,21.75,34.56,24.24,67.72
23.58,23.58,34.26,25.41,69.59
22.16,22.16,34.36,21.33,66.80
22.82,22.82,34.77,21.05,65.91
22.85,22.85,34.66,21.35,68.20
21.68,21.68,33.65,18.52,68.55
22.04,22.04,35.52,21.57,67.81
22.77,22.77,35.36,22.04,68.47
22.85,22.85,34.96,21.52,68.24
21.30,21.30,34.60,14.98,68.69
21.81,21.81,34.89,19.75,68.35
23.89,23.89,36.64,20.98,68.68
22.56,22.56,35.36,19.93,68.54
24.29,24.29,35.94,18.93,67.96
24.58,24.58,36.80,21.04,68.95
22.07,22.07,36.41,20.96,68.13
22.94,22.94,35.58,15.64,67.30
22.17,22.17,36.63,23.33,66.73
22.83,22.83,35.81,22.38,67.06
23.40,23.40,35.52,20.03,66.78
22.01,22.01,36.49,19.08,67.13
20.76,20.76,37.47,19.48,67.29
21.22,21.22,37.09,20.43,66.21
21.04,21.04,36.92,19.17,67.49
22.38,22.38,35.80,21.37,67.98
23.49,23.49,35.63,22.03,69.88
24.01,24.01,35.69,20.99,69.48
24.16,24.16,35.77,20.42,68.02
22.79,22.79,34.91,22.77,67.82
22.97,22.97,36.92,19.99,68.97
23.80,23.80,37.93,20.09,67.09
25.22,25.22,38.36,23.66,68.38
25.47,25.47,37.98,23.91,69.86
25.04,25.04,39.02,23.06,69.49
25.48,25.48,38.47,21.62,69.22
25.71,25.71,38.15,22.66,68.40
24.86,24.86,37.94,17.47,67.40
25.66,25.66,38.60,22.63,69.14
25.19,25.19,38.39,23.71,67.30
25.24,25.24,35.53,18.32,68.20
25.74,25.74,36.94,24.01,69.35
24.77,24.77,41.89,24.03,68.92
23.27,23.27,39.86,17.80,69.20
23.40,23.40,35.53,17.12,68.36
24.92,24.92,35.41,17.45,69.70
24.99,24.99,33.40,21.53,67.70
25.49,25.49,34.16,33.50,68.15
26.18,26.18,33.84,36.92,70.49
24.85,24.85,34.28,44.89,68.75
23.56,23.56,34.27,48.07,68.23
23.88,23.88,35.52,56.44,67.92
24.25,24.25,39.05,69.59,67.66
25.79,25.79,49.59,68.78,67.84
26.94,26.94,57.11,73.83,66.53
27.95,27.95,62.26,73.60,68.62
28.09,28.09,63.26,70.48,67.41
28.83,28.83,66.60,73.81,66.50
29.57,29.57,62.60,70.94,69.38
30.71,30.71,64.43,74.63,69.73
30.44,30.44,57.51,75.93,67.65
29.26,29.26,56.95,79.41,69.30
26.50,26.50,60.62,76.96,68.65
22.83,22.83,68.73,74.43,65.15
15.01,15.01,72.82,52.57,61.53
14.73,14.73,69.66,47.61,59.60
20.03,20.03,70.47,55.01,57.61
23.92,23.92,77.27,58.91,56.84
25.66,25.66,76.57,48.58,54.65
28.14,28.14,77.59,58.78,57.83
28.57,28.57,76.42,62.24,56.70
28.52,28.52,73.70,57.04,57.73
30.42,30.42,75.79,51.68,57.22
29.45,29.45,74.17,49.28,57.22
29.76,29.76,77.05,47.81,53.03
30.90,30.90,75.08,49.09,53.01
31.57,31.57,73.00,55.90,53.18
31.92,31.92,73.71,52.34,55.21
31.10,31.10,67.53,56.14,52.92
31.57,31.57,68.52,54.51,53.83
30.28,30.28,54.92,50.97,53.71
30.03,30.03,52.72,50.44,56.25
30.82,30.82,50.94,50.50,55.81
30.57,30.57,49.52,42.03,54.02
30.88,30.88,46.25,44.82,53.72
32.32,32.32,45.54,37.31,52.24
30.14,30.14,43.94,33.21,53.75
29.49,29.49,44.23,33.53,55.40
30.51,30.51,40.38,30.97,54.31
30.07,30.07,41.72,32.18,54.97
29.89,29.89,43.50,40.58,53.97
30.77,30.77,41.10,30.87,57.09
29.03,29.03,41.52,31.61,57.61
29.01,29.01,39.26,30.57,52.94
29.55,29.55,38.75,28.74,53.07
29.17,29.17,33.78,25.27,51.26
28.54,28.54,33.53,22.75,58.51
27.86,27.86,35.87,26.74,60.13
28.56,28.56,41.40,32.69,60.28
29.58,29.58,40.13,29.04,61.26
32.86,32.86,37.20,22.62,61.41
31.43,31.43,37.54,24.99,57.74
30.96,30.96,35.28,26.38,52.72
31.60,31.60,38.51,27.74,48.60
29.53,29.53,36.97,27.84,48.42
31.27,31.27,36.78,27.87,54.35
31.49,31.49,33.85,27.14,56.74
35.17,35.17,37.14,26.54,57.15
33.89,33.89,33.74,22.69,60.07
36.77,36.77,36.33,26.86,53.91
38.15,38.15,35.50,25.74,54.20
36.26,36.26,34.52,20.70,56.26
35.47,35.47,31.02,24.17,61.30
35.96,35.96,33.18,24.69,61.34
34.93,34.93,34.58,24.80,58.89
34.98,34.98,33.20,23.65,55.75
34.49,34.49,32.71,24.49,57.22
38.63,38.63,33.57,26.41,62.57
36.88,36.88,31.28,26.45,56.47
34.53,34.53,31.92,24.75,54.88
37.49,37.49,35.42,23.93,56.33
36.63,36.63,38.04,24.39,57.78
37.09,37.09,37.07,23.88,55.39
39.11,39.11,33.88,26.79,56.76
37.64,37.64,38.25,21.96,55.08
37.11,37.11,38.40,27.92,56.43
37.65,37.65,36.86,28.31,54.04
39.36,39.36,36.95,28.29,54.54
40.56,40.56,38.86,28.35,54.64
40.81,40.81,41.26,26.14,59.21
38.71,38.71,40.89,24.86,54.38
38.93,38.93,40.74,26.08,58.78
39.88,39.88,41.70,30.41,55.67
40.96,40.96,42.73,29.62,56.75
40.17,40.17,43.46,30.55,57.99
39.87,39.87,46.56,28.26,61.09
40.13,40.13,45.99,24.62,61.22
38.70,38.70,48.41,27.08,58.09
36.59,36.59,47.03,28.61,60.72
34.11,34.11,48.27,32.34,65.46
34.73,34.73,51.15,34.07,65.16
35.99,35.99,54.83,33.69,63.51
37.21,37.21,53.39,33.36,63.96
36.40,36.40,53.46,32.58,64.07
35.72,35.72,54.94,33.30,62.42
32.70,32.70,53.58,32.57,62.78
33.52,33.52,54.77,30.45,64.22
32.79,32.79,56.18,34.35,61.70
31.56,31.56,57.21,33.07,66.83
26.83,26.83,59.13,25.41,66.50
21.21,21.21,64.94,26.52,67.05
15.22,15.22,67.45,22.84,61.19
17.12,17.12,74.58,17.46,47.02
17.67,17.67,75.07,1.12,35.43
18.00,18.00,76.62,2.05,26.94
20.68,20.68,78.84,9.54,32.68
24.19,24.19,78.37,13.80,36.20
26.32,26.32,78.11,20.54,38.70
26.65,26.65,79.45,21.85,42.01
27.49,27.49,77.63,17.14,39.81
27.76,27.76,76.88,25.43,38.06
25.49,25.49,79.94,26.23,33.19
18.12,18.12,76.56,30.10,25.09
8.79,8.79,78.99,26.05,16.03
1.91,1.91,74.55,15.93,8.47
0.00,0.00,75.31,24.87,8.91
-0.00,-0.00,71.62,35.99,5.88
-0.00,-0.00,66.89,34.65,15.46
-0.00,-0.00,59.68,24.57,19.21
-0.00,-0.00,51.80,11.32,23.92
-0.00,-0.00,44.43,5.93,23.92
-0.00,-0.00,39.57,8.86,21.32
-0.00,-0.00,35.06,10.74,20.10
-0.00,-0.00,27.35,5.41,13.20
-0.00,-0.00,25.80,8.08,13.97
-0.00,-0.00,22.01,6.14,12.01
-0.00,-0.00,16.40,3.66,7.82
0.59,0.59,10.74,1.64,4.62
6.15,6.15,11.60,5.38,10.29
18.09,18.09,29.87,11.01,18.14
17.20,17.20,40.69,18.90,20.65
29.58,29.58,61.39,22.89,28.16
36.36,36.36,76.26,23.75,30.16
46.74,46.74,77.58,17.92,35.63
51.56,51.56,79.08,22.20,38.12
57.84,57.84,78.19,32.17,41.54
59.64,59.64,79.66,34.84,44.82
62.27,62.27,80.25,39.79,51.81
63.04,63.04,81.52,48.28,54.58
64.59,64.59,78.71,55.16,56.28
65.02,65.02,80.15,60.70,55.93
63.64,63.64,75.02,58.67,60.49
67.20,67.20,77.57,68.76,64.24
64.43,64.43,76.28,75.96,64.50
64.95,64.95,69.14,69.64,63.51
65.71,65.71,67.76,67.68,61.67
66.20,66.20,63.46,66.97,58.26
67.35,67.35,53.80,66.09,62.13
65.74,65.74,41.72,63.57,64.78
66.76,66.76,43.05,63.68,63.78
65.97,65.97,37.16,63.71,61.56
65.28,65.28,28.43,67.79,62.64
63.41,63.41,24.65,72.58,64.45
62.92,62.92,24.02,69.87,64.44
58.38,58.38,21.63,73.52,62.77
52.80,52.80,18.96,75.30,64.16
52.36,52.36,17.36,72.98,61.48
55.44,55.44,26.77,72.46,61.48
66.01,66.01,44.17,70.90,61.86
63.30,63.30,55.43,71.17,56.24
69.76,69.76,63.44,69.33,51.92
66.89,66.89,74.52,65.54,49.90
73.03,73.03,78.35,58.09,47.06
70.24,70.24,78.86,50.37,48.03
67.99,67.99,80.09,50.17,50.78
68.57,68.57,80.39,49.12,43.85
69.76,69.76,79.72,46.56,43.74
68.34,68.34,78.52,43.98,47.52
69.17,69.17,80.21,49.92,46.76
70.86,70.86,77.19,58.17,49.51
68.25,68.25,79.08,59.01,49.21
71.04,71.04,74.28,58.44,51.08
72.27,72.27,76.59,75.32,53.08
73.10,73.10,74.13,71.39,54.04
69.02,69.02,67.22,65.68,54.24
66.36,66.36,63.98,63.23,53.78
67.35,67.35,57.31,63.24,54.95
66.63,66.63,46.22,63.58,54.12
66.20,66.20,43.70,64.48,52.39
63.17,63.17,35.76,63.04,52.29
71.67,71.67,26.32,64.75,51.36
75.02,75.02,24.27,68.58,54.75
71.57,71.57,24.10,72.32,55.71
65.05,65.05,23.34,71.01,55.14
59.02,59.02,18.98,73.33,54.74
58.11,58.11,21.17,74.25,56.44
51.61,51.61,26.91,72.97,56.18
46.20,46.20,40.29,72.23,56.07
45.66,45.66,49.93,71.14,53.14
42.17,42.17,57.55,68.45,45.79
58.93,58.93,74.11,67.04,48.46
63.37,63.37,76.17,61.47,46.37
71.65,71.65,79.95,55.34,46.70
69.61,69.61,80.48,54.29,44.51
72.02,72.02,78.71,52.57,44.31
72.52,72.52,79.22,51.63,44.22
73.13,73.13,80.65,50.54,45.86
73.35,73.35,77.99,54.55,42.29
73.90,73.90,77.84,58.22,44.63
74.07,74.07,77.18,58.15,45.16
74.94,74.94,78.03,64.23,53.00
74.37,74.37,74.00,74.55,55.73
74.36,74.36,74.58,72.19,56.73
74.42,74.42,70.32,67.96,52.10
74.32,74.32,65.33,66.28,52.30
74.00,74.00,55.88,64.03,48.98
73.23,73.23,51.45,63.69,50.03
72.95,72.95,43.92,61.63,46.96
71.53,71.53,39.74,62.02,47.38
70.97,70.97,30.69,63.97,45.72
72.46,72.46,25.66,63.51,51.15
72.12,72.12,25.06,66.05,55.24
71.27,71.27,25.36,66.66,56.27
69.74,69.74,26.79,71.46,56.57
65.21,65.21,27.95,75.02,55.01
68.41,68.41,35.76,74.08,54.83
67.91,67.91,40.60,70.88,55.32
65.98,65.98,47.08,72.75,54.48
58.61,58.61,57.00,70.94,50.21
62.23,62.23,68.48,69.42,47.82
66.73,66.73,77.14,64.16,43.45
69.45,69.45,80.36,59.55,41.79
68.33,68.33,79.54,54.71,40.16
70.09,70.09,80.84,55.02,45.35
71.24,71.24,80.32,53.02,48.05
72.08,72.08,79.09,50.65,43.62
71.68,71.68,78.18,48.39,44.47
68.66,68.66,79.43,53.16,49.93
69.98,69.98,76.83,57.79,50.42
71.56,71.56,77.64,59.65,49.48
69.52,69.52,77.58,70.01,51.48
69.43,69.43,72.90,73.39,51.56
68.44,68.44,71.29,68.58,51.78
69.11,69.11,67.80,65.71,52.04
67.93,67.93,61.65,64.49,51.73
66.95,66.95,50.66,65.00,51.01
66.93,66.93,36.79,64.18,48.67
65.81,65.81,38.15,62.58,49.01
65.02,65.02,38.04,61.92,47.11
64.93,64.93,35.22,67.47,52.39
71.02,71.02,28.91,72.35,54.73
74.87,74.87,25.17,71.16,51.96
70.32,70.32,20.49,72.70,53.22
68.08,68.08,19.37,74.16,52.36
66.32,66.32,20.43,73.52,50.66
66.52,66.52,32.20,72.00,50.34
67.94,67.94,43.66,71.66,45.02
67.97,67.97,54.75,69.97,47.42
66.62,66.62,67.69,67.41,42.19
65.77,65.77,74.76,63.88,42.84
68.52,68.52,79.19,55.64,41.90
73.86,73.86,79.00,49.57,42.98
73.01,73.01,79.23,49.12,43.03
72.86,72.86,79.36,46.25,46.54
72.59,72.59,80.53,48.53,49.41
72.40,72.40,79.62,47.34,49.36
72.88,72.88,76.83,54.29,55.39
72.87,72.87,79.47,61.99,55.21
71.96,71.96,75.87,63.12,55.37
70.73,70.73,76.91,66.44,62.91
70.53,70.53,76.68,71.71,62.70
72.24,72.24,70.11,70.82,61.59
72.53,72.53,67.03,65.71,61.34
71.98,71.98,63.49,67.79,58.58
71.54,71.54,55.55,67.31,58.31
71.94,71.94,39.02,65.97,56.20
71.33,71.33,33.30,66.97,57.21
70.80,70.80,26.82,64.60,61.11
70.52,70.52,24.35,63.86,62.80
70.35,70.35,25.95,72.32,64.40
69.81,69.81,21.63,75.42,61.84
68.42,68.42,20.62,70.78,61.58
68.44,68.44,22.98,69.25,59.24
63.90,63.90,25.61,68.24,58.13
61.68,61.68,33.70,67.01,60.92
58.31,58.31,49.12,68.15,63.20
55.18,55.18,56.30,65.18,57.44
50.26,50.26,59.90,66.95,50.91
53.56,53.56,76.38,63.20,45.44
49.33,49.33,78.55,61.15,45.23
53.97,53.97,79.70,49.40,44.30
57.28,57.28,80.17,38.27,46.64
57.73,57.73,81.08,48.07,47.73
56.63,56.63,79.96,51.40,46.06
53.66,53.66,78.55,51.08,47.58
53.21,53.21,80.76,56.92,47.97
50.19,50.19,76.57,59.79,49.59
47.17,47.17,79.35,62.99,49.91
53.56,53.56,74.47,66.02,60.50
53.28,53.28,74.89,73.84,57.68
50.93,50.93,74.47,74.57,55.29
49.58,49.58,70.29,70.24,58.46
50.47,50.47,63.88,71.16,57.52
59.25,59.25,56.18,70.20,57.41
68.13,68.13,36.79,68.77,54.44
68.81,68.81,31.02,66.24,52.92
68.16,68.16,24.91,66.32,52.64
75.07,75.07,23.27,63.84,52.65
76.52,76.52,21.85,65.71,52.39
75.09,75.09,21.96,70.58,53.56
74.15,74.15,21.29,73.30,50.21
73.00,73.00,21.15,65.65,50.50
72.30,72.30,22.56,73.68,51.71
70.09,70.09,27.23,75.01,50.91
69.36,69.36,44.86,74.63,49.57
68.13,68.13,54.93,70.64,49.96
65.96,65.96,60.44,73.23,46.98
64.18,64.18,71.47,71.36,44.91
61.20,61.20,77.77,70.71,43.54
59.32,59.32,77.89,67.47,44.21
62.10,62.10,81.20,60.91,41.90
60.40,60.40,79.58,56.00,42.72
59.92,59.92,79.76,61.41,43.55
57.80,57.80,80.28,56.37,45.83
57.79,57.79,77.61,56.47,50.27
55.80,55.80,79.46,60.14,52.69
54.29,54.29,75.79,62.63,51.62
53.97,53.97,78.51,65.27,58.26
51.08,51.08,75.03,70.29,60.31
49.11,49.11,74.47,73.91,59.07
49.24,49.24,70.92,68.81,57.76
47.99,47.99,66.00,67.05,57.71
47.67,47.67,58.76,67.37,58.00
49.12,49.12,49.33,65.83,57.70
47.18,47.18,39.24,66.01,56.08
46.51,46.51,32.85,65.62,53.39
43.25,43.25,32.16,64.69,51.50
46.19,46.19,36.47,69.99,59.20
46.33,46.33,31.89,74.91,59.12
43.87,43.87,25.48,73.67,57.21
46.43,46.43,24.00,66.61,57.52
47.97,47.97,23.60,69.31,54.34
50.58,50.58,24.17,66.92,54.18
57.95,57.95,38.12,69.69,50.60
63.38,63.38,52.62,67.52,48.23
60.89,60.89,60.81,64.23,44.74
62.08,62.08,69.09,64.33,43.28
60.65,60.65,76.42,60.71,40.09
60.70,60.70,78.46,54.52,41.90
60.97,60.97,80.07,45.94,43.59
56.70,56.70,81.36,47.97,44.43
47.34,47.34,80.19,48.31,44.13
42.63,42.63,79.34,49.81,41.15
42.99,42.99,80.23,52.56,44.07
46.62,46.62,78.28,57.06,46.51
66.66,66.66,78.35,63.39,48.19
65.30,65.30,76.10,63.36,50.23
64.58,64.58,76.93,70.53,54.87
71.89,71.89,73.44,74.00,51.65
69.82,69.82,70.15,72.76,53.27
70.67,70.67,69.34,70.46,53.84
70.84,70.84,61.77,68.55,51.80
71.55,71.55,46.65,68.11,51.70
71.11,71.11,34.40,69.31,49.49
71.50,71.50,30.04,67.60,48.31
70.98,70.98,27.17,65.86,48.09
71.77,71.77,29.91,61.83,50.42
71.03,71.03,36.90,68.35,54.11
70.42,70.42,40.04,71.53,52.75
70.05,70.05,40.40,75.93,52.05
65.86,65.86,35.19,69.97,54.45
57.94,57.94,29.45,73.47,52.92
63.75,63.75,38.59,72.68,52.58
67.37,67.37,45.83,72.67,50.16
65.79,65.79,55.80,73.44,44.42
63.10,63.10,62.13,73.33,43.36
60.83,60.83,76.99,69.40,45.60
64.34,64.34,77.78,70.09,45.87
67.56,67.56,79.88,63.02,47.94
68.26,68.26,81.47,50.86,48.08
69.39,69.39,79.80,57.15,50.70
68.57,68.57,80.09,52.56,49.64
68.84,68.84,78.73,49.57,52.63
68.69,68.69,77.31,50.09,55.16
68.81,68.81,79.15,52.27,55.18
69.19,69.19,77.35,57.21,56.29
68.70,68.70,75.39,60.19,59.52
68.46,68.46,76.93,62.26,57.99
69.50,69.50,72.46,65.70,58.38
66.19,66.19,66.47,67.75,55.39
62.88,62.88,63.31,68.94,59.07
60.36,60.36,55.14,66.90,58.42
57.15,57.15,43.08,68.05,59.26
55.00,55.00,34.71,68.46,57.87
52.51,52.51,34.75,67.58,60.13
48.39,48.39,36.50,66.55,60.73
53.86,53.86,37.93,64.40,60.83
50.19,50.19,33.55,64.13,60.06
49.42,49.42,31.19,72.47,60.57
46.64,46.64,29.07,71.94,66.84
44.23,44.23,27.05,73.31,67.19
43.98,43.98,32.35,69.18,65.65
44.07,44.07,42.59,72.51,60.77
38.96,38.96,52.25,66.24,61.89
26.89,26.89,55.82,70.99,54.35
37.06,37.06,77.26,67.09,47.37
36.38,36.38,77.59,65.61,42.15
40.51,40.51,79.81,65.11,45.94
45.48,45.48,80.00,60.77,49.18
45.26,45.26,81.32,55.03,49.74
47.34,47.34,79.59,48.43,49.29
46.72,46.72,79.46,49.03,49.86
43.46,43.46,80.47,45.40,52.42
38.53,38.53,76.23,52.77,57.26
32.58,32.58,79.08,58.40,53.05
31.16,31.16,77.06,59.67,59.12
30.75,30.75,75.50,64.49,56.40
38.04,38.04,75.04,61.62,52.44
44.73,44.73,69.07,67.61,54.69
48.69,48.69,63.08,69.38,54.81
59.50,59.50,56.17,66.99,55.06
68.80,68.80,47.14,70.21,53.59
70.99,70.99,33.82,70.34,54.20
70.69,70.69,23.82,66.19,52.40
76.32,76.32,25.63,68.37,52.58
75.49,75.49,29.72,64.86,50.26
74.14,74.14,24.40,61.47,48.85
73.53,73.53,27.19,68.41,50.67
72.68,72.68,21.43,73.56,50.43
72.70,72.70,16.50,74.30,49.29
71.76,71.76,24.51,70.89,48.71
72.15,72.15,45.53,72.38,47.40
70.05,70.05,56.23,68.64,44.64
66.67,66.67,60.36,72.49,41.20
66.18,66.18,71.86,65.65,41.69
61.64,61.64,76.69,70.41,37.76
59.97,59.97,79.28,68.81,42.16
62.04,62.04,79.40,63.92,41.42
59.96,59.96,81.42,61.67,39.59
61.14,61.14,79.85,56.62,38.78
58.75,58.75,79.77,55.47,40.95
58.98,58.98,77.80,52.71,44.59
56.84,56.84,79.37,56.76,45.24
55.57,55.57,75.69,53.62,47.10
55.76,55.76,78.86,60.77,50.40
54.84,54.84,76.47,63.56,55.31
53.64,53.64,72.68,60.54,55.83
52.40,52.40,70.93,70.11,55.66
49.88,49.88,65.88,66.43,55.93
48.63,48.63,57.86,69.20,53.10
48.21,48.21,46.97,65.91,52.35
45.97,45.97,33.06,67.62,53.82
46.57,46.57,29.68,67.10,50.69
41.23,41.23,28.01,68.70,51.08
47.08,47.08,33.95,66.23,51.87
48.08,48.08,32.52,64.51,56.46
46.60,46.60,24.34,65.98,53.50
49.60,49.60,22.83,73.26,50.78
51.39,51.39,21.81,71.29,50.09
55.15,55.15,24.87,72.94,48.35
55.17,55.17,37.12,69.13,46.33
54.00,54.00,48.33,70.53,43.40
50.93,50.93,55.46,68.63,38.42
48.15,48.15,65.70,65.85,40.82
47.04,47.04,77.07,69.63,40.92
49.92,49.92,79.27,67.38,43.16
51.09,51.09,81.04,63.00,43.12
47.56,47.56,80.43,56.41,43.64
44.73,44.73,80.37,51.60,45.91
40.10,40.10,79.52,47.53,42.90
42.44,42.44,81.22,50.80,42.59
49.71,49.71,76.84,46.95,41.78
60.93,60.93,79.42,54.11,44.24
64.48,64.48,75.68,62.21,45.50
63.07,63.07,78.45,59.27,48.45
67.89,67.89,76.06,63.22,45.71
70.14,70.14,69.35,62.66,49.02
67.76,67.76,67.12,68.51,49.12
69.37,69.37,61.31,69.27,48.70
68.61,68.61,52.63,70.47,47.81
68.18,68.18,41.68,69.52,47.55
65.95,65.95,34.51,68.25,46.74
67.15,67.15,36.92,68.69,47.28
63.17,63.17,36.21,65.98,49.02
65.41,65.41,25.92,67.37,49.53
70.04,70.04,20.98,66.02,43.48
69.25,69.25,15.43,75.80,45.14
69.58,69.58,15.09,73.44,43.89
69.06,69.06,16.76,72.39,44.70
65.85,65.85,31.78,70.88,46.63
63.11,63.11,43.75,70.59,43.78
51.89,51.89,51.34,69.94,36.54
56.87,56.87,64.94,68.04,39.23
64.84,64.84,74.90,70.08,40.53
69.25,69.25,77.94,67.26,38.46
71.67,71.67,79.52,68.36,38.83
70.17,70.17,81.35,60.12,41.47
69.57,69.57,80.33,47.45,41.88
69.94,69.94,79.49,63.61,47.60
69.11,69.11,78.42,58.42,47.22
69.64,69.64,78.84,46.21,49.30
68.70,68.70,77.76,57.68,51.69
69.31,69.31,77.98,56.94,53.16
71.82,71.82,74.37,61.75,58.47
69.09,69.09,75.81,62.91,58.68
68.52,68.52,72.84,67.15,57.74
69.42,69.42,66.59,68.66,56.73
70.55,70.55,61.17,69.50,57.47
69.09,69.09,56.39,69.91,52.84
68.93,68.93,47.40,69.19,55.30
68.43,68.43,32.25,67.49,52.88
68.88,68.88,21.41,66.75,56.24
68.70,68.70,25.72,67.44,57.58
69.11,69.11,29.20,60.92,55.40
68.04,68.04,26.87,66.83,52.05
71.86,71.86,19.47,73.26,49.38
70.13,70.13,17.88,70.17,49.75
69.09,69.09,20.47,72.98,51.16
69.69,69.69,26.38,70.03,47.51
68.70,68.70,40.63,67.47,49.17
66.66,66.66,53.64,71.70,49.59
64.45,64.45,58.99,70.49,44.75
64.35,64.35,74.88,67.67,41.37
60.40,60.40,77.58,67.29,39.73
57.97,57.97,79.63,58.10,43.49
59.35,59.35,80.65,58.69,41.48
60.41,60.41,80.51,56.57,42.44
56.32,56.32,80.54,58.53,42.69
54.68,54.68,80.31,52.55,43.69
52.90,52.90,79.42,53.46,42.89
53.53,53.53,76.68,52.72,49.09
51.69,51.69,77.73,58.46,48.82
50.35,50.35,77.26,65.43,50.16
49.69,49.69,73.19,67.55,57.55
46.17,46.17,73.22,66.32,53.58
46.75,46.75,68.70,72.40,55.22
44.56,44.56,65.72,71.21,53.87
44.65,44.65,59.24,70.86,53.45
42.51,42.51,49.73,71.77,52.85
42.26,42.26,38.88,69.72,52.34
40.82,40.82,30.24,68.73,50.82
35.82,35.82,26.04,69.78,48.91
38.53,38.53,34.65,66.00,58.37
32.80,32.80,33.50,70.12,59.05
38.06,38.06,28.89,70.69,57.28
40.21,40.21,24.98,72.58,54.47
41.05,41.05,24.87,73.47,54.18
45.70,45.70,28.75,72.05,52.33
47.82,47.82,39.96,68.70,49.64
51.90,51.90,51.69,73.33,45.83
53.69,53.69,57.87,73.94,42.28
58.35,58.35,70.57,69.57,43.03
59.86,59.86,77.45,68.95,41.81
65.32,65.32,80.07,67.28,45.95
67.93,67.93,79.63,60.79,47.10
68.29,68.29,81.38,57.44,47.95
68.41,68.41,80.28,57.55,45.56
65.67,65.67,79.22,44.94,47.06
67.44,67.44,78.16,52.24,47.25
67.92,67.92,80.12,56.54,51.55
67.37,67.37,76.19,61.50,49.94
67.26,67.26,77.73,60.21,53.48
69.93,69.93,76.07,64.76,59.03
69.36,69.36,71.57,63.60,58.54
69.26,69.26,70.24,69.77,57.70
70.65,70.65,67.11,68.73,56.42
69.30,69.30,63.13,69.22,54.56
70.66,70.66,55.80,68.45,53.72
69.77,69.77,44.31,67.72,52.78
70.29,70.29,41.16,67.35,53.52
69.59,69.59,49.87,65.22,50.68
69.94,69.94,62.23,66.20,52.33
68.29,68.29,60.28,62.77,51.10
65.50,65.50,54.06,70.15,50.97
69.34,69.34,48.33,71.48,51.35
67.58,67.58,40.57,71.80,50.32
67.48,67.48,35.93,69.73,49.18
66.94,66.94,37.39,71.88,49.34
66.55,66.55,48.21,69.44,49.33
66.34,66.34,54.66,70.22,46.63
65.21,65.21,66.98,70.51,44.70
63.38,63.38,76.11,66.86,43.52
63.08,63.08,79.56,63.50,45.56
63.83,63.83,80.09,57.67,48.18
64.09,64.09,80.19,56.36,48.44
63.27,63.27,80.31,53.36,50.77
63.66,63.66,80.55,49.47,51.51
63.76,63.76,80.72,47.98,51.62
63.42,63.42,76.87,50.16,52.41
65.32,65.32,79.79,59.76,49.94
65.51,65.51,74.95,63.25,52.70
65.24,65.24,76.26,66.34,53.46
66.05,66.05,75.43,66.62,54.55
66.63,66.63,70.14,69.23,52.78
68.24,68.24,65.01,71.33,49.83
67.38,67.38,64.33,70.97,52.80
67.61,67.61,57.10,70.45,53.68
69.41,69.41,44.23,70.76,52.96
68.23,68.23,32.69,70.70,52.39
68.75,68.75,32.91,67.62,52.10
67.77,67.77,33.82,67.07,52.21
69.64,69.64,36.50,67.63,54.63
69.73,69.73,35.08,67.38,56.55
68.81,68.81,35.78,74.99,54.16
68.42,68.42,34.83,72.85,53.10
67.85,67.85,34.49,69.53,52.63
68.81,68.81,38.36,73.93,52.36
69.59,69.59,48.36,70.84,50.26
70.65,70.65,55.38,71.14,49.64
70.76,70.76,60.02,70.36,45.35
68.84,68.84,75.29,70.68,46.28
68.32,68.32,78.51,68.45,48.66
68.94,68.94,79.74,60.18,47.33
69.91,69.91,80.64,51.77,52.42
69.86,69.86,80.76,46.68,54.24
69.38,69.38,79.82,51.25,52.60
70.80,70.80,78.05,54.07,55.36
69.97,69.97,80.14,54.06,57.08
68.46,68.46,77.25,56.99,53.81
67.57,67.57,78.70,58.18,54.59
65.98,65.98,74.73,65.54,57.50
63.29,63.29,76.29,76.36,60.20
62.09,62.09,73.62,71.87,56.19
63.39,63.39,67.29,67.04,59.26
64.03,64.03,61.66,64.88,62.17
63.25,63.25,56.70,64.93,58.48
64.94,64.94,43.48,63.18,57.86
62.96,62.96,38.14,64.39,57.21
63.08,63.08,39.79,63.20,58.81
64.48,64.48,35.11,65.61,55.92
59.64,59.64,34.22,63.35,59.94
60.91,60.91,34.87,62.88,58.54
59.90,59.90,36.23,69.80,61.26
59.56,59.56,36.87,72.38,58.67
61.49,61.49,37.32,75.70,59.53
58.66,58.66,38.94,74.19,59.02
56.76,56.76,45.73,72.95,57.85
57.77,57.77,55.19,72.23,57.67
63.51,63.51,63.41,69.38,50.89
66.09,66.09,74.73,68.76,51.51
72.34,72.34,77.23,62.36,45.98
74.78,74.78,78.41,55.27,42.08
70.91,70.91,80.28,54.71,41.24
72.27,72.27,78.33,51.83,45.96
73.75,73.75,79.36,48.00,45.08
74.53,74.53,80.79,45.14,49.27
72.76,72.76,78.06,51.92,49.74
66.35,66.35,79.27,56.57,50.87
59.21,59.21,77.29,59.79,49.84
62.45,62.45,78.38,56.14,54.12
67.86,67.86,74.40,74.73,55.03
68.73,68.73,75.08,72.34,54.80
70.86,70.86,70.97,67.90,53.93
70.43,70.43,65.93,66.21,55.77
67.53,67.53,57.60,64.27,54.97
67.33,67.33,47.71,62.62,54.19
66.07,66.07,43.90,61.77,51.83
66.14,66.14,40.57,62.63,51.70
66.83,66.83,32.86,64.72,46.77
70.84,70.84,27.14,67.91,53.77
71.90,71.90,27.79,72.60,53.21
72.01,72.01,27.35,72.11,52.02
68.97,68.97,24.79,72.47,51.94
58.96,58.96,23.58,73.61,50.47
57.61,57.61,26.07,72.93,52.02
50.84,50.84,39.36,70.57,54.25
45.85,45.85,47.10,71.67,54.39
42.84,42.84,54.30,70.47,50.33
52.11,52.11,65.49,69.09,45.22
58.33,58.33,76.07,65.15,43.52
65.67,65.67,79.98,60.51,40.64
70.83,70.83,79.71,57.57,42.08
74.85,74.85,80.96,55.60,44.71
73.55,73.55,79.17,53.50,43.24
73.78,73.78,78.03,53.99,44.59
74.30,74.30,77.95,55.13,44.52
74.65,74.65,79.06,58.77,47.03
73.64,73.64,76.33,59.55,43.52
73.92,73.92,76.58,59.86,50.06
72.38,72.38,77.67,69.96,55.52
71.33,71.33,72.48,72.74,55.13
71.87,71.87,70.57,68.56,54.20
72.33,72.33,66.95,66.30,54.38
72.49,72.49,60.72,63.95,52.06
73.41,73.41,49.23,64.43,50.81
73.18,73.18,40.33,63.92,49.54
72.25,72.25,41.49,64.53,47.41
72.43,72.43,34.21,61.55,46.43
72.05,72.05,27.08,66.17,52.83
67.77,67.77,27.71,71.03,55.19
66.86,66.86,29.46,70.84,54.53
66.73,66.73,30.17,72.27,54.54
63.62,63.62,27.62,74.31,54.40
59.46,59.46,26.45,73.30,53.98
57.19,57.19,34.05,72.07,51.58
56.84,56.84,45.19,71.82,49.85
62.47,62.47,58.26,70.58,44.77
65.28,65.28,62.19,67.93,35.88
65.61,65.61,74.57,64.47,41.32
72.07,72.07,78.73,58.81,40.62
71.69,71.69,78.87,55.00,41.86
72.70,72.70,79.55,53.80,45.34
73.41,73.41,78.05,48.87,41.99
72.50,72.50,80.19,48.52,44.13
71.59,71.59,78.99,49.47,44.45
70.10,70.10,77.16,52.81,47.80
59.70,59.70,79.59,58.37,47.57
62.78,62.78,75.98,59.74,44.77
67.47,67.47,76.42,65.33,50.33
66.82,66.82,76.99,74.89,52.34
67.14,67.14,71.30,69.68,51.04
68.38,68.38,66.59,65.71,52.05
69.03,69.03,63.39,65.55,49.56
63.25,63.25,55.40,64.65,50.79
60.93,60.93,42.59,64.38,50.93
61.21,61.21,41.59,63.50,50.34
62.08,62.08,39.28,62.56,45.83
67.38,67.38,33.99,65.95,46.45
70.49,70.49,26.97,70.67,51.67
72.56,72.56,23.33,70.61,51.30
71.91,71.91,22.78,72.15,49.58
69.45,69.45,20.27,74.70,49.52
68.94,68.94,19.74,74.40,49.73
67.59,67.59,28.22,71.78,49.71
66.73,66.73,42.40,70.74,47.68
66.74,66.74,52.14,70.83,44.07
63.43,63.43,58.80,69.67,43.60
65.67,65.67,75.37,66.42,45.23
68.95,68.95,77.25,59.65,38.14
73.24,73.24,79.52,52.76,46.10
73.20,73.20,78.26,49.35,47.21
72.32,72.32,79.65,46.19,47.48
73.38,73.38,78.65,50.44,48.98
74.30,74.30,77.99,46.30,51.84
74.37,74.37,79.71,55.02,53.10
74.11,74.11,75.87,60.02,55.12
72.76,72.76,78.64,60.45,56.37
72.44,72.44,76.25,64.07,58.44
73.78,73.78,75.43,70.00,58.08
72.92,72.92,74.78,72.68,59.36
72.49,72.49,68.78,66.93,57.15
72.72,72.72,62.67,67.75,57.58
72.76,72.76,59.41,66.51,56.80
72.53,72.53,42.20,66.96,57.10
72.44,72.44,32.67,65.25,59.08
72.00,72.00,29.19,65.05,57.17
71.18,71.18,25.89,64.41,56.76
70.73,70.73,25.67,71.49,56.27
70.30,70.30,22.77,75.37,54.21
68.31,68.31,21.54,72.76,56.01
65.53,65.53,21.01,68.15,55.57
63.05,63.05,20.11,66.20,57.67
59.54,59.54,27.68,69.15,60.86
55.62,55.62,39.07,67.29,62.61
49.71,49.71,50.09,70.15,60.57
47.77,47.77,54.59,64.74,52.37
51.67,51.67,72.41,62.86,49.11
42.57,42.57,78.05,61.17,40.81
42.53,42.53,79.05,55.82,44.47
41.63,41.63,81.30,43.69,44.52
44.18,44.18,80.81,48.79,47.69
45.57,45.57,80.23,49.69,46.08
51.65,51.65,80.24,52.50,44.91
56.64,56.64,77.55,54.20,50.11
59.83,59.83,79.90,58.38,50.75
58.95,58.95,75.91,62.72,50.06
60.31,60.31,78.41,64.09,56.89
59.26,59.26,74.74,72.98,58.19
55.88,55.88,72.15,74.97,57.41
52.52,52.52,72.52,72.01,55.44
49.74,49.74,67.41,70.36,56.85
53.10,53.10,56.49,69.60,57.34
62.75,62.75,42.25,67.52,52.21
69.84,69.84,31.17,67.38,49.91
72.63,72.63,30.07,68.05,50.37
72.80,72.80,27.36,67.30,47.50
74.69,74.69,28.50,64.57,50.59
72.61,72.61,30.20,67.27,51.46
71.47,71.47,27.94,72.46,49.21
73.13,73.13,27.19,70.24,48.28
72.85,72.85,25.29,73.06,47.17
71.43,71.43,27.19,73.74,48.09
70.33,70.33,38.09,72.58,46.96
68.82,68.82,49.47,71.21,47.46
66.37,66.37,58.06,72.60,46.04
65.70,65.70,67.08,72.83,43.07
59.53,59.53,76.33,70.76,39.93
56.94,56.94,77.71,66.77,42.13
56.77,56.77,79.92,65.60,44.25
55.42,55.42,80.78,56.33,45.43
53.22,53.22,79.99,59.46,44.00
51.93,51.93,78.67,58.83,44.49
51.06,51.06,79.85,57.62,46.36
51.14,51.14,77.46,58.86,48.93
49.66,49.66,78.50,61.95,52.22
48.44,48.44,75.33,64.78,52.12
50.05,50.05,78.03,67.76,60.67
46.42,46.42,74.59,72.76,59.13
45.87,45.87,69.58,70.20,58.92
47.83,47.83,67.08,67.52,57.78
45.89,45.89,63.68,67.92,58.64
45.36,45.36,52.29,66.00,55.50
43.91,43.91,30.15,66.95,56.09
42.98,42.98,31.84,65.98,53.92
40.16,40.16,31.94,66.57,52.52
39.96,39.96,38.43,65.21,57.87
41.30,41.30,35.09,74.60,57.52
45.54,45.54,28.85,74.80,58.13
45.60,45.60,20.71,67.86,56.70
50.24,50.24,20.29,69.31,57.05
53.60,53.60,20.43,67.23,55.62
58.71,58.71,35.81,67.45,53.72
58.08,58.08,47.01,66.20,50.04
57.23,57.23,58.26,67.12,45.03
54.04,54.04,63.77,65.58,47.47
51.96,51.96,77.10,60.48,49.85
48.98,48.98,78.23,59.65,48.94
46.10,46.10,80.13,48.38,45.97
42.13,42.13,82.21,44.41,47.40
40.18,40.18,80.56,51.51,49.35
41.55,41.55,80.31,52.01,45.02
41.89,41.89,78.92,53.54,45.64
63.71,63.71,77.81,55.67,47.93
65.72,65.72,79.23,63.10,48.03
63.52,63.52,77.88,61.70,47.61
59.88,59.88,74.38,63.56,51.33
69.99,69.99,75.53,67.12,55.83
72.28,72.28,72.51,72.26,53.88
64.83,64.83,67.15,72.13,52.56
59.91,59.91,64.52,69.73,55.41
60.58,60.58,49.62,71.20,51.79
60.91,60.91,31.12,69.68,50.85
63.48,63.48,33.10,68.28,51.03
69.24,69.24,27.36,65.24,45.85
71.20,71.20,22.89,65.62,46.72
71.63,71.63,20.36,67.96,52.32
69.33,69.33,17.86,73.03,53.08
68.58,68.58,17.65,74.35,51.57
68.00,68.00,16.89,69.44,51.33
70.12,70.12,15.91,73.50,51.99
70.82,70.82,25.65,75.21,50.28
70.10,70.10,39.86,75.62,48.12
68.06,68.06,52.09,72.83,45.28
68.43,68.43,57.90,71.92,39.03
70.44,70.44,74.76,72.78,47.28
72.18,72.18,77.16,68.95,42.05
70.64,70.64,79.86,67.30,44.78
68.38,68.38,79.52,54.79,47.19
69.81,69.81,79.97,56.60,49.61
68.90,68.90,79.33,53.31,50.63
69.56,69.56,78.85,57.86,51.77
69.52,69.52,79.53,55.25,52.77
67.42,67.42,76.46,51.87,55.40
66.23,66.23,78.32,50.76,55.76
67.17,67.17,77.35,61.09,58.33
67.38,67.38,74.34,64.73,59.22
66.42,66.42,74.90,62.05,56.39
62.85,62.85,70.22,69.26,57.30
57.12,57.12,63.92,66.96,62.64
58.18,58.18,56.10,65.69,64.97
59.02,59.02,48.44,69.99,64.10
59.05,59.05,37.57,69.08,60.30
57.82,57.82,30.14,66.85,57.76
56.31,56.31,28.16,67.20,57.95
55.52,55.52,29.41,64.16,59.78
53.16,53.16,30.20,59.75,60.63
51.64,51.64,26.00,65.40,61.85
51.18,51.18,26.67,72.04,60.94
49.00,49.00,26.42,72.86,59.22
46.44,46.44,28.34,72.51,60.42
43.58,43.58,40.35,72.67,67.30
40.20,40.20,50.94,68.67,65.11
37.40,37.40,56.96,72.40,55.68
39.98,39.98,72.45,63.58,49.80
39.67,39.67,77.24,69.93,45.76
43.59,43.59,79.69,65.42,46.42
47.52,47.52,79.76,62.19,44.51
49.36,49.36,82.11,60.16,46.65
52.87,52.87,80.19,47.35,45.72
55.24,55.24,79.37,51.29,44.48
56.09,56.09,78.15,47.89,47.06
57.04,57.04,79.66,50.79,51.82
57.60,57.60,76.10,57.26,50.90
60.37,60.37,78.25,59.60,51.58
57.31,57.31,77.17,64.02,51.68
53.82,53.82,73.19,57.05,52.83
52.13,52.13,70.53,67.57,53.83
53.72,53.72,67.08,68.44,52.92
59.50,59.50,60.92,69.27,50.85
64.45,64.45,51.85,69.42,51.05
67.83,67.83,39.26,68.62,54.37
74.16,74.16,29.90,67.13,51.43
75.97,75.97,23.08,69.35,48.21
78.20,78.20,25.58,66.00,54.88
75.63,75.63,25.14,65.47,59.14
75.13,75.13,27.56,67.64,61.86
74.48,74.48,26.27,71.76,62.34
74.78,74.78,27.49,73.10,60.15
75.94,75.94,26.99,71.25,58.76
75.07,75.07,36.27,68.67,60.21
74.16,74.16,44.44,66.41,56.27
72.39,72.39,53.57,71.01,52.02
74.23,74.23,61.71,68.20,45.01
72.51,72.51,75.13,68.81,42.15
74.70,74.70,77.83,67.44,45.09
75.48,75.48,79.20,66.92,50.23
75.14,75.14,78.88,60.11,49.39
76.42,76.42,79.26,52.76,50.07
75.64,75.64,78.76,51.84,50.02
75.67,75.67,80.14,48.46,50.85
76.50,76.50,76.63,49.72,51.45
76.69,76.69,78.77,53.45,51.35
76.76,76.76,75.07,56.02,52.14
76.76,76.76,77.64,60.53,56.07
77.12,77.12,75.74,61.19,51.68
77.44,77.44,69.49,65.85,51.16
77.21,77.21,67.82,66.34,53.30
77.27,77.27,61.94,67.69,51.31
77.29,77.29,53.17,67.88,54.72
77.61,77.61,43.03,69.27,50.66
77.88,77.88,30.71,66.07,51.18
77.94,77.94,29.64,67.83,53.59
77.26,77.26,34.05,65.42,52.79
76.34,76.34,35.94,64.90,54.96
75.68,75.68,35.17,65.65,54.32
74.94,74.94,34.26,73.03,56.20
74.47,74.47,32.02,71.95,55.13
74.57,74.57,29.62,71.69,54.68
74.54,74.54,32.10,70.00,54.74
74.94,74.94,41.09,71.87,56.21
75.23,75.23,49.66,66.22,53.22
76.22,76.22,58.21,67.55,47.02
75.60,75.60,73.49,67.28,46.65
71.55,71.55,77.48,66.06,44.07
71.28,71.28,78.69,65.10,45.15
70.42,70.42,80.98,59.10,46.00
68.65,68.65,80.53,53.09,48.38
68.51,68.51,79.63,49.87,43.27
69.95,69.95,78.37,49.45,43.59
70.75,70.75,79.03,45.18,46.95
69.41,69.41,76.69,51.02,48.87
72.02,72.02,78.56,56.95,45.21
72.93,72.93,75.05,55.81,51.78
75.38,75.38,77.03,63.32,50.39
74.71,74.71,73.50,57.28,47.81
74.79,74.79,66.81,68.37,49.01
75.77,75.77,62.98,68.56,49.53
74.12,74.12,56.70,68.96,47.24
71.14,71.14,48.85,67.96,47.37
64.91,64.91,35.36,70.74,48.24
61.93,61.93,34.50,67.44,48.87
60.37,60.37,34.17,68.14,48.61
65.50,65.50,40.15,66.66,50.15
66.22,66.22,30.85,67.11,46.66
71.01,71.01,34.13,67.79,49.99
67.80,67.80,29.96,72.91,47.22
59.39,59.39,23.19,74.35,44.57
52.89,52.89,27.43,68.29,46.76
51.57,51.57,42.77,72.24,46.77
44.98,44.98,49.27,67.66,44.35
44.83,44.83,57.29,71.50,40.75
56.77,56.77,73.51,70.89,43.68
58.54,58.54,78.26,68.91,45.22
60.46,60.46,78.97,65.70,45.82
67.08,67.08,80.47,62.89,48.71
71.96,71.96,79.46,59.17,46.54
73.21,73.21,79.29,53.78,41.88
72.29,72.29,80.64,57.22,44.21
69.08,69.08,78.09,47.35,45.94
71.42,71.42,76.85,52.59,48.93
70.03,70.03,77.50,56.29,46.68
68.39,68.39,77.80,59.89,53.61
69.64,69.64,73.25,66.64,55.66
69.81,69.81,74.03,63.73,57.38
69.85,69.85,69.68,68.26,52.93
65.46,65.46,65.99,69.26,53.74
65.14,65.14,59.82,68.83,58.97
66.42,66.42,54.81,69.73,56.54
66.89,66.89,44.62,68.14,55.84
66.85,66.85,30.50,65.18,56.59
67.55,67.55,25.51,67.42,57.82
67.02,67.02,28.46,65.56,57.77
73.64,73.64,29.67,63.53,51.04
79.13,79.13,28.64,71.54,49.85
77.91,77.91,24.44,69.52,47.08
75.39,75.39,22.55,74.10,51.29
75.65,75.65,25.52,69.48,51.61
75.94,75.94,32.51,67.21,51.51
75.51,75.51,45.06,72.33,55.62
74.62,74.62,53.07,70.56,48.97
75.30,75.30,65.57,68.42,45.27
62.15,62.15,71.18,65.85,40.51
72.81,72.81,74.55,62.81,41.37
74.74,74.74,76.26,54.14,48.24
73.88,73.88,78.53,53.00,51.80
76.35,76.35,77.55,52.72,54.34
75.98,75.98,77.80,45.37,54.78
75.46,75.46,75.93,44.06,53.31
71.21,71.21,76.19,55.25,48.34
68.78,68.78,79.30,61.67,42.75
62.03,62.03,73.79,58.05,48.83
60.05,60.05,70.79,60.47,47.82
60.14,60.14,74.84,61.20,50.54
59.35,59.35,74.95,59.37,51.83
62.53,62.53,76.43,58.58,50.88
63.43,63.43,79.07,60.64,51.56
63.25,63.25,76.63,63.13,49.76
63.64,63.64,78.32,60.71,46.52
63.23,63.23,77.79,58.82,47.79
71.03,71.03,77.98,61.26,47.20
73.33,73.33,76.25,59.24,46.48
73.01,73.01,70.56,59.91,44.61
74.13,74.13,75.17,61.82,43.45
75.73,75.73,74.66,60.69,47.33
76.15,76.15,76.68,56.10,48.24
73.61,73.61,77.97,57.73,46.43
69.70,69.70,77.96,58.81,47.69
61.61,61.61,76.32,62.70,45.48
63.20,63.20,76.95,57.99,46.06
60.41,60.41,74.35,59.82,45.62
56.06,56.06,73.82,49.48,50.13
53.79,53.79,73.93,51.66,53.37
61.22,61.22,76.98,44.36,62.10
65.43,65.43,77.50,42.43,60.05
67.15,67.15,78.92,43.30,60.04
66.80,66.80,78.38,45.66,61.98
67.28,67.28,77.41,49.92,61.90
68.78,68.78,79.10,50.71,58.73
66.28,66.28,76.37,54.76,58.52
66.80,66.80,79.13,54.47,61.28
68.17,68.17,75.80,63.69,61.10
68.04,68.04,77.89,62.17,61.99
68.13,68.13,73.93,69.95,61.85
66.47,66.47,73.53,66.61,59.98
67.94,67.94,66.37,69.94,60.89
67.21,67.21,56.82,68.83,60.69
66.15,66.15,50.86,66.21,65.15
65.48,65.48,49.28,68.23,64.44
65.26,65.26,47.72,66.21,62.00
68.26,68.26,46.07,64.20,61.10
74.84,74.84,47.14,66.25,62.58
73.62,73.62,47.76,65.28,62.88
73.54,73.54,49.34,73.44,63.92
73.04,73.04,51.53,69.74,63.26
72.35,72.35,50.93,70.14,61.25
70.85,70.85,49.63,72.68,62.50
71.43,71.43,52.42,68.24,63.17
71.29,71.29,60.13,70.81,61.29
70.38,70.38,66.76,70.74,51.83
70.22,70.22,72.19,67.80,46.97
70.58,70.58,71.98,63.23,48.10
71.32,71.32,77.60,55.16,53.43
71.66,71.66,77.83,53.91,54.91
72.99,72.99,77.76,45.23,55.84
72.20,72.20,78.49,44.68,57.35
71.94,71.94,77.15,43.40,57.02
71.40,71.40,76.01,41.20,56.54
70.76,70.76,79.57,40.09,57.10
67.47,67.47,76.64,34.06,57.82
68.95,68.95,78.65,35.34,58.19
71.72,71.72,75.33,25.76,59.23
68.65,68.65,74.65,32.43,61.17
71.01,71.01,73.09,33.51,60.98
70.38,70.38,69.90,37.96,60.67
70.28,70.28,65.80,25.18,61.86
70.07,70.07,54.95,25.48,61.35
73.54,73.54,46.05,23.75,60.19
70.28,70.28,40.39,32.71,61.21
74.08,74.08,38.74,35.36,62.21
72.94,72.94,37.94,34.49,60.99
71.46,71.46,37.71,23.47,61.73
72.37,72.37,38.53,24.80,61.35
72.18,72.18,39.73,24.42,60.50
72.27,72.27,36.54,19.49,60.41
71.88,71.88,39.97,20.99,59.45
71.89,71.89,46.01,20.10,59.36
71.85,71.85,54.20,21.31,56.04
71.43,71.43,58.59,21.42,49.03
70.40,70.40,70.89,19.99,48.76
66.51,66.51,74.03,27.81,50.02
56.59,56.59,79.74,35.69,52.27
56.17,56.17,76.60,40.64,54.45
56.62,56.62,74.14,39.09,57.16
57.30,57.30,76.07,43.94,57.71
56.03,56.03,75.76,48.53,60.31
52.29,52.29,77.88,53.14,59.97
51.56,51.56,76.96,59.06,62.02
50.41,50.41,79.35,57.88,65.28
53.26,53.26,77.44,63.13,64.77
53.46,53.46,75.81,73.30,66.40
54.20,54.20,74.73,70.13,65.83
54.02,54.02,72.33,67.32,65.65
59.69,59.69,71.41,66.54,62.42
65.21,65.21,60.27,65.06,61.40
65.14,65.14,55.71,63.65,63.98
65.27,65.27,44.34,61.52,63.90
65.72,65.72,36.33,61.54,64.68
66.62,66.62,37.11,62.23,63.56
72.75,72.75,39.87,68.68,63.16
74.33,74.33,34.44,71.04,62.62
73.63,73.63,34.40,71.36,62.76
71.92,71.92,31.60,71.31,62.20
72.21,72.21,31.01,73.74,62.40
70.97,70.97,34.47,72.39,62.94
72.08,72.08,40.92,69.90,61.93
72.98,72.98,50.21,70.45,62.49
72.58,72.58,57.31,70.00,62.34
72.39,72.39,68.90,69.61,59.11
69.48,69.48,73.55,64.33,55.48
68.83,68.83,70.01,59.99,51.37
64.33,64.33,74.89,64.77,52.85
63.30,63.30,77.44,67.69,55.36
58.65,58.65,78.74,67.54,54.80
51.75,51.75,77.39,65.80,56.35
48.70,48.70,75.98,64.28,57.54
48.27,48.27,77.59,62.04,63.39
46.33,46.33,77.95,60.53,64.05
47.18,47.18,76.92,61.50,63.84
50.89,50.89,78.07,69.53,64.83
46.77,46.77,73.15,69.92,65.16
47.60,47.60,74.91,69.51,64.28
44.18,44.18,69.49,67.19,63.51
46.05,46.05,66.68,63.49,64.63
53.08,53.08,56.23,63.45,61.31
60.37,60.37,52.73,63.76,61.54
63.58,63.58,39.49,63.18,61.19
69.28,69.28,37.04,61.07,60.69
74.59,74.59,35.18,63.36,63.01
79.33,79.33,32.93,71.18,61.93
75.20,75.20,29.31,70.90,60.09
72.40,72.40,30.73,70.61,62.44
74.98,74.98,31.23,73.16,62.12
75.10,75.10,31.68,72.81,61.70
74.53,74.53,37.35,71.08,61.87
74.88,74.88,44.48,70.84,62.23
74.64,74.64,53.29,69.32,61.97
72.87,72.87,62.00,67.70,57.51
70.90,70.90,70.73,63.66,53.85
70.29,70.29,73.69,56.10,48.16
71.87,71.87,75.85,41.93,51.87
71.30,71.30,78.24,47.79,52.85
71.56,71.56,77.23,49.38,54.78
70.50,70.50,78.13,49.34,53.92
65.88,65.88,78.18,53.02,55.43
67.12,67.12,77.04,54.76,58.75
70.81,70.81,77.24,60.53,60.37
65.11,65.11,79.39,60.62,60.04
59.45,59.45,74.88,66.98,62.51
60.49,60.49,76.40,73.90,61.30
62.22,62.22,71.81,69.14,61.22
63.41,63.41,73.26,65.47,59.72
60.10,60.10,64.95,64.36,60.96
60.56,60.56,59.64,63.60,62.57
64.43,64.43,51.61,62.51,61.53
66.53,66.53,44.57,62.70,62.17
66.16,66.16,34.02,61.77,62.04
63.02,63.02,30.66,61.75,63.19
67.08,67.08,30.44,63.89,61.66
68.90,68.90,32.15,61.82,61.08
69.49,69.49,33.34,70.19,62.29
71.77,71.77,33.62,73.81,63.40
71.50,71.50,31.50,75.48,65.61
71.37,71.37,35.14,72.42,64.36
70.17,70.17,46.67,71.67,65.87
69.67,69.67,54.45,72.17,62.63
69.38,69.38,60.50,70.54,55.58
69.24,69.24,71.39,69.28,50.31
68.64,68.64,72.14,65.25,46.49
65.83,65.83,69.01,61.13,47.35
59.22,59.22,78.87,66.04,48.83
55.61,55.61,77.31,65.76,51.40
65.89,65.89,78.70,67.59,57.19
68.26,68.26,77.11,66.32,60.06
69.91,69.91,76.24,64.45,61.03
65.72,65.72,79.54,60.58,63.68
53.47,53.47,76.33,64.05,61.97
54.97,54.97,79.08,65.25,63.76
52.26,52.26,73.95,73.48,61.30
50.13,50.13,75.17,70.30,63.26
50.00,50.00,71.83,65.40,63.12
50.95,50.95,68.99,64.66,64.04
51.84,51.84,61.72,63.43,64.64
51.77,51.77,55.18,62.03,62.02
52.38,52.38,46.35,58.96,62.91
54.59,54.59,39.64,60.90,64.76
58.88,58.88,35.03,64.00,64.69
67.01,67.01,39.88,68.70,64.71
72.64,72.64,36.68,73.05,63.44
75.57,75.57,35.83,71.40,64.10
75.82,75.82,34.98,71.38,63.50
74.30,74.30,33.31,73.01,65.69
70.93,70.93,33.67,72.61,64.89
69.05,69.05,41.50,71.82,62.98
69.77,69.77,49.64,71.69,62.29
70.49,70.49,58.61,69.50,60.06
69.28,69.28,70.09,67.09,54.61
68.99,68.99,73.52,62.02,52.87
69.89,69.89,75.65,54.88,52.63
60.49,60.49,77.98,45.32,55.57
50.81,50.81,78.15,49.10,57.54
46.14,46.14,78.09,42.53,57.37
45.33,45.33,78.14,43.08,60.90
45.99,45.99,79.11,52.75,61.68
44.49,44.49,76.21,57.38,64.46
45.58,45.58,79.24,63.46,65.34
49.01,49.01,75.75,65.21,65.38
50.46,50.46,76.76,70.41,67.02
50.10,50.10,72.84,72.42,64.13
49.28,49.28,72.22,69.81,64.32
46.06,46.06,69.76,67.89,67.12
47.93,47.93,63.26,67.24,66.40
49.06,49.06,56.54,66.81,66.56
50.47,50.47,39.26,65.97,63.95
56.19,56.19,28.44,65.93,65.26
69.25,69.25,34.09,64.69,65.43
76.66,76.66,37.96,68.98,65.55
74.97,74.97,32.97,74.31,65.01
75.74,75.74,30.48,73.00,65.91
76.56,76.56,29.96,66.78,66.20
74.95,74.95,30.28,68.82,64.54
74.90,74.90,33.61,67.82,63.02
75.16,75.16,39.62,69.12,60.91
75.43,75.43,47.43,66.22,63.04
74.20,74.20,55.58,61.00,63.19
73.48,73.48,67.52,61.08,57.28
71.80,71.80,71.46,66.18,51.18
71.97,71.97,69.67,59.30,48.47
68.08,68.08,74.33,63.27,50.38
57.14,57.14,76.59,64.28,54.83
52.88,52.88,78.77,65.81,54.48
51.43,51.43,76.95,65.14,54.48
53.03,53.03,75.96,64.16,57.47
59.93,59.93,78.62,65.25,59.85
63.37,63.37,76.75,59.49,61.06
64.68,64.68,78.42,64.72,61.17
63.79,63.79,76.35,69.70,64.43
61.89,61.89,74.37,74.66,64.28
60.35,60.35,74.13,72.97,64.14
62.44,62.44,68.24,70.60,66.20
64.47,64.47,66.86,68.37,64.46
63.10,63.10,59.21,67.93,64.10
59.38,59.38,51.31,69.71,62.41
56.88,56.88,33.99,69.22,63.04
59.31,59.31,32.92,66.84,62.52
72.69,72.69,30.99,63.77,61.98
77.26,77.26,31.94,67.50,60.29
77.40,77.40,31.64,71.29,60.23
74.20,74.20,36.38,75.97,60.51
73.78,73.78,33.82,67.35,59.92
73.95,73.95,35.24,72.65,63.09
74.11,74.11,37.31,69.95,63.06
73.35,73.35,43.17,72.07,63.70
74.75,74.75,51.70,72.80,64.35
74.82,74.82,60.00,72.51,61.86
73.91,73.91,71.04,68.95,53.32
73.56,73.56,73.12,69.26,48.25
72.99,72.99,75.97,59.54,51.91
72.58,72.58,77.90,52.09,53.36
73.44,73.44,76.57,55.13,51.97
71.79,71.79,77.31,54.89,54.27
73.87,73.87,78.63,53.84,61.67
69.53,69.53,76.43,55.45,62.92
64.78,64.78,77.25,62.71,59.55
58.66,58.66,78.31,65.97,62.25
60.69,60.69,75.19,66.09,65.30
56.62,56.62,75.80,73.20,64.67
54.98,54.98,70.60,70.66,64.78
52.91,52.91,72.71,68.29,62.17
50.15,50.15,66.11,65.90,63.78
48.25,48.25,62.64,66.77,64.09
47.78,47.78,50.94,65.65,62.60
60.23,60.23,38.63,66.19,62.27
61.55,61.55,31.14,64.24,61.77
62.68,62.68,38.96,65.11,65.38
62.05,62.05,41.65,73.04,66.28
57.61,57.61,36.70,75.79,68.04
53.34,53.34,32.39,71.16,65.96
50.76,50.76,28.16,69.15,65.08
54.10,54.10,26.69,68.33,62.32
52.19,52.19,31.07,66.68,61.43
46.88,46.88,39.10,69.01,59.86
44.83,44.83,48.38,67.59,63.31
47.28,47.28,55.97,67.23,62.60
59.60,59.60,73.56,63.19,56.44
64.53,64.53,72.85,62.35,54.66
74.43,74.43,70.55,62.02,58.40
74.94,74.94,77.44,62.84,56.13
73.97,73.97,75.56,63.03,57.79
73.67,73.67,76.70,61.82,58.99
72.59,72.59,75.25,60.73,58.14
73.39,73.39,76.65,63.73,57.09
73.18,73.18,77.39,58.55,59.74
74.11,74.11,75.75,59.63,60.20
74.04,74.04,78.71,64.80,58.89
73.70,73.70,74.42,70.58,59.96
73.97,73.97,74.95,72.90,56.59
71.97,71.97,70.03,69.04,57.29
74.29,74.29,68.20,69.31,58.74
75.67,75.67,64.34,69.13,60.91
70.16,70.16,55.47,68.28,60.77
65.32,65.32,46.15,67.07,61.10
64.40,64.40,40.33,65.24,57.55
62.05,62.05,41.33,67.30,61.77
63.02,63.02,41.83,66.71,64.43
63.55,63.55,40.77,69.20,61.59
62.41,62.41,38.24,73.14,60.66
63.40,63.40,36.35,66.90,57.97
63.71,63.71,36.27,75.39,59.05
62.49,62.49,36.04,75.96,58.21
64.35,64.35,40.07,72.58,55.56
64.21,64.21,51.39,72.58,58.03
59.83,59.83,57.39,71.34,53.92
64.48,64.48,67.42,71.62,53.34
67.30,67.30,71.91,72.15,52.48
71.42,71.42,74.47,66.86,55.00
72.36,72.36,77.27,59.36,57.05
71.97,71.97,79.01,46.10,57.21
72.94,72.94,77.24,55.38,58.79
72.03,72.03,78.46,54.09,60.49
71.04,71.04,77.28,51.49,62.40
71.92,71.92,75.64,50.72,61.22
72.60,72.60,79.21,55.58,60.08
72.87,72.87,75.21,56.86,59.73
71.75,71.75,77.59,59.98,60.22
74.82,74.82,72.74,63.98,62.71
74.12,74.12,73.65,67.58,61.90
71.94,71.94,69.67,63.77,62.71
61.66,61.66,66.24,65.91,63.21
57.10,57.10,52.38,60.63,64.18
56.65,56.65,43.97,63.82,65.02
57.57,57.57,37.77,65.87,65.88
62.99,62.99,41.73,67.78,65.70
62.85,62.85,36.75,64.15,64.57
64.32,64.32,32.70,64.23,64.06
65.26,65.26,33.91,67.40,62.38
73.14,73.14,30.74,74.09,64.63
72.99,72.99,29.74,69.84,65.04
74.26,74.26,29.46,72.97,65.55
73.74,73.74,34.69,69.03,66.01
71.60,71.60,45.33,71.27,64.37
71.35,71.35,54.50,68.12,62.95
73.57,73.57,67.42,66.97,57.28
72.70,72.70,71.68,67.23,52.33
73.25,73.25,69.44,70.47,53.54
73.36,73.36,73.77,59.07,55.90
73.64,73.64,77.21,64.03,52.88
74.72,74.72,78.45,67.50,53.47
75.13,75.13,76.27,65.86,55.56
75.13,75.13,76.00,64.42,58.67
75.83,75.83,78.98,64.65,59.70
74.89,74.89,76.11,61.80,57.58
73.03,73.03,79.41,65.22,59.98
70.97,70.97,74.77,60.01,61.23
71.23,71.23,76.13,60.21,60.80
71.81,71.81,72.07,61.66,59.26
71.78,71.78,72.09,63.16,59.68
71.87,71.87,69.43,66.49,61.51
71.07,71.07,59.48,65.19,60.12
69.98,69.98,42.87,68.14,61.84
68.62,68.62,38.55,64.67,60.93
66.06,66.06,36.01,68.32,58.81
65.23,65.23,38.23,65.97,59.40
61.60,61.60,36.28,66.48,59.69
64.11,64.11,36.78,62.59,61.84
63.67,63.67,37.55,72.22,60.21
61.45,61.45,34.17,74.70,62.92
62.23,62.23,35.67,73.27,61.93
60.35,60.35,35.02,71.63,65.30
60.08,60.08,40.40,71.07,66.99
58.25,58.25,51.16,71.44,64.09
61.39,61.39,59.67,66.35,57.67
66.10,66.10,72.33,71.56,53.19
74.56,74.56,73.75,68.65,52.68
73.87,73.87,77.47,69.62,52.91
75.53,75.53,76.24,65.57,54.45
73.46,73.46,77.44,61.63,55.32
71.81,71.81,77.44,54.78,53.05
70.54,70.54,77.91,45.09,53.49
68.44,68.44,75.37,46.06,58.46
70.70,70.70,79.11,51.62,62.40
73.87,73.87,76.62,58.02,61.92
73.08,73.08,76.81,59.24,63.48
71.92,71.92,74.76,64.60,61.19
70.52,70.52,72.70,62.23,57.27
67.29,67.29,73.18,66.61,55.04
70.30,70.30,67.47,61.62,60.92
69.48,69.48,63.66,61.79,65.76
69.39,69.39,47.82,65.21,62.84
67.40,67.40,38.76,63.66,63.65
67.18,67.18,28.95,65.93,60.85
67.80,67.80,29.91,64.58,59.05
73.66,73.66,35.12,64.04,61.09
73.83,73.83,31.66,65.07,61.75
73.82,73.82,25.28,72.78,61.80
73.86,73.86,24.16,70.95,62.49
75.04,75.04,21.56,72.07,62.14
73.73,73.73,25.35,69.99,61.81
71.89,71.89,33.90,70.56,57.64
72.08,72.08,48.64,67.26,59.35
70.88,70.88,57.50,73.30,57.02
70.44,70.44,71.28,65.57,55.78
71.22,71.22,72.01,66.95,51.40
69.69,69.69,70.39,64.61,48.25
67.97,67.97,78.23,63.61,51.91
67.96,67.96,75.94,67.09,54.58
69.59,69.59,77.90,65.37,58.41
67.77,67.77,76.20,65.94,61.32
67.33,67.33,78.31,64.18,60.66
69.83,69.83,76.62,64.40,57.19
69.12,69.12,77.19,62.26,53.25
69.11,69.11,77.80,62.09,58.19
73.04,73.04,74.24,61.01,58.46
74.71,74.71,75.03,58.53,60.55
73.61,73.61,71.07,65.86,61.08
73.87,73.87,71.44,65.71,60.86
74.13,74.13,62.52,64.57,62.02
73.34,73.34,55.15,66.77,63.01
73.56,73.56,42.56,68.43,61.63
73.42,73.42,36.23,64.48,60.75
71.90,71.90,35.38,68.38,62.28
66.27,66.27,37.85,64.65,61.84
63.60,63.60,38.33,63.21,59.26
62.64,62.64,34.85,69.62,61.71
63.41,63.41,35.19,75.05,60.05
63.78,63.78,33.71,72.59,61.60
63.27,63.27,33.80,71.79,60.12
64.17,64.17,39.48,72.59,59.44
66.66,66.66,50.93,66.25,59.23
65.41,65.41,59.60,71.99,56.71
63.31,63.31,68.12,65.86,53.97
60.58,60.58,73.46,70.08,51.99
69.49,69.49,75.43,70.28,51.71
77.53,77.53,76.52,66.87,53.29
75.91,75.91,79.10,61.70,55.60
76.41,76.41,77.99,55.55,56.00
75.76,75.76,77.97,51.82,57.03
75.62,75.62,76.38,48.34,58.41
75.19,75.19,76.06,47.64,58.64
75.54,75.54,78.78,56.30,59.79
75.87,75.87,75.31,56.57,61.58
75.36,75.36,77.95,63.95,58.28
75.16,75.16,73.64,60.13,59.87
74.65,74.65,75.19,69.34,60.01
74.09,74.09,70.08,66.15,59.73
73.40,73.40,68.22,66.86,61.78
71.92,71.92,55.06,68.09,58.62
70.30,70.30,48.45,66.04,59.09
71.03,71.03,43.41,66.27,58.53
70.27,70.27,41.31,65.66,57.13
67.20,67.20,40.43,65.35,55.33
70.43,70.43,38.37,61.74,56.42
74.01,74.01,35.46,69.77,58.87
75.05,75.05,34.71,71.09,58.16
73.28,73.28,33.05,72.50,58.70
71.56,71.56,34.29,69.60,59.21
70.83,70.83,38.95,72.99,60.53
69.73,69.73,48.28,69.36,61.33
68.35,68.35,56.35,70.17,57.16
66.54,66.54,64.04,71.09,49.90
66.49,66.49,73.06,69.30,49.28
69.35,69.35,69.58,63.79,46.27
69.45,69.45,72.80,63.32,51.77
67.32,67.32,77.34,60.47,51.83
66.27,66.27,77.88,59.05,55.23
68.33,68.33,77.74,62.66,56.87
68.78,68.78,77.02,62.01,60.41
67.13,67.13,78.40,62.11,63.43
64.13,64.13,75.86,61.21,65.49
64.35,64.35,79.81,63.87,61.49
65.63,65.63,75.92,64.21,61.91
63.97,63.97,77.84,63.69,61.62
65.98,65.98,74.01,66.78,59.48
66.62,66.62,75.73,66.74,60.57
66.53,66.53,68.73,70.97,59.35
65.45,65.45,62.56,69.99,58.67
64.27,64.27,52.30,69.04,59.43
64.06,64.06,43.62,70.82,62.41
64.34,64.34,40.98,68.31,61.97
62.99,62.99,40.31,67.15,62.00
63.14,63.14,41.67,67.65,63.89
60.86,60.86,37.69,69.33,59.62
60.03,60.03,34.92,75.49,60.37
61.13,61.13,32.90,72.88,60.48
63.70,63.70,31.66,69.46,59.82
64.80,64.80,35.97,74.23,58.84
62.48,62.48,44.95,70.53,60.54
57.07,57.07,57.25,71.58,59.74
54.14,54.14,62.35,71.55,56.28
55.01,55.01,74.03,72.13,49.99
56.02,56.02,73.16,68.49,52.37
59.48,59.48,77.63,61.65,56.27
58.64,58.64,77.60,59.63,54.05
61.94,61.94,79.31,50.27,57.41
61.79,61.79,78.70,52.41,59.68
62.86,62.86,77.38,48.16,59.95
64.12,64.12,76.28,50.62,61.53
67.36,67.36,79.53,57.03,60.91
68.68,68.68,76.31,58.19,62.27
68.81,68.81,78.77,62.69,63.25
68.37,68.37,75.67,65.57,63.42
68.11,68.11,76.33,63.09,64.81
66.99,66.99,73.91,67.33,64.91
63.94,63.94,70.26,69.33,65.69
62.17,62.17,62.91,68.89,64.70
72.25,72.25,52.74,67.59,63.51
72.27,72.27,44.18,67.07,62.74
72.47,72.47,42.58,66.12,62.10
73.58,73.58,49.38,66.65,55.90
75.41,75.41,53.04,63.91,56.74
75.30,75.30,50.82,68.28,53.62
75.20,75.20,49.52,75.61,52.60
76.14,76.14,48.18,71.40,55.74
74.97,74.97,46.38,72.38,58.19
73.90,73.90,46.23,69.87,57.03
73.18,73.18,47.04,68.77,58.49
72.68,72.68,52.20,73.30,61.14
70.38,70.38,59.33,70.56,63.25
69.27,69.27,70.61,66.72,58.22
68.50,68.50,72.36,66.20,50.42
70.62,70.62,67.87,66.25,46.62
67.38,67.38,78.28,63.34,48.97
68.57,68.57,74.65,55.67,54.04
68.05,68.05,77.73,62.69,54.34
61.34,61.34,77.11,58.55,56.22
56.58,56.58,78.61,57.88,58.32
50.21,50.21,75.65,63.59,59.80
46.49,46.49,78.81,59.05,60.76
45.56,45.56,76.47,66.44,59.39
50.28,50.28,76.38,67.18,62.31
49.03,49.03,76.49,60.71,60.03
49.45,49.45,74.20,69.41,61.07
52.12,52.12,73.84,69.59,60.93
54.55,54.55,65.20,69.37,60.30
58.76,58.76,56.12,69.66,60.04
65.56,65.56,47.37,69.31,59.04
71.61,71.61,40.03,68.39,53.42
73.25,73.25,38.29,69.65,60.16
75.11,75.11,38.82,66.21,64.41
76.54,76.54,36.50,69.73,61.57
74.44,74.44,35.85,67.07,64.46
73.84,73.84,37.16,73.00,62.91
73.76,73.76,36.60,71.94,62.51
72.25,72.25,38.33,70.19,61.72
71.67,71.67,43.10,68.40,61.35
70.07,70.07,49.77,73.11,61.74
68.34,68.34,58.29,73.50,59.07
65.82,65.82,67.37,69.57,55.81
56.47,56.47,71.21,68.76,55.55
49.34,49.34,74.92,67.73,55.26
50.36,50.36,77.85,61.54,56.54
49.86,49.86,78.65,53.22,56.97
49.00,49.00,79.46,52.82,58.57
49.52,49.52,78.26,48.23,58.21
50.72,50.72,76.15,48.96,59.13
48.55,48.55,78.92,57.97,62.08
47.90,47.90,77.99,60.73,62.35
51.90,51.90,76.46,60.16,63.93
51.99,51.99,77.40,69.47,64.71
49.05,49.05,73.52,71.61,64.05
48.93,48.93,75.13,67.25,64.12
50.26,50.26,69.53,65.38,62.55
52.79,52.79,65.82,63.17,64.44
61.25,61.25,55.31,63.52,63.47
63.94,63.94,50.69,63.87,62.54
69.08,69.08,37.35,62.58,60.55
72.27,72.27,34.33,59.62,60.65
78.08,78.08,37.91,62.03,64.54
78.02,78.02,38.89,63.28,63.52
75.50,75.50,36.62,65.74,64.38
74.18,74.18,34.05,69.24,63.85
74.19,74.19,33.03,73.40,63.54
74.95,74.95,33.36,73.62,63.57
75.86,75.86,36.54,71.74,64.17
75.10,75.10,45.52,71.67,62.50
75.30,75.30,54.67,70.31,60.03
73.87,73.87,65.56,70.02,54.90
65.05,65.05,71.21,65.94,55.02
51.64,51.64,71.29,63.08,51.73
49.39,49.39,72.38,59.41,49.64
49.81,49.81,79.19,66.53,53.54
51.22,51.22,76.67,66.18,53.64
48.88,48.88,77.37,67.17,54.97
47.52,47.52,78.62,65.70,61.10
48.78,48.78,77.08,63.07,63.50
47.08,47.08,76.66,61.43,64.99
47.30,47.30,79.58,62.88,62.79
50.98,50.98,75.55,66.58,63.69
47.72,47.72,76.73,73.30,61.77
46.25,46.25,71.99,67.56,60.85
53.49,53.49,73.31,65.02,62.71
60.15,60.15,65.37,64.08,62.52
63.02,63.02,61.58,63.37,61.52
64.34,64.34,53.26,63.62,61.00
65.42,65.42,41.74,62.71,58.03
63.81,63.81,34.67,62.17,57.33
65.02,65.02,32.35,64.12,58.21
73.93,73.93,33.73,71.18,60.42
73.38,73.38,37.03,70.16,60.35
74.71,74.71,35.24,69.52,63.87
74.21,74.21,34.44,71.58,64.17
73.49,73.49,33.54,72.51,65.35
72.61,72.61,36.76,71.16,63.92
73.65,73.65,43.72,69.90,62.07
74.01,74.01,55.40,70.64,60.83
72.93,72.93,60.82,69.02,57.78
72.14,72.14,71.17,66.74,55.31
71.26,71.26,72.94,58.49,51.81
71.26,71.26,75.33,50.36,53.27
71.61,71.61,77.02,46.98,56.52
70.70,70.70,79.17,49.08,55.66
71.39,71.39,78.45,49.98,55.27
70.38,70.38,76.96,53.22,57.73
71.69,71.69,75.97,51.72,55.81
75.79,75.79,78.86,57.91,56.67
71.61,71.61,76.67,61.41,54.89
74.71,74.71,78.07,62.28,56.71
68.96,68.96,72.88,72.10,58.71
59.18,59.18,74.74,69.95,59.79
55.56,55.56,70.92,63.24,61.54
53.90,53.90,69.18,63.49,60.75
53.38,53.38,61.11,62.62,59.52
52.72,52.72,55.13,63.11,62.98
51.43,51.43,45.85,62.93,62.42
61.17,61.17,38.58,62.16,61.86
60.76,60.76,36.38,62.33,62.82
68.15,68.15,36.40,69.75,61.76
71.37,71.37,34.60,72.05,59.35
71.59,71.59,32.08,71.29,58.63
72.36,72.36,28.32,73.98,61.79
71.89,71.89,27.54,73.41,62.64
72.61,72.61,30.75,72.85,61.73
71.62,71.62,40.86,72.34,62.73
69.61,69.61,51.38,72.10,61.84
64.48,64.48,59.03,70.18,58.88
63.68,63.68,70.49,67.81,53.46
66.20,66.20,72.17,66.77,51.24
69.00,69.00,70.18,57.49,48.19
71.51,71.51,77.09,64.51,48.99
71.04,71.04,77.46,64.92,48.93
67.92,67.92,77.24,67.03,48.72
57.78,57.78,77.43,66.81,51.11
52.33,52.33,77.77,63.69,55.58
52.68,52.68,76.24,59.24,60.48
50.18,50.18,79.37,62.95,59.76
51.47,51.47,75.92,62.39,58.53
52.80,52.80,77.40,72.50,60.76
52.52,52.52,72.81,70.63,58.07
53.28,53.28,73.28,67.30,56.69
51.83,51.83,70.38,65.75,60.39
50.10,50.10,62.66,64.19,61.30
51.28,51.28,59.53,63.52,58.61
58.46,58.46,48.87,62.42,56.60
66.23,66.23,36.18,59.79,55.65
75.95,75.95,31.04,60.52,56.96
76.14,76.14,35.39,65.65,59.75
75.86,75.86,33.78,71.34,60.40
75.60,75.60,36.55,70.74,62.44
73.33,73.33,36.66,71.17,61.62
73.19,73.19,35.39,72.96,58.63
73.15,73.15,35.42,71.97,61.38
73.01,73.01,37.96,70.43,62.76
73.16,73.16,50.89,70.98,60.65
70.05,70.05,60.98,69.04,57.80
61.80,61.80,66.33,69.68,53.99
53.53,53.53,71.31,65.79,53.13
48.87,48.87,74.59,56.13,54.40
49.42,49.42,77.82,49.56,55.75
51.51,51.51,78.01,45.03,55.89
48.39,48.39,78.86,46.53,58.10
50.94,50.94,78.38,52.01,58.43
48.13,48.13,76.92,53.35,60.71
49.80,49.80,79.13,55.17,62.81
48.09,48.09,76.88,60.45,65.49
49.02,49.02,78.33,64.15,65.49
51.79,51.79,75.65,67.41,67.11
49.48,49.48,73.99,72.38,64.01
49.02,49.02,73.01,71.18,64.16
48.39,48.39,69.82,69.24,63.56
47.42,47.42,68.11,67.98,64.59
56.50,56.50,57.79,66.43,63.69
64.50,64.50,49.06,66.88,62.91
62.95,62.95,38.39,65.74,58.99
64.05,64.05,35.36,65.81,58.19
71.07,71.07,39.19,66.04,63.55
76.81,76.81,38.68,73.79,60.83
72.13,72.13,34.27,74.77,57.07
72.81,72.81,32.95,69.03,60.20
69.44,69.44,29.85,69.95,62.80
70.00,70.00,28.74,68.08,60.82
72.05,72.05,34.54,67.63,62.69
72.14,72.14,44.98,65.83,65.09
71.56,71.56,54.91,66.46,61.68
71.16,71.16,64.08,64.98,60.32
69.72,69.72,72.74,63.52,54.07
67.79,67.79,72.15,62.84,56.31
64.16,64.16,72.14,57.87,54.85
52.43,52.43,79.08,64.52,55.43
50.17,50.17,76.79,65.08,59.63
48.47,48.47,77.50,66.65,58.62
48.69,48.69,78.54,65.17,55.85
45.52,45.52,76.83,66.94,60.28
45.90,45.90,78.85,60.89,60.39
44.67,44.67,77.93,61.14,61.21
50.43,50.43,76.70,67.00,62.19
47.13,47.13,77.51,75.01,62.50
47.04,47.04,72.80,73.34,61.69
48.77,48.77,73.26,72.21,62.65
54.42,54.42,66.95,68.52,61.21
56.45,56.45,62.97,70.36,60.67
62.52,62.52,56.32,69.16,61.25
71.74,71.74,37.63,68.51,60.85
72.14,72.14,28.88,66.07,55.27
77.27,77.27,32.23,64.76,57.32
78.29,78.29,31.10,65.65,57.72
72.11,72.11,31.46,71.54,56.67
74.24,74.24,31.47,73.18,57.19
72.71,72.71,29.94,69.14,58.88
70.83,70.83,29.26,72.71,56.26
71.80,71.80,32.44,74.31,57.32
72.00,72.00,37.89,75.14,57.76
71.62,71.62,51.44,71.19,58.17
71.21,71.21,59.39,71.95,54.83
70.97,70.97,69.83,71.49,52.18
71.45,71.45,71.96,68.66,51.83
72.76,72.76,75.25,66.67,51.10
71.68,71.68,77.49,52.91,53.78
71.18,71.18,77.41,57.36,56.01
72.47,72.47,77.87,54.23,56.12
74.14,74.14,75.92,51.92,54.75
73.84,73.84,76.82,52.47,54.78
73.90,73.90,77.34,58.35,60.12
74.06,74.06,75.63,62.01,56.68
73.83,73.83,77.55,62.88,56.74
74.17,74.17,72.74,68.73,58.08
74.11,74.11,72.56,72.67,58.55
74.06,74.06,68.21,67.20,59.53
73.76,73.76,71.10,67.25,58.65
73.49,73.49,62.58,66.89,58.24
73.48,73.48,58.15,66.48,63.03
73.56,73.56,50.12,66.25,63.38
72.09,72.09,36.11,63.06,61.67
77.17,77.17,37.31,64.36,60.28
75.00,75.00,37.66,69.81,58.53
69.51,69.51,38.23,73.96,60.28
72.23,72.23,34.56,71.71,58.64
77.68,77.68,34.56,67.08,59.86
75.73,75.73,32.96,66.36,58.11
74.37,74.37,30.43,65.56,56.47
64.16,64.16,35.93,69.28,59.94
54.82,54.82,46.03,66.51,60.54
47.23,47.23,52.49,65.76,61.29
56.41,56.41,67.12,61.72,57.67
58.87,58.87,72.79,64.60,53.82
67.08,67.08,70.96,50.22,50.59
73.81,73.81,76.68,60.02,47.53
71.29,71.29,77.40,63.94,50.29
69.24,69.24,77.37,66.72,53.25
69.69,69.69,77.92,63.08,55.57
70.45,70.45,75.93,63.90,50.69
69.22,69.22,75.82,63.77,58.55
68.95,68.95,78.41,57.68,61.65
66.37,66.37,76.00,63.65,62.39
64.43,64.43,78.56,67.19,61.00
60.55,60.55,72.84,71.05,58.26
56.85,56.85,74.07,72.21,60.21
54.64,54.64,68.10,72.26,59.20
53.25,53.25,63.08,70.58,60.51
53.80,53.80,61.50,70.65,63.21
55.05,55.05,49.70,68.46,60.51
55.47,55.47,37.45,69.78,57.72
50.75,50.75,36.29,68.24,58.27
50.49,50.49,47.25,67.68,61.20
52.37,52.37,45.14,66.96,63.47
51.50,51.50,39.03,73.49,58.95
49.15,49.15,35.38,73.48,58.19
48.85,48.85,31.50,72.24,59.39
48.06,48.06,30.65,72.43,62.06
48.69,48.69,33.10,73.85,62.59
50.52,50.52,42.01,71.90,62.24
49.18,49.18,53.46,73.57,60.26
59.93,59.93,62.06,73.96,56.54
71.45,71.45,70.43,69.90,55.54
72.27,72.27,73.57,67.32,56.86
73.67,73.67,77.28,60.34,60.89
71.05,71.05,77.63,53.88,62.62
71.08,71.08,78.50,48.29,62.67
72.04,72.04,77.45,41.40,60.36
71.62,71.62,76.75,49.82,59.61
72.44,72.44,78.67,46.36,61.49
72.61,72.61,76.07,47.90,62.52
74.37,74.37,78.91,54.63,63.39
75.43,75.43,74.39,60.64,63.91
73.44,73.44,76.52,61.98,64.65
71.11,71.11,71.89,63.21,61.34
74.03,74.03,70.03,62.60,59.67
75.27,75.27,67.62,65.56,59.47
65.58,65.58,58.57,61.75,60.18
60.46,60.46,42.06,65.85,62.31
58.36,58.36,39.68,59.90,62.76
55.86,55.86,31.99,66.90,63.10
57.54,57.54,39.63,64.93,63.70
62.12,62.12,41.14,65.00,63.94
69.61,69.61,36.88,57.93,61.99
72.04,72.04,32.83,69.19,63.64
71.51,71.51,32.00,70.95,61.36
78.36,78.36,32.21,72.23,58.83
75.55,75.55,34.33,70.73,60.53
74.37,74.37,40.33,72.38,60.97
71.82,71.82,53.23,67.92,55.54
71.58,71.58,60.69,67.60,53.08
70.25,70.25,71.38,68.08,56.47
69.62,69.62,72.82,68.55,57.63
71.25,71.25,70.51,61.66,56.61
73.74,73.74,77.99,63.90,53.29
72.52,72.52,76.15,64.28,51.67
60.00,60.00,77.72,66.34,53.24
58.04,58.04,76.82,65.30,53.94
59.35,59.35,76.04,64.79,56.27
58.69,58.69,78.80,64.62,61.41
61.96,61.96,76.72,64.62,62.83
62.03,62.03,77.44,61.23,63.42
62.09,62.09,73.93,64.20,59.77
66.66,66.66,72.69,57.15,61.81
71.20,71.20,71.76,68.15,62.47
70.97,70.97,68.83,66.11,63.00
74.77,74.77,64.63,65.47,60.38
74.87,74.87,46.93,65.51,58.56
73.26,73.26,38.99,68.54,57.69
73.31,73.31,34.91,66.66,60.41
73.71,73.71,36.27,66.27,62.24
73.86,73.86,36.95,66.71,61.61
73.68,73.68,36.01,66.77,59.01
74.18,74.18,34.45,69.90,60.80
74.66,74.66,31.02,72.75,59.08
73.58,73.58,27.93,73.80,58.93
73.33,73.33,30.03,68.61,62.83
76.23,76.23,37.64,71.72,61.41
76.86,76.86,48.98,67.17,60.17
74.25,74.25,55.12,71.67,57.26
69.56,69.56,68.82,69.62,51.44
68.50,68.50,73.12,68.46,46.98
73.08,73.08,76.61,66.31,52.40
72.38,72.38,77.40,64.79,53.21
72.89,72.89,76.61,62.94,55.42
71.83,71.83,78.26,57.22,58.03
70.24,70.24,77.63,48.63,60.26
69.74,69.74,77.93,51.03,59.94
72.01,72.01,76.45,55.67,62.49
69.27,69.27,76.72,58.83,61.12
70.17,70.17,76.85,52.89,60.86
72.17,72.17,75.56,63.57,61.57
66.26,66.26,75.28,60.79,57.87
57.21,57.21,71.35,67.72,54.18
59.40,59.40,71.29,64.89,56.27
57.60,57.60,61.99,63.33,61.64
55.59,55.59,50.58,65.24,63.94
57.04,57.04,50.15,65.72,62.65
55.25,55.25,37.95,64.55,59.38
56.34,56.34,38.40,66.87,59.42
64.05,64.05,47.45,65.88,58.97
70.75,70.75,42.53,64.77,59.15
69.73,69.73,37.50,70.05,57.80
69.88,69.88,34.56,72.06,59.43
76.23,76.23,34.00,71.11,58.15
77.13,77.13,35.04,72.29,60.04
76.56,76.56,34.76,69.44,59.42
70.92,70.92,47.04,66.69,59.63
70.36,70.36,55.25,71.11,57.11
71.97,71.97,66.99,62.97,51.51
67.65,67.65,72.53,69.36,51.47
66.82,66.82,70.37,68.39,51.01
63.77,63.77,75.86,56.92,51.74
60.74,60.74,78.15,64.38,53.17
61.74,61.74,79.15,66.74,51.51
56.62,56.62,77.60,65.59,56.29
56.85,56.85,76.98,64.75,59.00
58.86,58.86,76.98,66.22,54.93
64.88,64.88,77.85,63.84,55.93
67.67,67.67,77.30,67.83,55.75
70.49,70.49,77.77,63.71,55.52
72.54,72.54,72.86,57.38,57.49
69.93,69.93,73.68,65.01,61.22
72.32,72.32,69.78,66.07,61.42
72.64,72.64,68.58,66.33,58.65
73.27,73.27,56.55,66.65,55.01
72.06,72.06,47.81,65.37,58.86
70.49,70.49,39.08,66.35,58.66
71.74,71.74,34.43,69.46,58.76
68.77,68.77,39.57,64.60,56.76
65.85,65.85,40.16,63.99,58.33
61.55,61.55,37.75,69.44,56.87
65.96,65.96,36.44,74.47,58.43
62.70,62.70,33.19,72.83,61.31
54.14,54.14,32.15,73.36,61.65
52.00,52.00,37.56,69.56,61.57
54.24,54.24,43.56,69.81,59.92
56.61,56.61,54.69,70.96,55.87
65.90,65.90,65.07,66.17,52.56
69.29,69.29,71.83,69.00,52.51
73.90,73.90,73.64,68.95,51.99
76.68,76.68,75.53,69.65,56.19
76.97,76.97,77.68,62.45,56.09
72.30,72.30,76.52,55.19,57.17
72.96,72.96,76.49,53.66,57.99
74.03,74.03,76.78,49.35,55.83
76.41,76.41,76.71,46.55,56.83
75.81,75.81,75.43,52.23,58.30
73.50,73.50,78.05,56.77,59.01
72.58,72.58,74.63,63.73,60.61
73.83,73.83,77.04,63.08,57.27
74.29,74.29,72.58,68.47,61.30
73.22,73.22,73.26,67.64,60.67
72.24,72.24,68.09,66.54,62.50
70.88,70.88,60.41,65.44,61.61
71.72,71.72,45.77,65.40,60.42
75.36,75.36,50.05,68.28,58.87
75.89,75.89,53.12,65.61,57.97
76.74,76.74,63.91,62.56,57.16
74.59,74.59,62.87,62.96,56.77
70.07,70.07,58.56,68.36,57.19
68.63,68.63,58.98,71.91,56.93
62.99,62.99,54.88,69.81,55.29
59.93,59.93,54.45,70.74,55.95
55.42,55.42,56.97,73.13,58.15
59.54,59.54,55.49,69.07,60.71
61.01,61.01,56.53,70.13,56.70
56.15,56.15,58.89,71.60,50.77
67.33,67.33,71.78,68.19,49.23
74.68,74.68,72.92,64.94,45.91
70.40,70.40,76.81,58.31,48.50
70.87,70.87,77.28,54.81,49.77
63.89,63.89,78.49,51.46,52.11
61.03,61.03,79.10,48.57,52.61
60.03,60.03,77.03,41.48,53.59
58.05,58.05,76.32,49.79,54.96
57.44,57.44,79.33,59.21,57.48
51.30,51.30,76.28,64.89,55.63
59.84,59.84,78.52,67.25,59.70
60.99,60.99,75.63,62.87,60.26
66.89,66.89,77.42,68.44,55.71
74.45,74.45,73.41,68.82,55.92
76.65,76.65,70.40,69.91,58.04
74.04,74.04,64.35,70.22,61.35
63.59,63.59,56.19,69.74,61.54
58.65,58.65,44.11,70.28,61.55
61.86,61.86,52.86,68.46,59.23
73.50,73.50,59.93,68.91,55.99
78.70,78.70,61.98,66.84,52.30
74.84,74.84,53.92,68.11,52.77
72.68,72.68,50.51,72.69,54.87
60.73,60.73,45.20,72.18,54.40
59.56,59.56,44.45,71.53,54.39
65.77,65.77,46.62,72.48,55.04
63.44,63.44,51.27,69.16,54.79
63.30,63.30,57.34,71.89,50.48
63.38,63.38,66.60,74.82,49.83
63.37,63.37,71.62,67.28,51.14
64.03,64.03,73.52,70.18,48.65
72.22,72.22,75.38,65.39,44.88
71.33,71.33,76.71,58.96,48.32
71.78,71.78,77.00,53.46,50.85
70.47,70.47,78.12,51.01,53.20
70.62,70.62,77.57,47.46,53.31
72.38,72.38,78.99,49.63,56.06
73.18,73.18,75.69,51.41,58.79
72.84,72.84,79.25,58.19,60.10
73.95,73.95,76.69,55.54,61.66
75.16,75.16,76.94,64.47,60.22
73.67,73.67,74.59,63.80,63.00
74.08,74.08,72.88,66.75,64.71
74.46,74.46,71.62,63.35,58.52
73.44,73.44,64.70,67.56,59.31
71.98,71.98,56.19,67.16,61.05
71.28,71.28,49.13,65.54,60.35
62.79,62.79,52.44,63.58,60.15
62.93,62.93,58.64,67.25,60.11
65.57,65.57,68.14,66.61,59.80
64.99,64.99,63.42,60.02,61.66
63.80,63.80,59.36,69.24,60.75
64.06,64.06,56.49,72.42,64.40
63.21,63.21,53.87,72.87,63.78
58.57,58.57,50.89,71.19,60.64
53.52,53.52,50.56,69.08,62.12
53.87,53.87,52.39,72.65,58.54
56.06,56.06,58.05,70.98,54.64
68.48,68.48,68.72,69.63,50.08
75.72,75.72,70.56,64.33,45.69
75.95,75.95,74.27,62.61,46.53
72.27,72.27,74.55,55.15,48.61
71.80,71.80,76.94,50.70,52.03
72.54,72.54,77.98,50.34,53.50
72.33,72.33,77.36,54.11,52.59
71.53,71.53,77.00,52.51,52.82
69.80,69.80,77.31,54.54,52.79
69.83,69.83,77.04,59.55,54.25
72.49,72.49,77.56,63.32,59.11
72.35,72.35,77.18,63.91,63.24
69.42,69.42,74.51,57.66,59.84
68.56,68.56,77.13,68.90,58.22
69.77,69.77,71.46,66.46,58.83
68.90,68.90,69.20,68.41,57.76
67.59,67.59,57.71,69.96,58.51
67.45,67.45,55.90,67.56,56.84
57.33,57.33,57.67,68.06,59.51
52.95,52.95,58.97,69.47,59.25
54.57,54.57,68.73,64.55,60.06
56.75,56.75,67.62,68.32,57.93
55.35,55.35,63.80,66.93,58.58
50.80,50.80,59.70,71.66,57.56
51.96,51.96,60.50,71.79,57.61
54.43,54.43,57.68,64.72,59.32
53.88,53.88,55.50,70.96,57.29
59.49,59.49,55.19,71.09,59.36
59.32,59.32,56.79,69.66,58.41
63.93,63.93,58.91,66.28,56.63
63.46,63.46,60.91,73.01,55.37
66.97,66.97,56.89,71.25,55.23
67.83,67.83,57.70,72.31,55.60
69.33,69.33,57.98,73.77,60.80
69.29,69.29,57.84,73.36,60.31
70.75,70.75,58.39,72.65,59.94
70.90,70.90,57.43,68.45,62.34
69.42,69.42,58.28,73.33,64.05
69.80,69.80,57.40,72.52,63.43
70.01,70.01,56.79,72.32,62.41
69.51,69.51,56.15,72.27,61.31
69.80,69.80,55.64,71.91,63.63
70.83,70.83,54.94,71.58,63.11
70.79,70.79,53.65,71.87,60.68
71.24,71.24,54.16,72.15,62.22
70.88,70.88,54.54,70.58,61.33
71.00,71.00,54.55,71.12,62.21
70.72,70.72,53.19,71.88,58.94
70.55,70.55,53.11,72.41,58.32
69.29,69.29,53.23,72.28,59.75
69.83,69.83,53.68,71.86,59.87
67.38,67.38,54.31,70.52,60.88
65.24,65.24,53.63,71.57,61.26
67.17,67.17,54.56,72.02,59.35
69.07,69.07,54.23,72.51,60.68
70.47,70.47,55.13,72.11,57.97
68.11,68.11,52.85,70.83,60.47
68.04,68.04,53.56,71.64,58.81
58.81,58.81,52.99,71.92,58.39
54.69,54.69,53.29,72.24,60.29
65.58,65.58,48.42,71.89,60.88
70.55,70.55,47.83,71.65,57.76
70.65,70.65,46.89,70.85,57.45
70.38,70.38,47.48,72.38,58.35
68.95,68.95,47.55,72.89,57.51
70.33,70.33,46.84,72.68,57.54
71.50,71.50,47.23,72.53,57.30
71.79,71.79,48.45,71.30,53.76
71.07,71.07,48.76,71.82,53.12
69.44,69.44,47.94,72.33,53.71
70.78,70.78,48.16,72.32,57.99
70.71,70.71,48.05,72.38,56.77
71.78,71.78,47.01,72.06,58.80
72.06,72.06,47.41,70.84,64.16
72.50,72.50,47.69,72.12,63.88
70.18,70.18,48.01,72.28,56.66
67.43,67.43,47.62,72.23,52.64
65.13,65.13,48.15,72.11,56.13
61.55,61.55,48.61,71.28,58.33
65.92,65.92,48.54,71.50,56.97
63.76,63.76,47.76,72.14,59.26
64.39,64.39,46.46,72.28,60.89
64.11,64.11,41.75,72.22,59.44
60.67,60.67,40.70,71.77,56.76
62.30,62.30,38.94,70.95,55.17
65.51,65.51,38.81,72.36,56.79
65.52,65.52,38.59,72.61,58.88
65.11,65.11,39.92,72.12,58.95
65.87,65.87,39.50,71.78,55.69
64.12,64.12,39.68,71.10,56.78
64.71,64.71,37.65,71.43,58.75
75.52,75.52,38.34,72.03,59.95
76.44,76.44,38.21,71.91,60.18
75.65,75.65,38.89,71.93,61.63
74.88,74.88,39.17,72.06,61.11
74.37,74.37,38.00,70.91,61.91
74.88,74.88,37.34,72.12,62.09
74.56,74.56,35.56,72.32,62.38
73.15,73.15,34.73,72.29,62.00
68.38,68.38,35.91,71.84,61.49
67.36,67.36,36.46,70.75,56.48
68.17,68.17,37.89,71.14,58.01
68.41,68.41,37.94,71.13,58.50
69.56,69.56,37.74,71.44,57.01
71.34,71.34,37.33,71.97,58.30
70.76,70.76,36.77,71.72,58.68
70.35,70.35,35.59,70.51,57.09
68.58,68.58,35.08,71.66,56.89
68.24,68.24,34.14,71.81,58.21
69.15,69.15,35.07,71.63,61.75
71.05,71.05,34.47,71.50,60.76
73.03,73.03,34.67,71.58,60.12
74.68,74.68,34.26,70.56,60.46
76.02,76.02,34.39,71.70,57.63
74.79,74.79,35.59,72.29,56.65
73.95,73.95,33.35,72.49,56.09
74.97,74.97,32.92,72.19,56.39
74.91,74.91,31.35,71.20,56.66
66.31,66.31,31.07,71.69,56.70
71.96,71.96,32.45,72.59,57.81
74.09,74.09,33.55,72.45,60.59
73.16,73.16,32.93,72.26,61.36
70.45,70.45,33.80,71.09,62.61
70.74,70.74,35.21,70.18,62.65
70.42,70.42,35.59,71.33,57.87
70.21,70.21,33.85,71.43,55.41
71.52,71.52,34.90,71.64,58.22
71.28,71.28,33.80,71.96,57.56
70.82,70.82,35.44,71.40,56.96
70.25,70.25,34.42,71.51,61.23
70.29,70.29,34.21,72.40,61.91
71.09,71.09,32.57,72.39,63.27
71.86,71.86,32.10,71.87,64.74
71.14,71.14,31.27,71.41,58.11
70.75,70.75,33.21,70.50,55.86
69.12,69.12,33.56,71.86,60.39
69.90,69.90,34.96,72.38,57.55
62.13,62.13,34.65,72.84,58.95
61.88,61.88,35.59,72.49,56.90
63.41,63.41,38.65,71.44,57.21
61.31,61.31,38.07,72.04,60.30
60.69,60.69,37.95,72.56,60.07
62.14,62.14,39.38,72.55,60.99
60.48,60.48,38.42,72.59,59.20
58.66,58.66,39.04,72.11,58.76
54.63,54.63,39.50,71.14,61.07
51.64,51.64,38.01,71.99,60.84
56.81,56.81,37.93,72.23,60.44
60.92,60.92,35.36,72.25,63.26
64.40,64.40,37.40,72.12,62.18
64.36,64.36,36.36,71.44,63.84
67.29,67.29,31.98,71.88,66.19
67.78,67.78,31.23,72.66,65.52
68.36,68.36,28.18,72.62,67.41
69.40,69.40,28.81,71.67,66.29
70.08,70.08,28.69,72.21,66.06
71.01,71.01,28.58,74.00,63.60
70.83,70.83,30.17,74.55,65.14
71.40,71.40,30.65,73.79,66.49
71.98,71.98,31.92,73.16,69.63
71.01,71.01,32.42,72.64,68.53
70.86,70.86,32.97,75.30,69.03
71.26,71.26,33.61,73.51,68.56
71.33,71.33,33.57,72.99,64.59
70.70,70.70,35.01,76.29,66.51
68.90,68.90,36.06,73.65,69.18
68.39,68.39,35.27,73.58,67.96
68.53,68.53,34.68,76.11,69.20
70.01,70.01,35.32,72.81,67.01
71.29,71.29,34.45,75.14,63.90
69.64,69.64,35.06,74.59,62.34
70.09,70.09,35.67,73.53,58.88
70.22,70.22,36.96,76.39,56.22
68.34,68.34,35.94,74.33,57.68
66.91,66.91,34.05,73.66,56.73
67.95,67.95,34.12,76.35,55.60
70.11,70.11,32.04,73.92,55.02
70.02,70.02,30.65,74.39,58.30
72.06,72.06,27.62,76.01,56.78
71.16,71.16,28.63,73.50,57.56
71.55,71.55,29.79,75.34,58.00
72.38,72.38,31.91,74.50,60.21
71.86,71.86,33.78,73.89,60.05
71.94,71.94,33.83,76.28,59.62
70.57,70.57,34.45,73.63,59.87
72.41,72.41,34.52,73.68,59.70
72.87,72.87,35.25,76.07,59.87
72.95,72.95,33.96,73.25,61.25
72.00,72.00,34.41,74.43,60.16
71.86,71.86,33.55,75.80,59.71
72.83,72.83,32.55,73.21,58.64
73.31,73.31,33.44,75.73,59.12
73.47,73.47,32.63,74.25,54.74
73.11,73.11,30.87,73.18,56.90
68.93,68.93,27.99,75.96,56.31
60.84,60.84,29.87,73.75,58.54
59.74,59.74,28.57,74.22,59.23
61.53,61.53,34.21,76.81,59.94
62.27,62.27,41.86,73.92,59.54
63.55,63.55,34.97,75.18,61.13
62.32,62.32,33.17,75.43,63.59
62.02,62.02,33.74,74.25,63.30
62.79,62.79,36.00,76.89,62.70
63.85,63.85,36.31,74.97,61.68
63.25,63.25,34.69,74.39,63.55
64.44,64.44,31.35,76.66,63.01
61.08,61.08,28.67,74.18,59.36
67.38,67.38,27.04,74.87,55.92
78.07,78.07,31.04,76.29,54.80
68.27,68.27,32.07,74.23,54.53
69.96,69.96,30.40,74.45,53.77
70.19,70.19,25.76,73.24,58.03
71.94,71.94,25.60,73.38,57.65
73.82,73.82,25.75,71.25,59.60
71.92,71.92,23.14,68.83,60.82
70.97,70.97,21.60,69.53,61.19
73.84,73.84,21.54,69.68,61.64
71.62,71.62,23.94,67.45,63.00
70.94,70.94,23.30,67.14,59.83
70.46,70.46,23.70,65.65,60.19
72.07,72.07,25.20,65.84,58.49
72.54,72.54,24.26,67.38,57.55
71.23,71.23,26.95,66.14,58.02
72.94,72.94,27.14,65.44,56.59
73.29,73.29,27.41,66.61,56.38
70.35,70.35,28.60,65.92,55.04
69.87,69.87,28.30,66.89,54.51
72.34,72.34,30.48,66.22,53.92
68.02,68.02,29.53,66.77,52.89
68.21,68.21,27.98,67.55,51.64
72.16,72.16,25.43,66.99,53.10
72.84,72.84,23.35,66.39,52.93
71.45,71.45,25.41,67.42,52.91
71.99,71.99,26.44,67.68,54.01
67.01,67.01,26.04,66.73,56.55
62.11,62.11,24.76,67.16,55.96
69.65,69.65,24.17,67.35,57.60
69.06,69.06,23.52,67.51,58.36
68.29,68.29,25.31,66.03,56.23
69.71,69.71,25.52,66.37,53.12
70.46,70.46,27.66,67.74,53.12
70.79,70.79,28.84,65.88,55.18
70.33,70.33,28.39,65.40,57.19
71.09,71.09,29.60,66.54,56.63
71.63,71.63,29.69,66.26,53.87
71.95,71.95,28.79,65.93,54.94
72.17,72.17,31.00,66.00,59.79
71.68,71.68,31.46,66.78,64.10
70.81,70.81,29.62,66.67,64.39
72.12,72.12,29.78,65.39,63.73
72.34,72.34,31.62,66.32,61.45
72.55,72.55,31.25,66.24,62.33
70.85,70.85,28.21,66.78,60.80
71.38,71.38,29.85,64.82,55.05
71.01,71.01,30.72,66.03,52.30
65.70,65.70,36.38,66.43,51.64
67.08,67.08,34.37,66.34,57.96
67.17,67.17,34.16,65.59,58.11
65.87,65.87,35.17,67.05,57.21
66.47,66.47,36.25,67.67,56.54
65.99,65.99,33.94,66.78,53.72
66.46,66.46,33.85,65.81,57.84
66.39,66.39,31.30,67.42,61.25
67.32,67.32,29.70,67.01,59.94
69.94,69.94,27.26,66.68,60.07
73.30,73.30,26.60,67.08,58.51
73.39,73.39,26.42,67.50,57.79
72.94,72.94,25.26,68.61,60.27
73.13,73.13,26.28,68.30,60.99
72.25,72.25,26.99,68.51,62.76
72.16,72.16,27.90,68.49,62.62
72.33,72.33,27.17,68.21,61.42
72.53,72.53,26.02,68.92,61.53
73.10,73.10,27.35,68.65,61.97
73.80,73.80,27.05,68.97,61.62
73.79,73.79,27.05,70.25,62.62
73.06,73.06,25.64,68.02,60.37
72.89,72.89,25.76,69.60,59.19
73.19,73.19,24.42,69.12,58.24
72.55,72.55,27.56,70.76,59.84
72.71,72.71,28.29,68.88,60.36
72.33,72.33,28.47,70.72,59.56
72.49,72.49,28.82,68.86,62.18
73.07,73.07,26.75,71.15,62.35
72.63,72.63,28.99,69.86,60.63
73.92,73.92,26.16,71.35,65.44
71.31,71.31,27.80,70.66,68.99
66.58,66.58,29.09,70.59,66.31
66.61,66.61,27.38,71.39,62.61
63.49,63.49,27.61,69.36,62.31
57.21,57.21,20.88,71.51,62.41
53.16,53.16,19.94,69.99,64.33
53.27,53.27,19.27,71.76,62.71
54.95,54.95,24.78,69.04,60.48
57.78,57.78,30.53,71.01,60.81
69.95,69.95,25.53,70.47,60.60
70.49,70.49,27.12,71.09,60.22
71.76,71.76,27.67,70.32,59.85
73.97,73.97,28.39,69.34,58.89
73.57,73.57,27.87,71.42,58.97
70.14,70.14,29.15,69.40,60.34
70.92,70.92,28.55,71.29,60.00
72.64,72.64,28.45,69.05,61.75
71.21,71.21,29.07,71.25,60.10
71.32,71.32,30.22,69.30,61.89
72.51,72.51,31.50,70.72,62.68
73.75,73.75,31.70,70.43,62.27
73.87,73.87,31.70,69.25,60.74
72.30,72.30,31.06,70.53,63.28
71.89,71.89,30.72,68.23,63.19
72.31,72.31,32.50,70.71,62.77
71.86,71.86,31.92,69.15,60.29
72.13,72.13,31.42,71.28,62.28
71.92,71.92,33.46,69.44,60.88
69.70,69.70,31.98,70.90,58.73
67.88,67.88,31.99,70.40,58.28
64.42,64.42,29.28,70.70,62.73
55.93,55.93,28.61,71.45,60.94
50.78,50.78,31.75,70.07,63.86
51.50,51.50,37.15,71.78,64.80
49.59,49.59,34.55,69.13,62.44
48.41,48.41,27.27,71.12,59.72
53.28,53.28,32.50,69.50,59.51
60.53,60.53,31.09,71.15,61.30
73.23,73.23,31.64,69.34,61.00
71.06,71.06,31.60,70.60,61.51
70.60,70.60,30.34,71.24,58.34
71.02,71.02,31.79,70.14,59.85
69.63,69.63,30.77,71.01,60.91
69.27,69.27,30.96,69.20,61.20
70.76,70.76,31.82,71.20,64.61
69.76,69.76,35.96,69.46,62.78
70.67,70.67,34.77,71.16,61.49
74.24,74.24,33.68,69.76,60.31
76.37,76.37,33.18,71.30,57.95
76.69,76.69,34.40,71.24,59.02
74.82,74.82,31.12,70.25,61.24
73.57,73.57,33.80,71.03,58.38
72.89,72.89,33.82,69.15,59.80
74.89,74.89,31.68,70.76,58.13
73.97,73.97,31.89,68.54,58.38
73.38,73.38,32.44,70.50,56.90
73.37,73.37,32.72,68.99,57.66
73.97,73.97,29.99,70.77,59.13
72.90,72.90,31.26,70.08,56.78
72.94,72.94,32.18,69.22,59.13
74.52,74.52,30.99,70.65,60.11
74.12,74.12,31.20,68.73,59.18
74.38,74.38,33.30,70.63,59.83
73.17,73.17,35.02,69.08,60.68
72.26,72.26,33.05,71.47,60.28
73.60,73.60,32.72,69.29,57.54
70.72,70.72,33.65,71.23,58.81
71.29,71.29,35.52,70.58,60.36
71.49,71.49,35.97,70.83,59.84
70.19,70.19,39.22,70.96,58.95
68.61,68.61,36.35,69.45,59.37
69.11,69.11,35.97,71.41,59.75
69.99,69.99,36.29,69.51,61.37
72.07,72.07,34.84,71.36,62.35
72.65,72.65,34.37,69.41,61.42
70.06,70.06,33.97,71.16,58.95
67.04,67.04,32.26,69.72,57.10
64.06,64.06,34.49,70.55,62.87
62.27,62.27,34.97,70.69,62.96
56.65,56.65,30.62,69.66,65.01
50.65,50.65,29.98,71.49,65.32
51.02,51.02,37.21,69.79,62.46
50.89,50.89,36.74,71.90,61.06
54.39,54.39,32.98,70.35,62.42
70.49,70.49,30.66,71.95,63.36
74.78,74.78,30.62,69.86,62.36
75.24,75.24,30.16,70.98,59.98
74.14,74.14,30.28,70.23,59.73
73.48,73.48,31.34,69.39,59.70
72.22,72.22,29.07,71.12,59.25
71.66,71.66,30.61,69.86,60.51
71.43,71.43,31.73,71.41,58.86
71.87,71.87,31.03,69.31,58.32
71.15,71.15,31.05,71.56,62.18
69.12,69.12,33.05,69.57,60.21
69.99,69.99,31.03,70.65,58.04
69.28,69.28,33.26,68.98,59.89
72.16,72.16,32.37,69.48,59.66
71.71,71.71,33.82,70.51,61.21
67.82,67.82,34.45,69.41,61.83
66.58,66.58,35.69,70.44,62.93
67.89,67.89,33.29,69.43,65.23
69.29,69.29,32.37,69.18,65.81
69.36,69.36,32.62,70.14,66.24
66.78,66.78,32.02,68.74,66.74
65.58,65.58,33.01,69.90,66.26
67.86,67.86,34.76,68.34,63.31
69.21,69.21,33.04,68.45,65.25
68.33,68.33,34.01,70.11,64.15
65.91,65.91,32.47,69.72,64.61
66.21,66.21,32.93,68.45,64.41
65.35,65.35,34.36,69.03,63.79
64.20,64.20,34.05,70.03,64.27
65.28,65.28,33.80,69.15,62.77
65.82,65.82,33.34,68.84,61.64
66.86,66.86,34.19,68.45,62.61
66.65,66.65,33.37,69.99,65.52
65.92,65.92,34.55,69.51,67.08
68.24,68.24,35.83,69.54,65.70
70.82,70.82,34.24,69.73,63.93
70.14,70.14,33.92,70.20,62.88
69.72,69.72,34.98,69.69,64.39
68.29,68.29,35.12,68.98,62.83
68.43,68.43,35.95,69.33,62.95
66.24,66.24,35.57,70.18,61.46
64.56,64.56,34.51,69.32,62.66
66.15,66.15,34.43,69.25,62.07
68.88,68.88,33.81,69.12,60.36
71.44,71.44,32.35,70.31,60.44
71.86,71.86,34.11,69.39,59.11
69.71,69.71,33.66,69.18,58.82
71.16,71.16,34.52,68.94,61.74
68.14,68.14,34.55,69.87,60.60
68.42,68.42,35.26,69.44,58.41
69.42,69.42,35.20,68.44,60.37
67.87,67.87,35.07,69.10,60.57
68.18,68.18,34.43,69.70,60.37
65.76,65.76,34.85,68.11,65.43
65.02,65.02,35.41,68.63,67.53
64.31,64.31,35.38,68.37,67.07
64.21,64.21,36.24,69.80,64.65
65.28,65.28,36.53,68.85,66.40
66.51,66.51,36.87,68.26,66.66
66.81,66.81,36.74,69.17,66.56
65.68,65.68,37.06,70.55,66.16
66.13,66.13,39.06,68.92,66.91
66.19,66.19,38.76,68.58,64.01
68.45,68.45,40.69,69.10,62.77
64.66,64.66,40.86,70.30,60.12
65.17,65.17,40.43,68.95,61.95
63.84,63.84,40.71,68.60,60.25
64.16,64.16,40.56,69.06,59.89
64.44,64.44,40.65,69.90,61.02
65.40,65.40,40.38,68.91,65.72
65.27,65.27,40.38,68.85,60.34
60.21,60.21,38.22,69.00,57.66
54.89,54.89,39.18,70.50,62.77
54.56,54.56,39.90,69.53,59.78
55.07,55.07,40.12,68.80,62.49
55.32,55.32,39.01,69.61,63.90
53.83,53.83,38.70,70.60,65.47
51.68,51.68,39.31,69.47,65.93
51.71,51.71,40.70,69.65,65.57
51.30,51.30,38.84,69.39,64.95
50.69,50.69,38.99,70.50,66.31
52.59,52.59,38.19,69.11,65.42
52.16,52.16,37.69,68.62,64.23
49.07,49.07,40.83,69.74,63.70
52.06,52.06,42.20,70.55,64.81
54.39,54.39,41.82,69.21,65.08
52.97,52.97,42.11,69.15,63.03
52.91,52.91,43.30,69.80,62.39
50.62,50.62,41.21,70.51,61.68
52.97,52.97,43.31,69.37,62.45
53.22,53.22,37.72,69.73,62.74
54.58,54.58,31.83,70.59,60.11
56.55,56.55,31.65,71.45,59.92
58.83,58.83,30.50,70.14,61.17
63.55,63.55,32.15,69.97,61.33
65.53,65.53,31.25,69.86,61.21
68.63,68.63,26.49,70.57,59.19
68.74,68.74,26.29,69.91,57.98
67.89,67.89,26.81,69.36,61.11
70.13,70.13,25.98,70.23,63.28
72.88,72.88,27.01,70.64,64.28
72.76,72.76,27.33,69.13,63.82
71.50,71.50,28.71,69.30,63.51
72.12,72.12,31.73,69.82,62.09
71.92,71.92,33.92,70.41,58.79
72.05,72.05,35.50,69.42,58.01
71.56,71.56,34.79,68.89,61.14
72.00,72.00,33.33,69.87,60.27
72.56,72.56,34.02,70.46,56.39
72.59,72.59,32.76,68.93,56.05
72.68,72.68,33.39,69.14,59.49
71.91,71.91,32.04,69.55,59.08
72.26,72.26,29.34,69.69,58.70
71.65,71.65,33.95,68.81,62.34
70.84,70.84,32.87,68.22,57.84
70.35,70.35,32.72,69.58,60.56
70.55,70.55,33.36,69.92,61.96
69.44,69.44,30.93,68.20,62.77
70.96,70.96,30.49,68.35,63.98
70.13,70.13,32.56,68.92,61.35
70.00,70.00,31.13,69.10,56.25
69.91,69.91,30.10,68.92,58.87
68.28,68.28,32.21,68.67,59.15
64.81,64.81,32.48,69.52,62.60
60.84,60.84,34.52,69.33,61.86
61.39,61.39,38.36,68.88,61.52
60.53,60.53,47.80,68.35,61.76
59.57,59.57,54.51,69.11,61.41
63.59,63.59,67.06,65.35,60.28
66.48,66.48,74.91,56.23,59.27
69.34,69.34,79.28,55.50,58.19
72.60,72.60,75.60,55.31,57.83
71.86,71.86,78.64,52.96,61.52
69.72,69.72,76.79,48.76,64.74
71.40,71.40,73.07,53.60,63.05
70.54,70.54,69.89,46.54,66.41
71.27,71.27,66.60,58.48,65.82
71.48,71.48,57.07,60.46,67.92
71.39,71.39,64.98,62.16,63.35
70.93,70.93,72.79,63.10,64.96
69.23,69.23,71.21,66.03,62.58
70.09,70.09,65.66,66.95,62.49
70.02,70.02,59.57,67.35,62.72
69.61,69.61,60.67,68.78,60.47
69.24,69.24,53.98,69.68,58.86
69.43,69.43,50.85,70.47,61.05
69.83,69.83,54.45,70.97,62.60
70.92,70.92,58.10,71.29,62.03
69.22,69.22,63.92,70.87,62.13
66.35,66.35,71.01,70.65,63.32
65.68,65.68,68.81,71.10,62.01
66.75,66.75,65.56,72.16,60.96
64.76,64.76,62.32,71.90,61.25
64.47,64.47,59.72,71.56,63.30
68.50,68.50,55.55,70.57,59.78
68.81,68.81,51.88,71.56,58.93
70.45,70.45,51.85,72.00,58.42
70.52,70.52,58.07,72.03,56.44
68.36,68.36,68.42,71.61,56.53
70.16,70.16,70.75,70.26,57.97
70.27,70.27,66.31,70.61,58.76
70.28,70.28,65.18,71.69,59.15
68.96,68.96,62.91,71.89,58.21
68.09,68.09,55.45,72.16,57.27
68.81,68.81,52.78,71.78,57.72
69.34,69.34,48.40,70.85,58.31
69.66,69.66,42.25,71.88,58.07
70.23,70.23,41.14,71.73,53.97
72.00,72.00,38.49,71.84,54.07
72.14,72.14,38.30,71.99,55.17
72.15,72.15,36.31,71.62,58.28
71.56,71.56,37.87,70.65,56.72
71.07,71.07,41.91,72.11,53.98
70.67,70.67,41.33,72.17,55.64
71.11,71.11,42.62,72.49,56.51
70.04,70.04,44.57,71.70,55.12
66.25,66.25,44.03,70.66,56.24
63.61,63.61,41.66,72.04,56.48
63.51,63.51,43.97,72.25,58.36
69.82,69.82,43.04,72.47,60.36
62.91,62.91,39.49,72.34,61.29
64.02,64.02,35.21,72.24,60.76
63.05,63.05,32.28,71.28,61.60
62.15,62.15,34.15,71.92,59.03
62.04,62.04,40.01,72.11,62.94
65.83,65.83,48.37,72.54,62.55
65.83,65.83,58.20,71.97,61.57
67.38,67.38,68.98,70.60,60.88
69.40,69.40,77.75,69.57,57.81
71.04,71.04,72.67,67.41,57.07
73.56,73.56,74.19,64.54,58.48
73.59,73.59,75.07,62.40,60.12
73.61,73.61,72.44,60.86,60.65
73.49,73.49,70.66,59.67,61.13
74.44,74.44,68.87,53.13,61.66
73.89,73.89,57.89,60.09,62.00
74.29,74.29,57.49,62.49,62.94
72.23,72.23,64.40,63.15,63.53
72.68,72.68,69.18,63.40,62.70
73.71,73.71,65.39,65.58,61.31
74.93,74.93,64.49,67.22,62.52
75.57,75.57,59.34,68.39,61.43
75.32,75.32,52.07,68.89,62.57
75.10,75.10,53.21,69.49,62.12
71.27,71.27,50.27,69.22,59.97
70.73,70.73,50.90,71.04,59.41
71.42,71.42,60.13,71.48,62.45
71.17,71.17,68.42,71.61,61.42
72.71,72.71,70.32,70.97,60.85
73.61,73.61,66.25,69.50,61.15
72.63,72.63,61.85,70.23,61.61
71.21,71.21,58.05,70.71,63.38
68.18,68.18,55.40,71.19,63.36
68.32,68.32,51.13,71.47,63.28
70.07,70.07,49.33,70.81,61.27
73.41,73.41,53.39,69.80,61.23
68.11,68.11,60.50,70.90,60.29
68.65,68.65,70.03,70.99,60.99
66.23,66.23,67.51,71.57,60.57
65.80,65.80,66.44,70.98,60.02
70.40,70.40,64.18,70.55,60.64
70.01,70.01,55.81,70.67,59.72
68.83,68.83,54.36,71.76,59.61
69.88,69.88,48.91,72.15,59.61
70.27,70.27,41.13,72.32,58.28
67.96,67.96,39.64,71.82,59.70
66.61,66.61,38.21,71.00,56.90
66.88,66.88,37.88,72.02,57.52
66.32,66.32,38.06,72.47,59.73
68.36,68.36,37.52,72.34,59.76
68.93,68.93,34.04,71.87,60.54
69.09,69.09,35.02,70.76,59.40
69.79,69.79,34.54,70.98,60.97
71.10,71.10,36.45,71.69,61.35
72.14,72.14,35.86,72.07,58.77
72.80,72.80,34.67,71.93,58.18
71.65,71.65,33.50,71.24,57.92
68.14,68.14,34.45,69.98,58.81
69.73,69.73,34.97,71.63,56.12
65.59,65.59,37.10,72.18,55.94
65.70,65.70,38.59,72.48,57.26
67.40,67.40,35.74,72.72,57.20
69.93,69.93,37.76,71.56,57.81
70.80,70.80,46.44,71.64,59.29
71.08,71.08,53.49,72.29,58.89
70.92,70.92,64.36,71.37,56.93
70.59,70.59,74.00,69.33,57.70
69.08,69.08,77.68,61.01,58.79
69.17,69.17,71.72,56.91,62.04
68.97,68.97,71.87,63.98,62.47
69.21,69.21,71.94,66.16,62.92
69.36,69.36,72.24,68.08,64.85
67.95,67.95,69.91,66.03,66.94
68.15,68.15,60.41,62.43,65.73
68.66,68.66,55.10,60.63,64.83
69.32,69.32,63.60,63.12,67.34
69.49,69.49,70.47,65.46,66.19
68.44,68.44,70.49,66.11,64.20
68.68,68.68,66.90,67.02,63.18
67.86,67.86,61.18,69.62,64.56
67.99,67.99,56.71,72.39,64.68
67.13,67.13,53.67,71.18,64.48
65.62,65.62,48.80,72.96,63.41
64.88,64.88,50.88,74.98,63.11
62.88,62.88,57.29,73.03,64.14
62.22,62.22,64.43,75.47,61.81
64.80,64.80,71.02,74.51,61.88
63.60,63.60,69.52,73.25,61.03
63.61,63.61,66.78,76.38,61.86
64.87,64.87,61.98,73.73,61.02
67.14,67.14,55.40,73.22,61.79
66.68,66.68,53.13,76.29,61.14
63.03,63.03,53.09,73.42,61.75
61.61,61.61,52.91,74.76,61.36
62.61,62.61,59.75,75.86,61.37
62.71,62.71,66.51,73.66,58.77
68.68,68.68,71.04,76.12,61.19
70.29,70.29,67.77,73.82,64.72
71.90,71.90,66.59,73.28,63.25
72.08,72.08,60.60,76.09,58.36
71.93,71.93,55.11,73.46,59.91
72.07,72.07,48.67,73.66,61.69
73.29,73.29,45.19,76.20,62.27
73.50,73.50,41.56,73.48,64.87
73.48,73.48,35.74,75.24,57.82
72.34,72.34,34.43,75.27,59.06
72.81,72.81,32.05,73.65,61.54
74.20,74.20,30.89,76.02,59.18
74.17,74.17,31.72,73.99,59.99
73.02,73.02,36.50,73.72,61.50
72.21,72.21,36.83,76.54,62.15
70.64,70.64,37.78,73.27,60.01
66.62,66.62,39.12,74.26,60.78
62.24,62.24,37.42,76.03,60.66
61.94,61.94,38.58,73.64,61.32
60.63,60.63,41.18,74.90,60.28
62.34,62.34,43.23,75.16,60.55
63.01,63.01,42.21,72.86,60.50
59.87,59.87,41.62,76.01,59.46
56.44,56.44,40.70,73.26,59.23
53.01,53.01,39.56,73.18,58.07
55.16,55.16,43.24,76.04,55.22
55.52,55.52,47.56,72.93,55.02
58.97,58.97,59.09,74.27,56.21
60.92,60.92,68.09,75.69,58.04
66.59,66.59,77.61,71.74,57.50
73.17,73.17,72.64,73.85,56.83
72.04,72.04,74.63,71.99,57.23
72.92,72.92,72.37,70.28,58.61
71.07,71.07,70.78,66.82,58.84
68.99,68.99,69.68,64.84,60.64
70.62,70.62,65.53,53.12,63.01
71.25,71.25,61.67,59.59,62.53
72.77,72.77,57.18,57.84,63.43
72.57,72.57,66.33,63.63,64.85
72.75,72.75,67.55,60.72,64.51
74.13,74.13,68.66,61.73,63.82
75.09,75.09,61.76,60.48,62.05
75.36,75.36,56.48,59.19,62.82
74.51,74.51,56.92,62.24,62.22
72.57,72.57,56.54,63.30,63.02
70.86,70.86,47.88,63.46,63.03
72.62,72.62,49.53,60.83,61.74
72.58,72.58,57.39,62.06,62.10
72.94,72.94,68.43,63.99,60.91
73.39,73.39,69.15,65.25,59.86
72.83,72.83,66.38,61.71,58.40
72.57,72.57,60.56,61.45,59.39
73.88,73.88,56.57,65.08,59.61
75.17,75.17,53.04,66.05,58.53
68.61,68.61,48.95,65.64,58.12
59.76,59.76,47.65,66.49,58.30
63.64,63.64,51.92,66.53,61.38
71.64,71.64,63.49,65.81,61.30
71.96,71.96,69.62,65.99,61.43
69.71,69.71,69.79,67.11,61.93
68.67,68.67,63.66,64.72,60.70
70.17,70.17,61.22,63.54,64.65
71.97,71.97,57.09,66.43,62.98
72.33,72.33,53.71,67.53,60.38
72.89,72.89,44.93,66.86,63.46
72.59,72.59,48.73,64.98,60.96
71.36,71.36,55.65,64.65,59.30
71.47,71.47,63.54,65.15,59.86
71.11,71.11,70.30,65.74,58.88
73.03,73.03,68.06,63.07,59.55
74.43,74.43,62.45,61.62,61.23
72.36,72.36,58.89,63.38,61.52
72.94,72.94,55.20,64.91,62.65
75.74,75.74,52.54,65.01,62.19
74.66,74.66,45.25,62.79,60.87
74.11,74.11,45.70,62.81,62.64
72.74,72.74,54.15,62.14,62.09
73.51,73.51,66.21,64.50,60.22
73.85,73.85,69.94,65.41,59.40
70.99,70.99,67.57,61.92,60.39
69.44,69.44,62.79,58.96,57.54
69.60,69.60,57.99,63.31,60.97
67.39,67.39,53.06,65.26,61.33
67.02,67.02,47.80,62.95,59.68
69.13,69.13,47.50,62.65,63.46
69.45,69.45,54.65,63.00,61.74
66.89,66.89,62.48,63.80,62.69
68.52,68.52,73.05,63.59,61.60
72.09,72.09,78.27,63.10,60.63
70.00,70.00,73.86,59.61,61.78
70.88,70.88,75.83,59.74,60.82
71.35,71.35,74.06,63.58,61.18
71.45,71.45,73.76,61.70,62.99
70.94,70.94,72.38,61.71,63.34
71.43,71.43,63.13,62.94,64.04
70.62,70.62,56.22,64.40,63.23
71.52,71.52,59.92,63.61,61.50
72.64,72.64,70.14,65.22,62.45
72.25,72.25,70.05,64.64,62.22
71.68,71.68,66.66,67.18,64.71
72.85,72.85,62.15,68.19,62.36
73.30,73.30,58.23,69.48,65.17
73.12,73.12,56.97,68.84,63.19
71.40,71.40,51.40,71.00,62.42
71.78,71.78,52.11,69.18,60.71
70.99,70.99,57.53,70.85,62.03
70.09,70.09,66.92,66.39,62.67
69.69,69.69,76.49,61.82,62.23
70.88,70.88,73.89,59.89,59.47
72.25,72.25,74.19,56.51,63.63
72.44,72.44,74.90,50.67,58.55
67.41,67.41,74.61,55.32,59.14
60.98,60.98,73.77,58.54,63.57
55.70,55.70,68.10,55.71,62.72
50.14,50.14,61.36,61.14,60.49
54.28,54.28,58.48,61.65,61.81
58.90,58.90,64.46,64.50,60.64
66.88,66.88,70.37,61.96,58.17
66.77,66.77,68.77,66.72,62.06
69.02,69.02,63.68,67.58,62.69
70.52,70.52,59.46,68.10,62.51
71.74,71.74,57.81,69.53,61.14
72.85,72.85,54.52,68.63,62.91
71.87,71.87,47.42,70.61,63.83
71.31,71.31,44.49,68.89,62.46
70.56,70.56,42.06,71.60,63.93
69.31,69.31,41.12,69.46,63.73
70.10,70.10,41.29,70.54,62.72
70.50,70.50,39.94,71.05,64.71
70.49,70.49,38.81,69.64,64.81
69.98,69.98,39.29,71.00,64.67
69.81,69.81,38.89,68.88,63.40
71.13,71.13,36.65,71.07,61.00
68.86,68.86,38.40,68.65,61.39
66.39,66.39,37.94,70.94,63.30
69.31,69.31,38.24,69.03,62.28
70.83,70.83,37.74,70.65,64.60
72.18,72.18,37.62,70.75,64.28
73.02,73.02,36.70,70.09,63.70
72.31,72.31,36.06,71.15,61.27
72.41,72.41,34.46,69.02,63.13
72.26,72.26,35.38,71.28,64.23
71.39,71.39,39.11,68.52,62.14
69.65,69.65,47.78,71.21,60.54
65.76,65.76,56.54,69.11,62.87
66.27,66.27,67.88,67.96,63.51
66.12,66.12,77.20,66.89,62.87
62.35,62.35,73.44,65.15,61.26
67.95,67.95,74.93,65.38,62.25
69.42,69.42,74.46,59.45,61.78
69.17,69.17,74.20,58.14,63.51
69.84,69.84,74.26,63.17,63.58
70.00,70.00,68.23,61.94,60.64
68.63,68.63,60.91,61.41,63.30
68.95,68.95,57.19,64.87,64.63
70.95,70.95,64.61,63.07,65.52
71.53,71.53,71.03,64.61,63.08
72.86,72.86,68.69,65.88,65.08
74.02,74.02,65.34,67.77,65.52
75.32,75.32,59.96,68.64,63.45
74.91,74.91,56.40,67.11,62.85
74.56,74.56,53.01,70.05,63.80
74.39,74.39,50.33,68.38,62.85
73.23,73.23,50.79,70.61,62.58
73.29,73.29,60.33,67.96,61.79
73.24,73.24,71.91,67.41,61.09
70.10,70.10,77.51,66.64,58.06
70.41,70.41,72.51,65.16,58.85
71.70,71.70,74.94,63.39,59.65
72.24,72.24,75.18,60.86,59.42
70.47,70.47,75.41,61.81,60.04
69.85,69.85,72.56,60.27,59.66
69.80,69.80,64.40,59.44,61.35
70.58,70.58,59.57,59.56,57.53
70.18,70.18,61.93,63.08,61.39
70.87,70.87,70.23,61.62,57.79
70.58,70.58,71.07,65.45,61.16
70.19,70.19,65.79,66.27,59.50
70.01,70.01,62.31,68.34,61.96
69.45,69.45,59.03,69.88,62.34
71.04,71.04,56.32,68.72,63.40
70.72,70.72,53.32,71.21,67.04
70.31,70.31,47.82,69.74,67.40
70.58,70.58,45.01,71.49,65.21
70.70,70.70,43.54,70.19,65.00
70.25,70.25,41.17,70.73,64.25
70.17,70.17,42.26,71.21,63.94
70.93,70.93,41.26,69.50,63.79
71.59,71.59,38.80,71.73,65.71
72.16,72.16,38.63,69.54,66.46
72.99,72.99,39.76,71.13,64.88
72.66,72.66,44.80,68.61,65.32
71.04,71.04,50.24,71.32,66.09
70.88,70.88,57.36,69.90,65.55
70.99,70.99,67.55,70.64,65.49
71.58,71.58,72.09,71.39,65.51
70.38,70.38,68.00,69.53,61.88
69.69,69.69,64.80,70.21,62.01
67.74,67.74,61.16,68.54,62.04
67.94,67.94,56.28,71.00,63.14
68.46,68.46,51.81,69.63,65.58
71.52,71.52,49.95,71.35,66.00
72.01,72.01,54.89,69.40,62.87
70.62,70.62,64.95,70.18,64.39
69.33,69.33,77.05,66.20,62.07
68.51,68.51,74.01,60.71,58.98
67.48,67.48,72.61,58.65,60.74
69.60,69.60,75.10,60.92,62.91
69.19,69.19,73.95,59.35,61.92
69.80,69.80,75.06,53.40,61.62
71.15,71.15,72.28,55.69,61.39
71.50,71.50,64.46,58.69,61.86
71.98,71.98,58.92,59.35,60.18
71.15,71.15,69.19,55.18,59.71
69.73,69.73,78.26,56.80,60.00
71.01,71.01,74.35,51.54,61.23
70.66,70.66,72.21,52.68,60.65
68.44,68.44,76.08,49.11,61.79
69.22,69.22,75.87,51.37,63.09
70.41,70.41,72.22,50.45,65.39
69.66,69.66,70.29,55.50,64.85
69.26,69.26,63.59,59.31,64.94
68.73,68.73,59.07,57.75,65.14
69.49,69.49,72.40,60.16,64.71
68.42,68.42,77.65,53.09,64.15
71.97,71.97,72.35,53.03,64.95
69.68,69.68,73.08,53.54,64.65
69.68,69.68,76.01,53.12,64.78
71.47,71.47,73.99,50.18,63.33
70.03,70.03,74.66,50.40,64.37
69.84,69.84,69.26,57.31,63.61
70.95,70.95,59.54,59.44,64.03
68.79,68.79,62.42,62.09,63.36
69.34,69.34,72.93,59.31,63.94
69.68,69.68,75.54,53.77,62.48
71.47,71.47,73.47,56.34,60.02
69.80,69.80,74.19,53.67,61.59
69.78,69.78,76.39,55.39,62.25
71.36,71.36,74.52,53.61,60.53
69.91,69.91,71.52,49.94,62.68
70.51,70.51,69.17,55.53,63.34
72.48,72.48,57.71,59.52,62.62
71.30,71.30,64.98,57.18,62.44
70.95,70.95,75.06,53.10,60.13
72.34,72.34,72.95,40.54,59.62
71.60,71.60,73.61,43.86,59.51
69.82,69.82,74.62,40.94,61.53
71.50,71.50,74.93,39.81,61.96
71.70,71.70,75.04,43.77,65.06
70.52,70.52,72.04,48.62,65.88
71.37,71.37,67.16,51.67,67.07
70.51,70.51,58.01,52.96,65.50
71.52,71.52,68.49,55.68,64.25
67.23,67.23,75.13,50.99,62.07
67.70,67.70,74.81,40.39,61.69
69.44,69.44,71.52,41.62,64.16
69.15,69.15,75.17,40.09,63.01
67.39,67.39,76.34,40.74,63.19
66.77,66.77,73.69,44.52,64.53
65.36,65.36,70.07,51.31,65.41
67.75,67.75,65.61,53.02,66.16
71.52,71.52,52.61,59.39,62.57
75.25,75.25,52.48,59.83,55.58
70.28,70.28,54.97,62.38,51.93
69.10,69.10,49.97,54.45,49.38
70.34,70.34,49.42,31.34,40.57
69.42,69.42,48.57,30.08,40.24
70.29,70.29,46.29,35.32,37.70
74.24,74.24,43.61,34.31,34.45
73.05,73.05,41.30,28.22,31.41
70.84,70.84,39.10,25.96,30.22
71.62,71.62,37.87,21.66,30.89
73.12,73.12,40.67,18.64,29.67
72.84,72.84,37.21,14.79,28.90
72.96,72.96,36.35,11.51,23.84
72.90,72.90,34.61,7.39,25.43
73.17,73.17,35.96,6.99,22.52
72.92,72.92,35.04,9.39,25.91
71.84,71.84,37.34,12.36,26.93
66.35,66.35,35.26,23.97,35.05
49.97,49.97,30.64,31.03,35.73
45.08,45.08,26.37,25.82,29.52
42.15,42.15,27.66,27.61,24.19
41.73,41.73,26.49,26.90,26.94
60.96,60.96,32.84,29.31,33.17
69.22,69.22,31.66,20.09,29.80
73.27,73.27,28.29,12.56,28.44
75.75,75.75,29.95,5.87,22.43
76.04,76.04,33.31,4.27,24.00
75.21,75.21,32.99,4.85,27.67
75.04,75.04,34.56,7.05,24.23
74.73,74.73,35.22,6.60,25.16
74.99,74.99,37.03,6.20,28.20
75.02,75.02,35.01,3.08,26.01
75.25,75.25,33.07,4.68,29.54
75.20,75.20,34.84,5.27,27.66
74.47,74.47,36.27,5.17,28.09
73.92,73.92,36.54,3.34,32.63
73.80,73.80,35.44,2.76,28.28
73.78,73.78,36.15,4.70,27.87
73.29,73.29,36.23,3.24,27.54
73.69,73.69,29.33,4.54,26.64
76.83,76.83,27.92,7.42,28.45
69.13,69.13,29.85,11.94,31.10
72.43,72.43,25.17,9.61,29.43
76.71,76.71,28.15,10.98,31.79
72.80,72.80,28.56,7.27,29.68
74.08,74.08,31.86,7.94,32.40
72.04,72.04,38.27,10.37,31.51
71.64,71.64,36.20,14.01,36.98
75.11,75.11,35.31,12.70,40.34
73.93,73.93,36.64,3.94,33.53
75.15,75.15,37.02,4.35,38.49
75.33,75.33,35.80,7.20,44.22
75.06,75.06,37.36,8.97,45.17
74.41,74.41,35.96,9.85,44.33
75.07,75.07,37.43,12.60,40.39
75.03,75.03,40.72,6.76,44.37
74.86,74.86,47.35,9.75,44.81
74.24,74.24,56.71,19.83,50.90
72.40,72.40,68.89,26.60,56.76
72.59,72.59,73.44,33.46,56.43
72.71,72.71,75.81,31.69,59.83
73.24,73.24,78.07,33.54,63.47
72.70,72.70,79.67,38.66,64.11
74.25,74.25,78.22,43.27,65.85
75.20,75.20,78.91,47.73,64.92
76.66,76.66,77.37,53.38,65.13
76.50,76.50,75.96,58.06,65.08
76.58,76.58,79.63,61.48,65.34
76.82,76.82,76.30,58.70,66.19
76.27,76.27,78.10,60.55,65.14
76.18,76.18,73.49,69.27,66.96
76.98,76.98,75.23,62.47,67.83
76.84,76.84,69.66,64.55,67.42
77.02,77.02,67.76,64.03,65.77
76.67,76.67,60.85,65.58,62.27
74.96,74.96,56.28,66.45,61.81
68.31,68.31,55.47,68.51,60.43
59.80,59.80,56.30,67.76,64.59
59.17,59.17,59.87,67.75,68.33
56.32,56.32,59.32,67.92,68.72
52.30,52.30,56.51,72.12,68.22
52.97,52.97,55.33,76.57,68.80
52.82,52.82,54.48,75.73,67.79
52.76,52.76,53.12,74.63,68.01
51.93,51.93,53.37,76.16,66.17
55.63,55.63,54.93,76.12,65.54
55.32,55.32,58.98,74.71,63.70
59.10,59.10,65.99,72.83,61.00
65.88,65.88,74.96,69.16,58.79
72.90,72.90,74.61,62.67,54.79
72.75,72.75,79.60,57.68,55.24
73.08,73.08,75.72,46.85,56.28
73.53,73.53,76.35,48.14,57.35
75.82,75.82,76.89,49.73,56.68
76.42,76.42,77.22,50.64,58.02
75.01,75.01,79.28,50.83,58.45
75.75,75.75,75.82,53.11,59.62
75.57,75.57,79.40,55.12,61.68
73.23,73.23,76.41,54.97,64.19
73.16,73.16,77.17,66.47,66.36
74.14,74.14,74.01,62.54,65.92
72.45,72.45,72.90,63.48,64.56
74.06,74.06,68.28,65.84,66.79
73.30,73.30,60.87,67.97,64.27
70.24,70.24,55.08,69.66,64.44
62.12,62.12,50.26,69.21,64.29
57.97,57.97,51.14,69.90,63.42
56.23,56.23,60.04,68.37,67.94
55.57,55.57,59.29,67.58,67.44
58.31,58.31,56.01,73.45,69.68
55.35,55.35,52.53,76.98,69.26
51.75,51.75,49.76,75.93,68.91
53.74,53.74,46.59,77.14,66.40
54.28,54.28,45.24,77.75,65.15
54.02,54.02,49.18,77.42,65.70
55.67,55.67,55.31,76.28,62.12
55.71,55.71,59.41,74.28,58.07
72.09,72.09,72.36,69.80,59.28
74.39,74.39,72.92,66.44,54.80
73.39,73.39,77.54,61.17,53.94
73.98,73.98,76.93,50.27,52.10
75.08,75.08,77.74,42.44,53.43
75.58,75.58,78.07,45.73,54.31
76.05,76.05,77.54,53.82,56.52
76.22,76.22,77.37,58.09,60.01
76.29,76.29,78.79,59.28,60.98
74.11,74.11,76.61,61.12,61.67
71.99,71.99,78.45,59.47,63.87
71.45,71.45,75.75,64.71,64.96
68.10,68.10,74.10,65.09,63.85
62.00,62.00,74.26,66.65,62.01
60.88,60.88,68.16,64.26,64.71
53.95,53.95,63.11,64.57,63.96
55.98,55.98,57.48,65.52,64.11
62.13,62.13,48.57,66.18,62.86
69.57,69.57,41.66,66.23,62.13
72.18,72.18,50.96,66.80,62.48
72.33,72.33,54.69,65.44,65.94
70.43,70.43,51.95,72.20,65.23
63.14,63.14,48.97,76.15,65.72
60.85,60.85,45.81,77.26,64.94
60.70,60.70,42.88,77.76,64.23
58.81,58.81,39.21,77.93,63.91
60.50,60.50,44.45,77.64,63.96
62.12,62.12,52.41,75.80,61.17
62.35,62.35,58.82,74.11,62.74
62.63,62.63,71.95,72.66,60.24
59.19,59.19,75.64,70.28,57.95
71.37,71.37,76.63,65.80,56.94
77.63,77.63,77.18,57.79,54.66
76.64,76.64,75.41,52.42,54.37
75.17,75.17,76.35,52.75,56.48
76.09,76.09,75.50,51.60,56.97
76.78,76.78,77.58,52.93,60.34
76.96,76.96,76.63,50.99,60.80
77.53,77.53,76.39,54.14,60.92
78.42,78.42,76.51,57.57,60.19
78.03,78.03,73.94,63.03,58.70
76.23,76.23,75.32,64.08,58.50
75.65,75.65,71.62,63.47,59.30
75.94,75.94,72.43,65.72,58.86
77.99,77.99,64.02,67.20,60.70
75.86,75.86,57.35,68.26,58.75
71.31,71.31,53.65,68.61,58.93
70.56,70.56,46.21,69.54,59.02
76.56,76.56,49.57,69.98,59.89
76.42,76.42,55.02,66.43,63.08
73.87,73.87,54.99,69.46,62.32
70.80,70.80,51.95,74.91,65.48
71.48,71.48,48.64,76.03,63.57
69.37,69.37,44.98,76.39,63.47
62.53,62.53,40.69,76.77,63.18
56.65,56.65,42.02,75.46,65.63
58.14,58.14,50.79,76.29,65.06
57.53,57.53,57.79,75.21,61.67
57.30,57.30,67.27,73.31,59.93
60.34,60.34,72.86,71.02,58.35
68.73,68.73,76.86,66.24,57.06
74.48,74.48,76.54,57.54,54.08
75.46,75.46,78.07,51.10,53.93
74.12,74.12,78.01,53.04,52.85
74.15,74.15,78.14,53.61,54.73
74.04,74.04,77.68,50.48,57.68
75.80,75.80,77.31,56.62,61.27
75.05,75.05,78.77,60.38,60.03
75.70,75.70,76.51,59.13,61.92
76.67,76.67,78.68,59.37,62.58
78.36,78.36,73.32,65.50,61.86
76.36,76.36,75.54,69.09,61.32
75.01,75.01,69.73,61.95,60.21
75.06,75.06,69.07,64.95,62.02
74.45,74.45,60.62,65.58,62.09
74.22,74.22,50.13,67.96,61.68
74.30,74.30,45.64,69.01,61.29
76.79,76.79,49.70,68.00,61.37
77.29,77.29,54.13,68.95,61.97
75.60,75.60,55.25,67.53,62.94
75.32,75.32,50.77,73.35,61.88
74.58,74.58,50.28,73.05,60.20
72.98,72.98,47.86,72.30,61.79
70.20,70.20,43.99,74.27,61.43
65.01,65.01,39.85,71.91,60.92
62.06,62.06,45.50,73.23,58.83
70.10,70.10,56.35,71.54,56.30
71.53,71.53,65.56,69.51,57.54
71.20,71.20,74.48,63.88,57.07
70.45,70.45,73.97,47.88,52.68
70.24,70.24,79.03,49.13,54.06
71.22,71.22,78.51,49.78,54.99
71.98,71.98,77.43,45.14,54.21
73.07,73.07,77.64,50.88,53.39
71.17,71.17,78.91,51.93,55.45
71.62,71.62,78.25,54.41,56.14
70.59,70.59,77.03,58.27,60.96
62.34,62.34,79.93,59.44,61.91
58.38,58.38,76.42,58.95,64.55
55.80,55.80,79.19,65.84,63.86
53.92,53.92,74.18,70.94,63.00
56.30,56.30,74.92,68.41,63.38
54.83,54.83,68.96,69.03,65.00
51.75,51.75,64.51,70.58,65.02
49.47,49.47,54.75,70.00,65.09
52.37,52.37,48.91,70.97,65.66
51.41,51.41,50.00,69.68,66.06
55.53,55.53,60.32,67.42,67.73
51.18,51.18,59.47,66.60,70.08
46.91,46.91,56.17,71.51,68.27
47.73,47.73,54.19,73.45,69.16
44.67,44.67,51.31,71.12,68.74
46.39,46.39,46.43,74.66,68.40
45.88,45.88,42.90,74.14,68.13
45.15,45.15,46.07,74.22,67.84
38.24,38.24,54.22,72.50,66.11
42.37,42.37,60.36,69.21,63.77
58.01,58.01,73.30,67.40,60.58
63.91,63.91,76.05,60.85,58.60
70.86,70.86,77.42,54.24,56.74
71.14,71.14,79.74,48.26,54.19
69.60,69.60,80.48,45.93,57.10
71.70,71.70,79.66,51.04,57.25
73.41,73.41,77.78,53.64,59.55
70.09,70.09,77.71,56.72,60.16
70.47,70.47,80.52,60.10,61.35
73.26,73.26,77.32,57.55,60.78
71.68,71.68,80.02,55.07,62.88
73.21,73.21,75.75,64.29,62.28
73.27,73.27,76.45,71.79,62.24
75.46,75.46,72.93,69.02,63.30
75.31,75.31,69.39,70.23,62.19
77.11,77.11,66.09,71.45,62.75
74.47,74.47,57.95,69.76,61.44
73.37,73.37,48.95,70.87,61.63
68.29,68.29,46.41,70.95,62.24
73.63,73.63,53.91,70.71,59.60
74.38,74.38,56.16,68.85,62.70
73.50,73.50,54.39,68.93,63.30
72.82,72.82,52.67,74.90,62.12
72.11,72.11,54.50,76.18,61.27
67.46,67.46,56.10,76.31,64.58
59.92,59.92,55.36,76.30,64.04
58.72,58.72,56.20,74.41,62.59
59.68,59.68,57.25,75.51,62.87
64.84,64.84,63.60,72.49,59.14
72.92,72.92,71.34,70.73,59.11
68.78,68.78,75.29,65.97,56.88
70.85,70.85,74.89,62.30,56.37
72.10,72.10,79.71,51.44,55.91
75.24,75.24,76.64,46.94,59.99
73.73,73.73,77.14,49.99,62.43
71.41,71.41,77.59,53.06,61.47
70.36,70.36,79.21,58.37,62.26
70.94,70.94,76.47,59.11,63.16
68.44,68.44,79.74,59.38,64.12
71.04,71.04,76.95,62.54,63.55
74.12,74.12,78.36,60.44,62.42
74.52,74.52,75.32,71.53,63.51
75.37,75.37,73.45,70.71,64.53
75.80,75.80,72.46,68.41,63.43
75.79,75.79,64.93,72.40,61.64
75.70,75.70,57.53,70.75,61.71
75.62,75.62,52.89,72.03,61.72
68.88,68.88,45.23,72.16,62.83
72.31,72.31,50.02,69.91,62.19
77.32,77.32,56.64,69.81,63.81
74.81,74.81,55.30,70.08,65.39
74.05,74.05,51.30,75.24,64.09
72.04,72.04,49.34,75.23,61.21
70.88,70.88,47.18,75.23,60.93
62.14,62.14,46.95,76.75,60.16
55.18,55.18,43.04,75.12,59.35
48.92,48.92,49.21,75.50,59.88
49.93,49.93,58.47,72.19,60.01
58.96,58.96,69.48,72.45,56.88
66.46,66.46,72.93,68.04,58.42
73.24,73.24,76.54,64.54,54.49
76.62,76.62,77.64,53.85,53.89
75.39,75.39,76.82,50.88,53.62
76.02,76.02,78.38,48.82,54.75
75.19,75.19,78.65,49.41,54.66
74.04,74.04,76.92,47.82,58.66
74.91,74.91,79.24,48.83,57.86
75.57,75.57,77.03,52.34,59.84
74.93,74.93,77.78,56.71,60.57
74.84,74.84,77.07,55.83,62.82
74.98,74.98,74.82,63.83,62.23
76.17,76.17,75.52,65.42,63.00
76.17,76.17,68.45,70.60,60.95
78.08,78.08,65.65,69.49,61.08
75.48,75.48,54.64,69.39,58.03
75.28,75.28,45.10,65.59,57.33
75.22,75.22,44.41,68.99,59.36
74.78,74.78,46.96,71.87,61.94
75.57,75.57,53.16,68.69,61.85
75.14,75.14,52.91,67.69,64.10
71.90,71.90,50.39,69.75,61.24
73.01,73.01,49.77,72.07,59.93
73.24,73.24,46.84,77.40,58.19
72.63,72.63,43.31,76.17,57.55
71.98,71.98,42.76,74.14,56.54
71.95,71.95,46.67,76.24,56.32
72.36,72.36,55.15,74.55,57.11
73.19,73.19,62.04,76.21,55.59
69.96,69.96,73.28,74.74,54.44
67.97,67.97,72.82,68.07,55.25
70.39,70.39,78.77,66.90,55.47
64.06,64.06,76.19,63.24,53.84
64.89,64.89,77.35,63.98,54.86
63.47,63.47,78.67,61.65,55.35
61.83,61.83,77.84,58.19,55.62
60.86,60.86,76.06,50.72,59.80
59.43,59.43,77.44,61.49,59.68
59.29,59.29,78.18,62.21,63.27
63.79,63.79,77.18,64.20,64.59
60.99,60.99,77.93,66.50,63.75
59.75,59.75,73.66,68.56,63.35
59.03,59.03,74.15,68.98,63.84
61.63,61.63,69.71,69.31,64.95
57.66,57.66,67.95,70.50,64.18
60.33,60.33,54.25,69.33,64.53
61.56,61.56,45.11,74.15,64.40
61.42,61.42,49.83,70.70,64.33
59.00,59.00,58.16,72.33,66.48
56.95,56.95,59.37,69.59,68.76
52.49,52.49,55.85,73.66,66.94
51.58,51.58,53.35,77.32,66.10
52.30,52.30,50.30,75.65,66.47
47.25,47.25,44.26,78.21,66.62
50.32,50.32,41.47,77.06,65.32
47.70,47.70,44.35,77.61,66.25
45.00,45.00,53.40,79.49,64.68
47.48,47.48,58.85,76.45,60.44
58.42,58.42,72.66,73.99,60.80
59.05,59.05,75.39,73.42,56.57
72.98,72.98,76.31,67.64,56.57
74.22,74.22,77.39,67.91,57.69
75.67,75.67,78.68,63.13,58.36
76.58,76.58,77.74,58.62,57.72
75.97,75.97,74.90,53.15,57.35
72.63,72.63,75.10,55.64,61.27
70.36,70.36,78.28,62.37,61.55
74.03,74.03,75.45,63.52,63.39
75.98,75.98,77.38,63.99,66.06
74.78,74.78,72.42,68.52,66.92
75.74,75.74,72.74,67.47,64.39
76.84,76.84,66.15,66.72,66.57
77.16,77.16,62.94,68.45,66.85
76.83,76.83,58.16,58.86,65.85
75.09,75.09,52.69,68.88,64.44
69.40,69.40,42.34,67.97,65.03
65.81,65.81,33.62,66.67,63.93
66.56,66.56,47.92,70.72,61.72
71.05,71.05,52.35,70.81,66.61
72.89,72.89,48.78,65.60,64.30
73.04,73.04,46.29,72.07,62.67
70.93,70.93,43.38,74.10,62.88
69.92,69.92,38.54,74.10,62.32
70.82,70.82,37.23,79.54,63.11
70.38,70.38,40.95,74.78,64.02
62.59,62.59,49.47,77.29,61.43
56.88,56.88,56.02,74.65,60.83
60.98,60.98,67.82,76.80,54.21
62.75,62.75,76.93,72.58,53.91
68.21,68.21,74.74,70.26,56.07
73.39,73.39,79.96,68.01,56.35
74.68,74.68,77.45,65.68,55.70
74.86,74.86,75.36,63.12,56.76
75.60,75.60,77.39,66.14,57.21
74.89,74.89,79.05,63.26,59.41
71.45,71.45,75.30,58.63,60.29
69.91,69.91,79.90,57.11,62.59
72.73,72.73,76.75,48.72,65.24
74.57,74.57,79.63,50.41,66.36
75.78,75.78,74.68,57.27,63.56
76.07,76.07,74.85,57.61,66.42
77.77,77.77,70.76,60.60,66.46
77.25,77.25,68.29,62.16,67.08
75.66,75.66,63.76,65.75,64.12
72.27,72.27,57.36,67.97,63.97
68.25,68.25,42.48,70.26,63.58
69.88,69.88,44.62,67.64,64.45
72.27,72.27,51.74,72.51,66.99
72.41,72.41,49.93,65.59,67.09
73.16,73.16,47.75,75.05,66.33
72.47,72.47,47.19,73.26,66.56
69.22,69.22,45.15,77.19,65.57
58.56,58.56,41.29,77.07,65.06
53.88,53.88,39.35,78.10,63.25
51.43,51.43,47.36,78.84,63.18
58.04,58.04,57.66,75.91,61.78
67.02,67.02,67.88,77.35,58.44
74.14,74.14,71.36,72.41,53.53
77.02,77.02,74.61,71.75,51.08
76.57,76.57,76.87,64.81,53.53
76.30,76.30,76.46,66.09,53.26
75.14,75.14,78.69,60.86,54.66
74.93,74.93,76.91,52.50,53.80
74.81,74.81,76.37,54.29,57.58
75.44,75.44,79.10,54.33,59.04
75.18,75.18,76.94,59.46,59.65
73.70,73.70,78.92,57.27,60.53
75.76,75.76,74.05,60.46,61.18
73.23,73.23,73.57,62.20,62.50
69.24,69.24,75.24,61.89,63.13
71.95,71.95,71.56,67.28,64.13
75.71,75.71,71.56,66.43,63.10
72.80,72.80,60.95,68.93,61.89
66.96,66.96,50.41,68.05,61.66
65.39,65.39,44.52,71.42,62.33
70.36,70.36,43.06,72.01,63.51
74.78,74.78,51.93,67.37,58.96
76.22,76.22,52.32,68.72,60.27
74.08,74.08,48.69,71.00,59.66
73.27,73.27,49.17,71.24,58.87
74.26,74.26,45.27,70.99,58.79
75.59,75.59,44.57,75.66,60.42
75.45,75.45,43.67,74.37,60.23
74.75,74.75,46.54,76.21,59.65
76.37,76.37,53.57,77.36,57.50
76.31,76.31,59.63,73.10,53.07
70.17,70.17,73.30,75.64,54.31
67.57,67.57,72.83,73.58,49.71
63.76,63.76,79.56,68.08,48.79
61.03,61.03,76.51,69.17,53.02
59.84,59.84,80.12,67.67,52.34
58.60,58.60,77.91,63.23,52.84
59.56,59.56,79.29,67.15,55.85
57.92,57.92,76.38,60.99,60.03
57.15,57.15,79.19,58.34,62.49
51.00,51.00,75.42,64.40,63.47
50.86,50.86,76.12,66.10,66.83
49.82,49.82,76.36,66.86,66.77
48.97,48.97,72.83,62.07,65.97
50.01,50.01,74.85,61.95,67.32
52.32,52.32,70.49,65.84,65.50
55.46,55.46,68.59,68.75,67.90
54.92,54.92,60.73,65.62,66.35
51.97,51.97,54.28,74.26,65.68
48.99,48.99,49.30,67.62,66.58
48.27,48.27,58.06,68.60,67.84
47.99,47.99,58.54,73.45,69.54
41.77,41.77,54.48,70.50,68.70
44.12,44.12,52.03,68.55,68.99
42.94,42.94,50.64,73.96,68.26
43.64,43.64,44.97,77.00,67.06
41.80,41.80,41.77,77.29,68.32
48.24,48.24,44.58,75.96,67.71
55.15,55.15,55.62,80.24,65.45
59.84,59.84,63.10,76.68,63.94
65.49,65.49,68.48,74.00,60.19
74.36,74.36,73.73,76.00,56.35
74.89,74.89,77.01,70.03,53.26
75.39,75.39,76.98,66.85,55.29
75.60,75.60,77.47,68.03,58.43
75.26,75.26,78.07,62.92,60.04
73.25,73.25,77.42,60.92,58.00
73.53,73.53,79.66,59.99,57.76
75.98,75.98,77.33,58.13,59.26
76.79,76.79,77.63,62.44,58.14
77.01,77.01,75.95,60.14,61.44
77.23,77.23,72.95,64.22,62.40
76.61,76.61,73.78,64.73,62.25
74.78,74.78,68.53,62.41,62.29
74.12,74.12,68.47,65.87,62.68
76.01,76.01,67.88,61.84,61.57
77.22,77.22,58.28,67.83,60.17
77.95,77.95,41.37,72.68,59.19
78.45,78.45,44.00,66.90,58.88
77.16,77.16,51.92,68.97,61.14
75.21,75.21,56.83,73.94,63.33
73.04,73.04,54.57,67.24,62.75
73.32,73.32,50.75,68.01,61.45
74.61,74.61,49.43,75.70,61.82
75.72,75.72,48.95,68.32,59.18
77.63,77.63,49.21,74.10,59.35
76.64,76.64,48.55,76.60,56.04
76.68,76.68,53.01,77.16,57.75
76.35,76.35,57.90,75.07,54.98
75.34,75.34,66.46,72.85,54.19
74.68,74.68,72.65,72.92,52.34
75.35,75.35,74.06,70.27,56.00
75.76,75.76,77.58,63.66,55.97
75.77,75.77,77.03,66.19,55.35
76.47,76.47,75.41,59.09,56.57
76.30,76.30,77.01,60.51,56.70
74.09,74.09,76.25,65.06,58.15
74.26,74.26,75.72,61.39,60.56
75.17,75.17,78.25,57.38,58.71
73.94,73.94,74.97,60.79,57.85
74.85,74.85,76.90,63.91,59.16
73.35,73.35,70.49,67.65,59.17
75.82,75.82,68.30,68.26,55.99
75.06,75.06,67.76,66.12,58.99
73.78,73.78,65.53,63.01,58.12
76.63,76.63,61.86,65.30,60.33
75.91,75.91,55.37,71.69,59.09
76.07,76.07,51.59,68.15,61.79
73.57,73.57,51.86,71.35,60.89
72.87,72.87,58.32,72.78,66.27
73.19,73.19,55.72,71.59,64.62
74.38,74.38,51.98,68.10,64.62
75.76,75.76,50.67,75.60,62.42
76.11,76.11,46.28,72.36,62.25
75.14,75.14,42.60,76.81,59.79
75.38,75.38,43.06,78.09,59.00
76.93,76.93,46.48,75.39,59.44
74.08,74.08,55.18,77.92,56.61
72.11,72.11,61.67,75.43,53.95
69.57,69.57,69.63,72.71,53.72
71.23,71.23,73.36,73.61,52.45
71.48,71.48,77.15,68.03,55.61
74.84,74.84,78.31,65.29,55.30
72.77,72.77,78.64,64.12,57.24
74.69,74.69,77.17,55.48,59.39
75.47,75.47,77.04,62.39,58.26
76.09,76.09,79.09,60.74,60.53
76.63,76.63,75.47,60.26,60.64
75.62,75.62,79.12,60.93,61.67
75.66,75.66,74.56,59.15,62.25
75.24,75.24,76.47,67.71,61.99
76.02,76.02,73.39,65.77,63.19
77.12,77.12,71.83,64.08,61.55
77.19,77.19,65.03,63.44,63.43
76.91,76.91,61.96,63.51,61.56
76.49,76.49,50.60,66.57,62.07
75.30,75.30,37.80,65.88,60.49
67.92,67.92,41.84,68.45,63.16
59.82,59.82,57.47,69.32,64.92
59.16,59.16,57.91,66.64,67.45
59.20,59.20,53.51,71.38,66.32
56.84,56.84,51.89,74.47,65.76
57.34,57.34,49.12,76.17,65.84
59.66,59.66,43.87,76.01,66.18
52.17,52.17,40.44,76.44,66.11
54.43,54.43,44.48,76.03,65.74
56.30,56.30,51.84,73.93,64.68
56.61,56.61,59.87,71.51,60.78
65.60,65.60,75.07,69.15,59.89
72.99,72.99,74.40,66.01,56.30
73.31,73.31,77.43,59.61,53.88
73.07,73.07,75.68,52.31,55.09
73.71,73.71,78.46,49.87,55.75
75.34,75.34,76.49,47.36,56.99
75.77,75.77,76.20,49.86,57.81
75.54,75.54,76.19,53.09,60.85
75.24,75.24,79.39,53.41,62.55
76.82,76.82,76.13,56.01,64.23
76.22,76.22,78.56,52.92,65.42
74.02,74.02,75.46,63.54,65.43
73.74,73.74,75.45,65.58,63.92
74.14,74.14,73.70,64.69,63.66
75.92,75.92,68.41,65.88,62.69
76.97,76.97,63.22,66.91,63.25
76.21,76.21,54.93,68.64,62.33
74.20,74.20,43.03,68.65,65.11
71.75,71.75,42.89,68.84,60.96
61.26,61.26,54.91,69.29,64.90
59.31,59.31,57.78,66.05,65.76
54.86,54.86,55.12,70.76,66.53
54.75,54.75,52.26,75.86,66.80
52.04,52.04,51.28,77.53,64.81
54.20,54.20,45.16,77.70,66.41
56.65,56.65,43.95,77.55,64.91
54.57,54.57,43.14,76.11,64.73
48.90,48.90,49.32,76.08,64.95
54.59,54.59,57.78,75.20,62.53
65.84,65.84,68.89,72.52,58.93
73.68,73.68,74.08,68.31,55.42
72.81,72.81,76.29,61.63,55.28
72.94,72.94,78.12,54.08,53.56
73.07,73.07,75.86,44.56,55.03
73.43,73.43,78.06,47.86,55.90
75.38,75.38,77.23,46.73,57.29
74.03,74.03,80.04,54.87,57.58
75.22,75.22,76.95,57.75,57.00
74.49,74.49,78.39,59.63,60.31
72.64,72.64,77.07,59.34,63.05
72.02,72.02,76.45,61.23,64.24
73.22,73.22,75.63,65.55,64.76
74.79,74.79,72.63,62.48,62.58
72.32,72.32,72.72,64.63,62.57
73.14,73.14,63.00,65.28,63.43
75.42,75.42,57.58,65.77,62.96
66.15,66.15,42.79,67.54,61.65
57.24,57.24,37.22,64.26,61.55
59.58,59.58,50.73,65.22,62.41
63.05,63.05,57.97,67.19,63.36
72.05,72.05,54.42,66.86,62.79
73.44,73.44,50.62,75.30,60.61
71.98,71.98,47.85,75.60,62.14
71.75,71.75,42.32,75.94,62.07
71.43,71.43,40.33,75.59,61.13
72.55,72.55,41.70,75.22,63.31
72.44,72.44,49.25,75.87,61.78
75.35,75.35,57.16,74.81,58.58
68.83,68.83,66.73,72.59,55.79
64.26,64.26,74.65,69.69,53.32
74.59,74.59,73.84,66.57,51.15
70.05,70.05,79.12,56.23,53.84
70.61,70.61,75.11,50.17,53.83
72.37,72.37,77.66,53.08,54.74
74.63,74.63,77.32,49.68,55.43
73.93,73.93,76.60,52.20,57.37
72.56,72.56,78.62,49.35,58.23
73.61,73.61,78.69,53.54,58.62
73.61,73.61,76.45,58.14,62.01
74.70,74.70,78.39,58.35,61.68
74.51,74.51,74.30,64.57,61.94
74.54,74.54,75.16,64.91,62.25
75.25,75.25,70.69,67.67,61.81
75.22,75.22,68.21,68.18,61.47
75.74,75.74,56.22,67.76,62.20
76.72,76.72,55.20,68.11,61.69
77.37,77.37,50.89,69.78,61.49
76.51,76.51,49.52,68.93,62.49
75.26,75.26,53.90,69.62,63.23
72.98,72.98,54.38,68.18,62.72
74.22,74.22,50.82,74.24,61.80
73.59,73.59,48.70,76.47,61.78
74.89,74.89,45.89,74.47,62.38
74.08,74.08,42.61,75.41,59.83
70.46,70.46,43.85,76.36,58.87
58.00,58.00,45.87,76.98,60.13
54.00,54.00,52.78,75.33,60.16
59.02,59.02,62.82,73.39,55.75
61.62,61.62,73.08,70.21,56.08
76.33,76.33,74.77,67.65,48.58
76.99,76.99,76.69,58.13,50.84
76.22,76.22,77.21,52.82,52.97
75.69,75.69,77.27,50.02,55.26
75.63,75.63,78.28,51.77,56.12
74.52,74.52,79.78,51.31,57.37
75.56,75.56,78.09,55.74,59.84
75.67,75.67,77.45,59.01,59.80
77.14,77.14,79.70,61.37,62.50
77.48,77.48,75.91,59.99,63.77
76.71,76.71,77.83,66.18,63.55
77.85,77.85,73.00,68.91,63.23
77.88,77.88,74.46,62.41,63.67
77.59,77.59,68.41,66.28,63.25
75.39,75.39,66.41,65.76,63.96
76.32,76.32,53.80,69.41,61.13
75.62,75.62,50.29,66.71,61.46
76.24,76.24,44.17,69.02,60.75
76.51,76.51,52.65,68.62,62.09
74.50,74.50,53.64,67.80,64.12
74.57,74.57,50.08,73.70,62.63
73.13,73.13,47.54,72.30,61.72
72.36,72.36,42.46,73.92,62.77
70.97,70.97,37.84,73.82,63.49
63.93,63.93,36.42,73.64,64.33
66.68,66.68,52.47,73.53,65.39
66.79,66.79,52.13,72.12,62.33
64.87,64.87,60.23,71.42,59.86
60.78,60.78,74.78,65.02,58.33
63.68,63.68,74.86,59.68,55.77
70.94,70.94,78.02,51.43,56.77
67.89,67.89,78.47,49.21,55.92
68.81,68.81,81.26,44.36,54.63
68.15,68.15,78.31,47.45,54.26
68.40,68.40,76.46,47.74,55.74
68.93,68.93,77.73,53.75,60.37
67.80,67.80,79.72,55.27,64.10
64.95,64.95,77.42,56.10,64.39
61.38,61.38,80.25,59.16,65.50
63.72,63.72,76.14,62.49,66.10
64.78,64.78,77.42,71.62,64.75
60.87,60.87,73.31,67.51,66.34
61.03,61.03,71.55,70.45,68.09
56.01,56.01,67.73,69.05,68.68
53.06,53.06,58.86,69.68,66.52
55.38,55.38,44.33,70.78,68.26
53.74,53.74,48.09,70.25,67.13
50.80,50.80,57.62,69.49,67.08
49.12,49.12,62.07,66.52,68.13
48.35,48.35,59.88,69.96,67.55
48.91,48.91,55.18,72.94,67.54
44.35,44.35,51.91,73.78,66.91
41.61,41.61,46.47,75.01,66.53
42.23,42.23,43.78,72.41,64.88
40.03,40.03,43.79,74.95,65.47
42.26,42.26,49.72,72.24,63.66
45.47,45.47,55.78,71.74,62.60
62.38,62.38,69.30,66.18,60.91
67.46,67.46,74.89,62.32,58.01
73.20,73.20,75.90,55.77,59.14
73.22,73.22,78.69,54.52,54.29
75.43,75.43,78.38,46.09,51.37
72.58,72.58,78.74,48.44,53.18
73.39,73.39,78.27,50.85,54.69
75.37,75.37,79.05,51.68,57.57
77.49,77.49,77.21,56.78,57.63
79.57,79.57,78.95,57.02,55.84
78.05,78.05,76.18,57.19,60.01
76.89,76.89,77.88,60.05,60.98
74.31,74.31,74.78,70.13,61.01
75.24,75.24,73.09,68.39,61.79
74.61,74.61,72.47,70.79,65.06
75.31,75.31,65.04,70.72,63.53
69.42,69.42,58.94,71.12,63.01
68.80,68.80,53.01,71.01,61.56
71.82,71.82,45.19,69.17,60.52
73.72,73.72,49.58,71.26,62.53
73.28,73.28,52.83,69.17,64.73
74.59,74.59,52.55,69.64,65.02
72.94,72.94,51.46,72.74,65.29
72.65,72.65,49.47,74.91,65.54
74.75,74.75,49.15,77.00,65.26
69.29,69.29,50.91,75.26,64.26
58.44,58.44,52.52,76.25,64.29
56.14,56.14,55.09,73.73,65.12
57.63,57.63,60.79,73.04,61.95
67.15,67.15,69.62,71.74,59.18
74.87,74.87,74.83,65.56,56.59
69.66,69.66,72.11,63.32,56.26
71.34,71.34,80.86,55.99,58.44
72.52,72.52,75.07,47.24,58.71
72.40,72.40,78.46,50.04,58.63
72.87,72.87,78.70,53.90,57.13
66.66,66.66,77.39,56.78,58.40
56.82,56.82,79.21,61.07,61.47
59.91,59.91,77.44,57.05,62.77
67.97,67.97,78.65,61.49,65.60
72.70,72.70,77.59,58.74,68.25
71.86,71.86,75.40,70.21,68.91
70.33,70.33,76.10,71.78,67.79
63.56,63.56,71.28,70.04,67.48
64.51,64.51,71.39,70.36,65.62
66.23,66.23,61.52,71.79,66.55
64.05,64.05,54.71,74.17,64.47
65.50,65.50,48.95,71.96,64.98
66.33,66.33,48.96,72.37,63.87
67.98,67.98,47.35,70.66,65.20
73.59,73.59,44.53,69.82,66.58
75.44,75.44,44.20,75.68,62.86
73.28,73.28,45.81,75.25,62.74
73.12,73.12,45.06,76.67,62.10
73.47,73.47,46.20,74.39,61.83
73.84,73.84,46.15,75.78,61.20
74.94,74.94,49.82,74.46,62.15
76.29,76.29,57.40,73.84,60.92
75.99,75.99,63.54,71.56,57.98
74.70,74.70,71.62,66.30,59.63
74.93,74.93,73.74,65.22,60.00
73.99,73.99,78.01,51.74,60.36
75.50,75.50,76.93,39.46,57.97
74.61,74.61,76.87,45.33,57.14
73.20,73.20,78.55,45.85,55.82
73.35,73.35,79.89,46.89,55.54
74.46,74.46,77.31,51.32,60.88
73.55,73.55,78.36,58.15,60.62
75.66,75.66,78.96,55.44,58.05
73.30,73.30,75.78,55.75,61.09
74.78,74.78,76.60,57.89,59.71
75.10,75.10,72.78,68.77,60.42
74.40,74.40,73.40,67.46,60.42
68.24,68.24,65.84,69.36,62.88
63.85,63.85,59.71,69.24,60.34
60.92,60.92,47.22,68.97,61.75
61.62,61.62,40.67,72.48,62.42
64.29,64.29,43.47,66.28,61.95
70.88,70.88,53.12,70.11,61.69
72.68,72.68,55.37,67.80,64.86
73.84,73.84,51.80,72.17,63.03
73.91,73.91,48.70,75.70,58.86
72.41,72.41,46.09,73.48,58.24
71.65,71.65,42.20,74.96,56.82
72.95,72.95,41.21,76.14,57.63
73.82,73.82,45.31,75.57,57.28
72.99,72.99,53.89,78.47,56.60
69.54,69.54,59.90,76.23,56.81
67.37,67.37,72.35,71.42,57.92
69.37,69.37,73.73,72.04,53.02
69.33,69.33,77.15,65.79,52.78
66.21,66.21,77.44,65.37,52.86
63.18,63.18,78.80,64.18,54.26
59.97,59.97,78.61,61.16,53.97
59.13,59.13,75.73,59.78,55.72
56.45,56.45,76.39,59.12,56.79
53.67,53.67,76.84,58.77,60.71
53.54,53.54,76.22,65.41,62.57
56.78,56.78,78.66,66.42,66.92
52.82,52.82,75.98,62.42,65.97
51.97,51.97,77.67,63.43,66.06
56.21,56.21,71.16,67.43,64.68
56.83,56.83,69.84,73.46,64.36
58.74,58.74,63.03,71.38,65.70
55.10,55.10,54.79,74.16,64.85
58.82,58.82,49.28,69.20,63.35
55.16,55.16,51.79,69.69,63.85
54.46,54.46,55.86,72.01,65.57
58.39,58.39,59.36,71.12,68.56
52.21,52.21,56.30,71.68,68.56
44.05,44.05,53.14,75.11,68.52
45.33,45.33,51.40,76.69,66.23
43.86,43.86,46.35,75.98,65.38
39.54,39.54,43.61,80.03,65.72
38.36,38.36,44.21,78.38,67.46
37.51,37.51,52.64,77.22,65.48
40.18,40.18,57.33,76.73,64.36
54.10,54.10,68.73,75.47,58.59
57.31,57.31,74.23,72.35,54.28
69.77,69.77,76.13,71.25,55.98
73.00,73.00,77.58,66.03,56.94
76.33,76.33,78.73,64.20,55.66
75.73,75.73,78.00,60.19,55.42
74.72,74.72,77.14,53.70,55.59
72.33,72.33,75.20,57.28,60.28
70.44,70.44,75.50,59.94,61.49
72.68,72.68,79.01,61.74,61.10
74.24,74.24,74.68,65.47,62.44
74.83,74.83,75.75,68.05,64.08
73.70,73.70,71.10,67.82,65.31
72.84,72.84,71.15,69.28,66.29
75.20,75.20,64.62,65.21,65.57
76.75,76.75,56.63,59.70,65.76
75.80,75.80,52.85,68.86,63.00
71.42,71.42,46.92,65.17,63.87
64.81,64.81,41.50,68.28,62.24
64.73,64.73,45.21,71.49,63.27
70.91,70.91,56.24,70.57,66.42
74.83,74.83,53.27,66.21,67.88
73.56,73.56,49.82,71.73,67.19
73.56,73.56,45.94,69.91,65.08
73.27,73.27,41.86,77.37,65.47
73.76,73.76,38.21,74.73,65.69
69.65,69.65,41.08,77.25,63.92
58.22,58.22,47.39,74.65,65.24
57.92,57.92,57.60,77.12,61.98
56.88,56.88,65.87,75.66,55.77
58.30,58.30,75.82,73.07,54.95
66.85,66.85,74.53,71.31,55.80
71.24,71.24,80.40,68.78,57.24
74.69,74.69,76.44,68.13,56.64
76.11,76.11,76.98,62.66,57.22
75.42,75.42,77.39,65.75,58.62
75.93,75.93,77.00,65.62,58.67
74.28,74.28,78.40,64.60,58.69
70.00,70.00,75.43,59.53,60.14
73.20,73.20,77.84,62.24,59.14
75.32,75.32,75.79,58.59,60.15
75.97,75.97,76.46,59.06,59.65
76.17,76.17,74.49,58.23,60.48
75.00,75.00,72.80,58.60,62.67
72.45,72.45,71.91,57.85,65.40
72.61,72.61,63.56,66.39,66.16
72.13,72.13,59.82,69.20,65.03
68.05,68.05,46.24,67.39,60.28
70.26,70.26,45.19,71.73,61.12
72.02,72.02,55.51,68.12,63.78
73.01,73.01,55.56,68.30,64.80
72.51,72.51,50.63,71.72,63.90
71.71,71.71,49.14,74.57,65.04
71.59,71.59,49.69,75.50,65.38
59.22,59.22,43.55,76.27,66.62
54.49,54.49,40.02,79.08,64.45
53.66,53.66,43.88,76.74,65.88
56.64,56.64,54.57,78.37,64.39
57.58,57.58,62.37,74.81,60.53
69.05,69.05,73.21,76.19,61.56
75.22,75.22,71.37,69.98,54.65
76.29,76.29,76.86,68.23,54.65
74.74,74.74,76.21,63.64,54.08
75.02,75.02,78.28,63.78,53.57
76.27,76.27,77.83,54.02,52.42
76.66,76.66,76.71,52.53,53.60
76.94,76.94,75.00,47.27,57.56
76.57,76.57,78.96,60.00,59.03
76.94,76.94,76.10,58.81,62.42
76.79,76.79,76.33,60.84,61.92
76.17,76.17,73.97,61.07,63.88
76.33,76.33,71.02,60.71,63.47
75.60,75.60,73.67,64.89,62.08
76.47,76.47,68.60,69.14,63.89
76.56,76.56,63.08,67.65,63.60
75.20,75.20,51.40,66.43,63.35
73.59,73.59,50.07,73.51,63.69
72.71,72.71,55.47,70.04,61.17
66.27,66.27,65.52,68.08,62.83
67.72,67.72,64.10,74.34,61.86
76.46,76.46,64.20,69.16,60.84
75.91,75.91,65.31,69.44,62.21
73.90,73.90,63.42,74.04,61.80
76.22,76.22,63.07,72.22,61.29
75.85,75.85,60.51,77.13,59.80
73.00,73.00,58.05,75.64,57.21
70.79,70.79,57.61,75.46,58.99
69.85,69.85,61.32,78.21,55.81
65.48,65.48,71.54,72.66,56.35
73.70,73.70,74.44,74.80,51.73
70.57,70.57,75.39,70.55,53.17
71.97,71.97,78.01,67.39,55.15
67.52,67.52,77.87,67.86,54.36
63.22,63.22,78.29,66.55,55.25
58.11,58.11,77.31,66.17,56.79
54.94,54.94,79.77,66.00,59.40
51.88,51.88,76.06,60.51,58.73
47.61,47.61,76.62,59.23,62.92
48.50,48.50,77.34,65.32,60.91
46.10,46.10,73.39,53.47,60.71
48.18,48.18,77.37,52.20,63.67
51.87,51.87,79.23,63.79,65.67
47.55,47.55,79.15,67.32,65.86
47.77,47.77,79.20,71.30,64.62
48.43,48.43,77.22,57.10,63.58
49.42,49.42,72.85,55.61,63.50
43.68,43.68,75.54,65.84,62.70
32.45,32.45,75.44,66.89,63.25
28.52,28.52,74.75,67.09,63.74
36.06,36.06,74.29,64.81,63.47
43.38,43.38,76.44,61.26,63.10
42.02,42.02,79.67,64.92,63.75
40.52,40.52,80.09,67.16,62.92
41.67,41.67,76.39,61.62,65.68
42.13,42.13,75.10,68.32,64.61
44.32,44.32,78.85,73.25,63.89
48.72,48.72,75.57,69.75,62.86
57.52,57.52,78.83,68.73,57.50
60.44,60.44,76.29,68.18,57.49
71.54,71.54,76.09,64.37,56.49
75.91,75.91,76.13,64.06,54.23
74.46,74.46,76.96,57.77,54.42
77.72,77.72,76.08,54.46,56.10
75.49,75.49,76.85,57.14,56.71
73.27,73.27,76.63,59.04,57.22
72.56,72.56,76.93,60.63,58.01
74.34,74.34,77.55,62.10,59.42
76.79,76.79,75.08,56.13,61.20
77.25,77.25,75.21,57.39,59.53
76.07,76.07,70.14,55.81,61.71
75.01,75.01,70.40,57.77,63.75
72.80,72.80,67.85,66.20,62.02
73.09,73.09,64.64,62.47,62.26
72.42,72.42,60.20,70.65,62.72
71.76,71.76,57.62,69.17,63.30
74.56,74.56,62.26,69.27,62.45
75.32,75.32,60.32,72.81,63.13
74.52,74.52,66.04,70.54,63.84
74.44,74.44,68.10,68.44,63.32
74.33,74.33,67.55,71.17,62.34
73.11,73.11,69.03,73.28,61.05
73.28,73.28,64.48,65.68,61.08
72.72,72.72,59.70,72.70,62.54
74.06,74.06,61.05,77.65,61.88
75.40,75.40,60.38,74.93,61.96
76.76,76.76,61.40,73.05,59.18
77.25,77.25,65.00,76.56,54.99
75.27,75.27,72.35,68.15,56.38
75.32,75.32,71.67,71.62,55.59
75.89,75.89,76.94,65.96,58.78
76.09,76.09,75.46,60.19,59.04
77.03,77.03,76.24,55.79,60.12
78.07,78.07,77.11,52.99,60.64
77.61,77.61,76.77,52.10,60.30
77.93,77.93,76.53,47.24,60.30
77.55,77.55,75.08,45.49,59.74
77.44,77.44,78.42,39.45,59.88
77.55,77.55,75.44,41.25,58.94
74.86,74.86,76.96,41.04,55.57
75.40,75.40,72.39,42.19,56.09
74.07,74.07,72.73,34.65,56.54
76.06,76.06,68.79,42.06,57.03
76.04,76.04,63.93,40.11,57.15
73.69,73.69,55.02,37.31,57.69
74.04,74.04,49.61,33.59,58.63
72.31,72.31,49.19,28.12,58.75
71.77,71.77,49.34,29.17,58.69
72.44,72.44,48.10,28.71,59.64
74.42,74.42,48.27,25.48,59.35
75.64,75.64,47.84,25.88,59.08
74.98,74.98,47.66,28.98,60.53
76.15,76.15,46.95,29.09,59.96
75.69,75.69,48.66,26.46,59.99
75.00,75.00,48.89,24.68,58.83
76.06,76.06,54.82,23.56,59.64
77.35,77.35,59.38,21.38,53.65
72.99,72.99,69.72,28.42,51.53
67.25,67.25,72.12,31.72,51.57
71.64,71.64,75.50,36.30,50.64
71.80,71.80,78.12,35.44,52.27
71.90,71.90,80.02,47.37,54.02
71.35,71.35,79.51,50.12,55.68
72.23,72.23,77.76,51.62,58.27
70.91,70.91,76.73,53.90,59.15
70.99,70.99,79.50,56.89,62.79
71.91,71.91,77.18,58.84,63.67
72.26,72.26,79.15,55.73,64.16
73.95,73.95,75.10,62.78,65.27
72.21,72.21,76.58,64.95,63.80
73.73,73.73,73.44,62.08,65.40
73.97,73.97,68.48,64.54,64.90
73.00,73.00,63.15,65.26,64.83
71.50,71.50,60.72,65.92,65.26
71.08,71.08,58.92,66.72,66.16
69.85,69.85,60.19,65.83,63.32
69.11,69.11,63.42,67.67,65.82
68.36,68.36,64.97,66.70,68.07
60.01,60.01,62.36,69.33,67.62
59.97,59.97,60.58,74.60,67.26
57.66,57.66,59.49,76.50,66.08
56.37,56.37,58.62,76.85,67.71
52.99,52.99,58.88,76.46,65.01
55.54,55.54,57.16,75.28,65.18
55.64,55.64,60.70,75.81,65.65
56.45,56.45,63.89,73.72,61.29
58.78,58.78,72.49,70.69,60.21
63.72,63.72,74.46,67.31,56.27
68.61,68.61,76.01,61.50,54.53
75.35,75.35,78.74,53.39,56.04
77.86,77.86,75.66,54.21,56.54
77.02,77.02,76.21,53.86,56.13
76.44,76.44,76.16,51.10,57.92
74.55,74.55,79.55,51.73,59.38
73.18,73.18,76.13,48.99,60.77
73.12,73.12,78.46,55.57,60.69
73.01,73.01,76.77,57.65,64.32
72.05,72.05,75.80,59.44,64.21
72.17,72.17,74.82,66.45,64.31
72.10,72.10,73.13,64.45,62.83
73.50,73.50,71.88,67.09,64.50
74.52,74.52,63.55,66.19,62.56
75.01,75.01,59.09,67.71,63.66
75.50,75.50,55.20,68.86,63.07
74.88,74.88,52.53,69.53,63.49
74.34,74.34,55.66,68.48,64.82
76.68,76.68,58.75,69.72,66.33
70.56,70.56,58.39,68.92,65.90
62.22,62.22,54.86,74.51,66.10
64.30,64.30,52.42,77.17,64.53
69.90,69.90,52.18,76.61,65.27
70.53,70.53,48.96,75.39,62.72
70.54,70.54,48.89,76.02,62.15
69.37,69.37,52.42,76.71,60.61
68.30,68.30,60.25,75.46,58.96
68.04,68.04,65.78,73.07,54.03
69.54,69.54,72.36,68.51,51.56
72.47,72.47,75.09,62.30,52.14
74.88,74.88,78.48,56.74,51.65
77.03,77.03,76.75,43.01,51.92
78.75,78.75,76.98,49.06,52.71
77.56,77.56,76.36,50.35,55.25
76.77,76.77,76.27,53.58,58.01
76.16,76.16,78.54,56.38,59.98
77.18,77.18,76.62,58.08,58.39
76.97,76.97,75.94,59.93,61.72
76.28,76.28,77.06,58.13,64.31
75.48,75.48,73.66,64.69,63.85
76.66,76.66,75.01,60.97,64.34
77.14,77.14,70.15,61.65,62.85
77.86,77.86,67.47,63.04,62.63
77.89,77.89,55.90,65.46,61.70
77.79,77.79,54.64,66.48,60.51
75.61,75.61,48.28,66.06,61.92
73.28,73.28,51.77,64.74,61.50
74.74,74.74,60.26,64.78,62.56
73.92,73.92,59.40,66.53,62.36
72.18,72.18,55.11,71.87,64.47
72.04,72.04,52.87,74.89,62.31
71.29,71.29,49.12,75.08,62.31
69.70,69.70,46.59,75.54,62.12
70.47,70.47,45.58,76.10,62.74
69.74,69.74,49.37,75.70,62.28
69.04,69.04,55.68,74.50,60.73
69.72,69.72,63.42,72.09,57.97
65.38,65.38,74.74,71.43,56.85
65.96,65.96,71.99,68.33,55.91
70.01,70.01,78.03,63.28,58.86
69.79,69.79,76.07,59.36,57.81
70.93,70.93,76.26,62.59,59.54
71.05,71.05,77.57,59.63,59.28
70.42,70.42,78.92,56.73,60.55
71.41,71.41,77.81,49.90,63.48
72.05,72.05,77.56,54.13,62.57
72.47,72.47,79.09,56.03,63.87
70.99,70.99,76.73,55.49,62.38
71.62,71.62,77.52,62.92,63.35
70.95,70.95,71.95,64.35,61.03
71.87,71.87,73.97,67.98,63.13
72.68,72.68,67.35,68.25,64.34
74.06,74.06,60.39,66.45,63.23
73.55,73.55,55.09,66.93,63.92
69.65,69.65,53.98,69.80,63.45
69.28,69.28,48.34,71.06,62.70
65.78,65.78,57.59,69.47,61.98
67.04,67.04,58.81,67.14,64.73
63.64,63.64,55.66,72.61,66.80
68.53,68.53,53.45,77.20,66.35
70.99,70.99,50.59,76.57,66.44
69.48,69.48,45.97,77.33,66.49
70.01,70.01,45.04,77.13,66.83
68.67,68.67,46.52,76.47,66.27
64.44,64.44,54.47,74.65,64.00
55.79,55.79,60.08,73.90,59.67
61.09,61.09,72.07,73.08,57.16
66.82,66.82,74.57,69.44,53.77
71.39,71.39,77.59,62.46,55.80
69.98,69.98,77.64,49.19,57.32
71.74,71.74,79.75,53.72,58.24
71.65,71.65,79.38,51.51,59.30
72.63,72.63,78.67,57.38,60.16
72.14,72.14,77.60,58.39,63.53
72.43,72.43,80.01,58.17,64.81
74.34,74.34,77.45,59.11,65.66
75.10,75.10,80.09,59.05,67.82
73.79,73.79,75.36,64.99,67.66
72.84,72.84,76.49,69.47,67.48
72.83,72.83,72.81,69.73,68.66
72.31,72.31,71.62,62.94,66.50
72.65,72.65,66.29,65.96,65.82
74.87,74.87,59.22,69.02,66.75
77.19,77.19,48.03,69.32,66.41
76.64,76.64,50.98,69.20,66.89
74.45,74.45,58.72,65.77,64.73
74.39,74.39,64.27,68.50,65.96
75.27,75.27,59.73,71.01,65.29
75.53,75.53,55.61,72.43,63.34
73.93,73.93,52.48,71.93,61.50
71.87,71.87,48.91,71.21,62.13
74.17,74.17,44.71,73.07,62.54
75.65,75.65,44.77,71.09,60.25
70.87,70.87,50.12,72.63,60.39
71.40,71.40,58.41,69.34,57.26
70.34,70.34,68.37,68.32,55.96
68.81,68.81,74.69,59.54,57.31
70.00,70.00,74.82,54.02,56.95
69.87,69.87,80.84,50.79,54.85
72.73,72.73,77.09,50.66,58.34
73.97,73.97,77.27,51.13,58.91
74.63,74.63,77.16,50.78,60.24
73.86,73.86,78.53,52.98,61.20
72.37,72.37,75.71,51.47,63.94
72.09,72.09,79.20,58.66,63.50
74.10,74.10,76.24,59.32,65.92
75.47,75.47,78.61,58.14,65.21
73.44,73.44,74.33,68.55,64.91
73.63,73.63,73.16,67.61,65.14
72.46,72.46,72.54,68.83,66.34
70.22,70.22,67.25,68.59,65.48
70.32,70.32,62.48,69.73,67.26
67.71,67.71,52.36,67.92,66.45
59.51,59.51,47.59,70.72,65.23
63.87,63.87,53.26,69.39,67.52
60.67,60.67,60.90,68.65,69.34
55.59,55.59,62.62,66.51,68.39
55.44,55.44,61.56,70.40,66.99
57.04,57.04,60.40,73.48,66.15
58.57,58.57,57.99,73.28,66.25
60.19,60.19,54.45,75.16,64.23
62.34,62.34,52.26,73.10,66.85
64.06,64.06,54.85,72.37,66.57
63.77,63.77,60.77,72.68,65.72
62.90,62.90,68.73,68.66,62.04
67.10,67.10,72.37,64.34,59.39
73.60,73.60,75.56,55.15,57.60
72.81,72.81,79.18,50.42,57.22
74.46,74.46,77.84,51.28,57.62
74.31,74.31,79.08,46.76,58.06
74.13,74.13,77.79,49.32,60.32
75.59,75.59,76.37,53.12,60.27
74.65,74.65,79.80,55.56,62.82
76.80,76.80,76.63,56.29,60.71
76.25,76.25,78.60,55.55,63.18
75.01,75.01,75.68,58.47,64.88
74.76,74.76,74.79,64.28,64.25
74.69,74.69,74.09,69.87,64.23
75.88,75.88,70.45,68.45,64.28
76.86,76.86,69.64,68.85,63.92
77.23,77.23,59.49,71.28,63.42
77.99,77.99,53.43,69.27,61.75
74.68,74.68,47.23,70.04,63.44
76.27,76.27,51.55,69.75,62.94
75.29,75.29,58.77,67.54,65.08
73.97,73.97,57.78,68.69,67.50
73.41,73.41,55.47,69.52,68.66
73.43,73.43,53.88,75.27,67.09
72.53,72.53,53.49,74.65,67.96
71.19,71.19,53.58,74.88,66.44
72.70,72.70,52.93,76.29,65.09
72.27,72.27,55.26,74.36,66.94
70.48,70.48,59.79,73.35,65.62
64.24,64.24,64.39,69.59,60.90
66.94,66.94,75.02,69.14,62.31
71.85,71.85,73.89,64.57,61.33
69.45,69.45,79.33,58.95,61.83
71.47,71.47,75.25,44.65,61.70
72.36,72.36,78.50,51.22,63.06
71.64,71.64,78.05,55.37,62.30
71.76,71.76,79.19,58.10,64.15
71.93,71.93,76.47,58.36,64.73
72.15,72.15,78.18,59.99,67.19
73.33,73.33,77.64,56.13,68.35
72.22,72.22,76.61,57.30,67.58
71.91,71.91,76.95,67.05,68.79
72.31,72.31,73.41,70.98,66.92
71.61,71.61,74.44,69.27,67.44
71.84,71.84,68.60,69.09,67.24
72.81,72.81,66.35,72.15,66.15
72.32,72.32,54.00,71.40,62.95
72.90,72.90,49.30,71.68,63.08
72.66,72.66,50.65,71.97,64.55
70.83,70.83,56.44,70.52,67.13
67.94,67.94,58.02,70.86,66.87
66.36,66.36,54.55,71.03,66.00
65.37,65.37,52.18,76.54,67.16
65.27,65.27,50.63,76.40,66.48
66.05,66.05,46.54,76.83,66.64
65.98,65.98,45.21,76.88,65.59
67.65,67.65,46.54,74.33,65.74
68.70,68.70,53.37,75.93,63.81
67.34,67.34,61.42,72.38,60.77
69.94,69.94,71.33,71.23,58.67
71.61,71.61,73.51,65.01,59.14
73.19,73.19,77.78,57.26,58.57
72.41,72.41,76.26,49.06,61.37
72.86,72.86,79.06,47.24,60.60
73.24,73.24,79.23,44.13,62.08
74.47,74.47,78.27,52.29,62.71
74.41,74.41,78.74,51.39,65.71
74.30,74.30,79.45,53.84,66.38
73.28,73.28,77.64,56.34,67.16
72.77,72.77,79.41,58.69,68.60
72.72,72.72,75.19,57.22,67.95
74.44,74.44,77.37,63.79,66.81
73.77,73.77,71.95,66.81,65.98
73.43,73.43,70.21,68.02,63.69
72.17,72.17,64.18,67.49,65.40
73.56,73.56,53.59,72.62,63.82
73.51,73.51,48.05,65.44,63.39
74.27,74.27,49.28,68.80,62.28
77.53,77.53,58.24,67.77,63.82
70.06,70.06,63.03,72.23,64.76
65.12,65.12,59.70,70.85,63.77
64.69,64.69,55.91,71.62,64.53
60.61,60.61,51.90,73.31,64.95
54.39,54.39,46.20,75.31,65.63
57.03,57.03,43.64,76.34,67.50
55.91,55.91,43.96,79.67,64.94
57.33,57.33,49.89,76.10,64.17
53.90,53.90,57.33,75.05,59.19
57.58,57.58,67.58,74.77,58.09
61.42,61.42,76.74,72.16,61.18
68.52,68.52,75.01,70.76,61.13
67.87,67.87,79.82,64.56,61.75
71.08,71.08,76.39,61.86,61.12
73.60,73.60,77.40,62.86,61.59
76.00,76.00,76.86,57.22,63.62
74.38,74.38,74.62,52.75,67.21
74.27,74.27,73.42,55.97,66.83
73.74,73.74,77.52,60.46,66.55
74.45,74.45,73.82,61.44,67.01
73.83,73.83,76.12,58.58,66.07
73.06,73.06,72.76,62.07,67.10
72.99,72.99,74.69,68.37,66.24
73.84,73.84,70.52,69.33,65.10
74.41,74.41,69.03,68.39,65.21
73.69,73.69,63.75,69.61,64.72
74.74,74.74,50.14,66.10,64.93
74.09,74.09,45.56,69.60,64.40
71.41,71.41,52.39,72.97,62.58
66.39,66.39,58.24,71.38,65.51
60.30,60.30,57.26,66.79,66.91
56.37,56.37,53.07,74.13,66.66
55.94,55.94,51.61,73.66,68.00
54.97,54.97,48.72,78.99,67.72
52.20,52.20,44.54,78.22,68.14
49.42,49.42,43.53,77.16,67.34
46.99,46.99,46.45,78.51,67.51
50.97,50.97,55.36,75.74,65.89
58.14,58.14,65.02,77.66,59.69
71.49,71.49,72.22,74.30,56.44
75.74,75.74,72.54,67.55,53.47
74.37,74.37,75.63,67.21,55.31
72.36,72.36,76.11,64.54,55.37
74.42,74.42,78.40,58.94,55.95
73.31,73.31,77.59,50.44,59.77
74.62,74.62,74.63,53.11,59.55
73.60,73.60,76.91,60.20,63.94
75.44,75.44,74.15,61.77,65.93
74.50,74.50,76.57,63.56,65.69
74.19,74.19,73.07,63.61,67.66
74.36,74.36,73.03,68.27,67.56
74.24,74.24,69.77,67.98,66.39
74.27,74.27,64.59,65.70,66.25
75.08,75.08,59.86,63.88,66.95
74.59,74.59,57.72,61.03,66.79
75.46,75.46,53.29,63.22,65.16
74.53,74.53,46.55,68.99,64.53
73.90,73.90,48.63,70.04,63.47
75.28,75.28,58.75,66.73,62.53
74.12,74.12,59.43,68.59,62.02
75.44,75.44,55.24,67.08,62.57
75.35,75.35,53.61,74.43,62.66
74.01,74.01,50.19,71.88,62.61
73.63,73.63,45.19,76.04,61.84
75.07,75.07,43.96,73.77,61.78
74.81,74.81,46.53,77.11,61.53
73.96,73.96,54.94,75.23,61.59
72.72,72.72,60.46,73.51,58.99
71.25,71.25,73.10,74.12,57.42
70.70,70.70,72.48,70.00,57.95
70.69,70.69,77.89,70.76,55.73
71.09,71.09,76.56,66.21,57.35
71.93,71.93,78.76,65.14,58.21
72.32,72.32,75.83,65.99,58.59
72.71,72.71,76.86,66.87,57.34
76.10,76.10,74.83,63.51,58.47
70.57,70.57,78.26,63.50,59.54
61.95,61.95,75.80,58.53,63.74
59.49,59.49,77.81,64.56,66.43
58.70,58.70,75.20,63.31,66.54
55.07,55.07,75.38,65.76,66.85
57.60,57.60,75.16,63.43,67.70
53.39,53.39,70.82,66.29,68.07
57.22,57.22,69.40,68.87,68.20
59.68,59.68,61.25,66.73,67.64
62.13,62.13,50.39,70.98,66.35
66.05,66.05,47.02,69.47,65.67
77.67,77.67,54.29,71.77,65.05
76.54,76.54,54.47,65.02,63.12
72.48,72.48,50.47,70.58,63.09
69.86,69.86,49.06,71.71,65.39
70.25,70.25,44.29,73.63,66.21
70.55,70.55,42.45,76.84,64.31
69.65,69.65,41.01,76.08,65.74
71.04,71.04,44.13,78.27,63.86
72.02,72.02,52.63,75.94,63.36
72.53,72.53,57.87,76.90,61.39
71.48,71.48,69.42,72.58,60.37
69.03,69.03,71.65,74.73,57.72
69.99,69.99,77.49,67.01,58.38
69.38,69.38,78.08,69.01,58.08
70.05,70.05,77.71,64.50,60.78
71.09,71.09,78.76,59.10,59.87
71.19,71.19,77.34,51.73,60.89
71.96,71.96,78.76,56.79,61.30
70.72,70.72,76.49,58.04,62.20
70.47,70.47,78.86,60.63,63.27
70.79,70.79,76.59,58.12,65.17
70.73,70.73,74.30,62.31,65.52
70.10,70.10,75.55,61.34,65.10
69.50,69.50,72.35,63.81,64.15
69.86,69.86,73.50,69.90,65.14
70.44,70.44,65.78,65.19,64.11
71.01,71.01,61.61,71.01,64.17
71.18,71.18,49.92,69.71,64.79
71.11,71.11,50.49,71.10,63.07
71.38,71.38,58.30,71.46,64.49
70.08,70.08,64.27,69.45,66.06
68.59,68.59,60.80,69.40,67.14
70.47,70.47,56.36,71.85,64.59
72.82,72.82,51.88,71.18,65.30
72.48,72.48,47.30,75.27,64.68
72.08,72.08,43.98,73.24,64.13
72.83,72.83,44.45,78.17,63.81
74.82,74.82,52.34,77.10,62.79
69.68,69.68,60.81,75.27,62.22
69.48,69.48,68.53,76.84,60.18
70.91,70.91,74.43,72.32,60.04
66.72,66.72,74.16,71.34,61.25
62.94,62.94,78.74,71.26,63.39
66.37,66.37,77.97,66.12,63.73
68.77,68.77,78.14,63.11,61.57
68.16,68.16,78.18,67.82,63.17
68.96,68.96,77.16,65.15,65.05
70.35,70.35,77.77,59.40,65.77
75.33,75.33,76.65,60.25,66.16
73.60,73.60,74.11,63.63,65.11
66.57,66.57,77.04,65.56,67.04
61.33,61.33,73.32,64.28,67.56
58.93,58.93,74.86,57.13,67.93
58.68,58.68,71.30,67.61,67.36
55.99,55.99,69.38,65.70,67.26
56.28,56.28,63.47,70.62,65.61
54.59,54.59,56.25,67.87,65.49
51.47,51.47,49.54,66.81,66.74
51.13,51.13,52.13,75.13,66.54
50.69,50.69,59.83,67.59,70.41
52.02,52.02,58.18,69.86,69.70
52.47,52.47,54.28,75.22,67.78
48.73,48.73,52.38,70.46,69.28
48.44,48.44,48.26,72.99,68.47
49.29,49.29,43.73,76.44,66.34
48.70,48.70,43.35,78.99,64.09
50.83,50.83,47.12,77.91,66.80
43.59,43.59,57.15,76.06,65.64
45.09,45.09,64.33,78.56,60.69
41.04,41.04,74.12,74.95,57.50
42.49,42.49,75.85,71.74,59.75
40.24,40.24,78.72,71.72,61.42
46.13,46.13,79.72,69.07,62.65
45.31,45.31,79.24,65.23,61.80
46.70,46.70,78.67,66.63,60.35
47.09,47.09,80.45,63.99,61.70
47.78,47.78,79.67,61.07,64.36
41.82,41.82,77.88,64.07,65.87
33.29,33.29,79.48,62.81,71.27
28.66,28.66,75.06,63.19,70.24
47.20,47.20,76.87,66.34,69.18
45.90,45.90,72.04,66.36,68.89
45.72,45.72,70.63,65.41,66.17
44.92,44.92,70.65,60.41,67.80
43.54,43.54,63.36,70.95,66.36
41.15,41.15,55.92,69.07,66.81
40.78,40.78,54.30,70.43,65.66
38.22,38.22,57.11,73.74,65.35
35.53,35.53,67.35,70.82,65.84
37.92,37.92,67.16,72.11,69.58
44.58,44.58,63.96,71.07,67.02
50.04,50.04,60.97,69.86,69.10
52.58,52.58,58.34,68.41,68.41
56.25,56.25,56.64,78.84,67.19
59.08,59.08,55.00,76.39,66.70
60.96,60.96,55.78,77.89,65.49
64.99,64.99,60.61,78.77,63.87
73.05,73.05,65.20,76.90,61.85
76.42,76.42,73.61,74.25,61.54
71.50,71.50,73.52,71.25,59.13
71.03,71.03,78.46,68.40,61.92
73.72,73.72,76.30,67.65,64.25
72.34,72.34,78.96,62.93,65.14
71.01,71.01,75.12,60.68,66.13
71.46,71.46,76.66,64.45,65.15
73.70,73.70,75.73,56.75,63.45
74.63,74.63,79.07,62.78,63.08
75.23,75.23,74.66,54.37,62.57
74.94,74.94,77.75,60.08,65.60
74.77,74.77,73.33,65.13,66.75
74.94,74.94,69.78,66.25,65.76
74.35,74.35,63.88,66.36,64.97
74.96,74.96,67.28,64.04,65.01
74.72,74.72,63.19,66.57,64.85
75.15,75.15,56.24,64.03,64.61
74.70,74.70,52.63,72.28,65.13
75.37,75.37,52.16,68.63,64.11
75.07,75.07,56.82,69.78,62.74
73.96,73.96,60.26,71.05,63.87
73.02,73.02,57.27,72.69,64.10
73.89,73.89,54.82,68.83,62.73
72.94,72.94,52.14,72.26,63.05
72.75,72.75,49.58,76.71,62.00
73.60,73.60,47.65,74.98,62.12
72.59,72.59,47.82,77.11,60.20
73.43,73.43,52.53,77.88,60.30
75.32,75.32,58.95,74.32,57.54
75.58,75.58,66.85,74.58,56.46
71.32,71.32,72.15,73.96,54.08
71.95,71.95,74.53,67.46,55.49
72.53,72.53,77.48,68.63,56.16
72.88,72.88,77.87,65.96,57.51
73.87,73.87,77.84,57.64,58.91
74.69,74.69,76.91,60.62,58.65
75.94,75.94,79.13,60.44,59.55
76.34,76.34,75.51,57.96,63.19
76.21,76.21,79.36,58.45,62.64
75.59,75.59,76.58,59.18,63.50
75.69,75.69,76.59,60.29,64.97
75.37,75.37,75.51,68.19,64.04
75.75,75.75,71.98,64.05,63.34
77.02,77.02,69.35,63.74,64.90
77.33,77.33,62.08,63.53,64.51
77.68,77.68,60.23,64.46,63.86
78.26,78.26,49.44,65.33,64.55
77.81,77.81,48.71,67.39,63.29
77.92,77.92,56.30,67.30,63.40
77.47,77.47,62.67,67.94,64.76
76.89,76.89,60.44,65.96,66.34
76.49,76.49,55.78,71.23,64.20
75.34,75.34,52.73,74.00,64.65
74.37,74.37,47.78,73.22,63.54
74.15,74.15,43.98,74.28,63.08
71.72,71.72,42.88,74.72,61.75
71.37,71.37,48.47,74.23,62.20
69.26,69.26,58.68,73.64,61.38
61.00,61.00,67.80,70.28,56.98
62.31,62.31,75.04,67.39,54.90
62.44,62.44,73.57,64.69,53.52
71.65,71.65,80.38,61.00,53.04
73.75,73.75,76.02,51.23,52.63
67.50,67.50,77.16,54.07,56.90
68.19,68.19,78.05,55.62,57.43
69.37,69.37,77.38,55.59,58.59
69.85,69.85,79.19,48.62,59.45
71.67,71.67,77.43,51.73,59.23
70.86,70.86,77.98,52.61,63.47
72.67,72.67,77.67,55.77,62.22
72.85,72.85,74.37,66.93,64.62
73.12,73.12,75.80,62.65,63.75
73.25,73.25,70.98,64.82,63.68
74.21,74.21,68.50,65.94,64.86
73.49,73.49,58.62,67.41,63.56
74.32,74.32,55.19,68.70,64.72
73.47,73.47,47.93,70.22,64.42
69.64,69.64,52.00,70.72,62.71
61.79,61.79,58.88,68.79,66.03
57.97,57.97,58.73,67.47,65.96
54.49,54.49,54.14,72.66,65.96
54.31,54.31,47.51,77.20,64.81
58.00,58.00,43.20,76.87,64.75
64.80,64.80,40.75,77.47,62.50
63.30,63.30,45.41,77.68,64.43
63.77,63.77,47.17,77.05,64.13
63.87,63.87,55.50,75.57,61.00
69.82,69.82,66.10,72.49,58.51
76.01,76.01,72.20,70.10,57.38
76.57,76.57,73.89,64.31,54.32
76.77,76.77,76.55,59.32,54.37
76.07,76.07,77.58,47.34,55.91
76.31,76.31,75.46,48.61,58.19
76.78,76.78,77.22,48.31,58.03
76.88,76.88,79.44,51.99,57.58
77.34,77.34,77.66,54.21,58.23
74.96,74.96,77.17,58.61,61.07
75.48,75.48,78.63,60.54,61.73
75.71,75.71,76.20,59.56,63.19
75.94,75.94,77.06,62.54,63.89
75.15,75.15,72.21,63.93,64.13
74.96,74.96,74.20,64.61,64.38
75.64,75.64,66.63,64.32,65.45
75.32,75.32,62.54,61.27,65.16
74.38,74.38,54.99,66.24,63.72
73.24,73.24,49.37,67.68,64.34
73.77,73.77,46.76,66.99,66.41
74.26,74.26,58.29,66.35,65.86
72.14,72.14,59.33,65.11,67.32
68.58,68.58,55.24,70.02,67.38
69.58,69.58,52.30,76.64,65.89
70.89,70.89,48.91,77.07,67.13
66.55,66.55,44.99,76.53,65.90
61.74,61.74,43.68,76.17,66.01
59.70,59.70,45.77,75.07,66.59
60.74,60.74,54.65,75.72,66.77
57.72,57.72,59.57,74.63,61.57
62.15,62.15,73.20,72.85,60.85
68.27,68.27,73.48,69.91,57.34
70.46,70.46,76.63,64.62,58.38
71.86,71.86,76.45,57.97,56.77
74.65,74.65,77.64,61.23,57.86
74.94,74.94,76.88,60.98,59.01
76.16,76.16,75.45,57.51,58.83
77.53,77.53,77.03,53.27,59.39
75.79,75.79,78.78,50.35,60.51
73.67,73.67,75.11,56.26,62.43
73.72,73.72,78.35,56.21,64.97
74.98,74.98,73.76,58.77,65.31
74.70,74.70,75.40,63.42,65.61
74.68,74.68,71.48,66.43,65.56
73.91,73.91,70.93,68.00,64.01
73.56,73.56,61.75,67.81,64.28
76.05,76.05,57.32,67.14,62.21
72.81,72.81,53.53,68.50,63.56
73.72,73.72,50.03,69.79,64.53
73.62,73.62,57.02,68.15,63.84
72.27,72.27,59.54,67.14,65.25
72.41,72.41,56.05,69.72,65.69
69.18,69.18,52.97,77.09,66.02
63.07,63.07,49.38,75.88,66.39
59.48,59.48,46.81,75.85,67.00
59.76,59.76,44.95,75.89,66.67
61.50,61.50,46.13,76.44,66.88
60.66,60.66,53.56,76.86,64.46
59.06,59.06,60.34,75.16,61.68
58.13,58.13,69.10,72.46,56.15
58.42,58.42,73.34,69.19,55.09
63.19,63.19,77.13,65.08,55.35
67.68,67.68,78.28,56.76,56.89
68.99,68.99,78.90,50.44,58.26
69.46,69.46,78.58,56.02,60.43
68.53,68.53,80.72,56.41,60.06
68.39,68.39,79.03,56.05,62.82
68.31,68.31,77.15,58.52,64.56
68.80,68.80,81.36,58.92,64.75
69.09,69.09,76.93,59.16,66.93
69.27,69.27,79.44,63.28,67.81
69.56,69.56,75.03,67.64,66.24
70.96,70.96,75.40,70.70,65.83
71.19,71.19,71.41,65.43,65.47
71.94,71.94,66.15,64.92,65.94
71.04,71.04,61.90,62.59,64.36
70.55,70.55,53.68,66.82,62.88
70.66,70.66,53.95,67.53,61.54
70.93,70.93,57.31,69.25,63.36
71.89,71.89,63.99,66.48,63.28
72.11,72.11,61.75,70.09,63.11
67.55,67.55,56.23,74.01,63.03
65.17,65.17,54.25,71.18,66.10
64.33,64.33,51.85,74.69,67.71
62.81,62.81,49.59,73.37,68.46
59.90,59.90,50.25,73.47,67.51
56.04,56.04,54.66,73.71,68.03
49.57,49.57,60.43,71.17,66.44
48.73,48.73,67.64,70.17,60.65
54.75,54.75,76.37,62.83,55.21
56.94,56.94,74.60,58.35,53.26
66.33,66.33,80.83,52.33,55.16
70.23,70.23,77.39,55.73,55.74
74.05,74.05,78.65,59.21,58.76
74.60,74.60,77.34,57.84,60.03
72.31,72.31,76.99,57.53,62.49
72.80,72.80,79.40,50.59,64.13
72.33,72.33,75.90,55.68,66.16
72.35,72.35,78.34,58.00,65.74
72.72,72.72,75.69,59.54,67.06
74.22,74.22,75.52,64.72,64.47
75.79,75.79,73.64,68.03,66.75
76.76,76.76,70.80,65.22,66.77
76.42,76.42,69.01,68.81,64.29
75.86,75.86,61.50,67.48,64.45
75.50,75.50,50.99,68.98,64.62
72.49,72.49,47.37,68.14,64.12
74.16,74.16,50.36,67.87,64.29
72.23,72.23,58.04,67.99,67.51
69.64,69.64,58.13,65.85,69.31
70.29,70.29,53.93,71.64,67.26
68.03,68.03,54.02,73.26,67.05
61.84,61.84,49.85,72.06,66.64
59.67,59.67,46.73,74.95,67.83
58.54,58.54,45.35,73.42,65.45
53.92,53.92,46.69,74.01,65.42
50.50,50.50,54.34,70.26,61.09
53.65,53.65,60.10,70.64,59.41
61.62,61.62,73.40,65.74,57.37
70.98,70.98,74.62,58.36,55.18
72.69,72.69,78.58,55.87,55.64
72.43,72.43,78.95,47.07,55.75
72.76,72.76,78.73,44.74,59.46
74.18,74.18,78.10,45.61,59.47
74.81,74.81,78.52,52.62,59.30
75.03,75.03,77.01,53.59,62.29
76.18,76.18,78.66,56.14,64.33
74.23,74.23,77.59,55.00,63.30
74.93,74.93,77.15,54.92,63.74
75.05,75.05,76.91,63.18,63.48
77.12,77.12,73.31,72.25,63.90
77.24,77.24,73.94,66.45,64.66
75.95,75.95,68.24,70.31,64.23
74.71,74.71,63.99,69.94,66.36
75.22,75.22,49.59,70.01,66.06
75.53,75.53,43.66,70.95,66.91
72.94,72.94,48.53,69.06,65.71
74.29,74.29,56.69,69.31,66.79
71.92,71.92,58.08,67.18,66.33
72.64,72.64,55.93,70.52,64.78
73.31,73.31,53.76,74.09,64.83
73.47,73.47,51.47,73.95,64.65
73.91,73.91,50.67,75.18,64.42
68.58,68.58,49.69,73.52,64.63
65.50,65.50,52.10,75.35,63.09
65.11,65.11,56.93,73.46,62.21
62.04,62.04,62.40,72.73,59.73
63.85,63.85,72.89,69.69,56.39
65.89,65.89,76.39,65.32,56.31
70.93,70.93,76.63,61.80,57.63
73.36,73.36,77.61,47.29,57.04
74.53,74.53,76.90,46.52,59.94
74.23,74.23,77.46,48.99,60.68
75.32,75.32,76.52,55.18,62.77
75.92,75.92,77.68,54.35,64.48
74.79,74.79,77.16,58.37,66.32
75.10,75.10,76.31,57.72,66.79
73.77,73.77,78.68,59.51,67.64
75.03,75.03,75.45,61.14,68.64
75.10,75.10,77.50,71.14,68.46
74.50,74.50,72.35,68.29,68.86
74.03,74.03,71.66,70.22,67.35
74.32,74.32,64.92,70.15,67.55
75.02,75.02,59.05,71.42,65.50
76.89,76.89,45.06,71.44,65.49
75.88,75.88,45.98,69.71,62.60
72.29,72.29,51.99,71.12,61.95
68.52,68.52,56.80,68.99,64.49
69.09,69.09,52.62,71.19,65.44
64.93,64.93,47.14,75.17,66.02
61.36,61.36,42.64,74.80,65.62
64.07,64.07,43.57,77.54,66.22
65.86,65.86,41.69,75.74,66.50
64.93,64.93,44.96,76.85,67.41
63.94,63.94,53.57,74.22,66.75
62.89,62.89,59.17,73.15,63.56
65.66,65.66,69.01,71.90,57.75
62.48,62.48,73.45,66.06,54.08
61.20,61.20,76.47,60.54,53.14
69.63,69.63,78.21,51.42,58.72
71.34,71.34,81.10,51.26,59.43
67.85,67.85,79.59,47.02,61.27
66.66,66.66,80.81,54.02,60.57
67.16,67.16,79.11,48.77,63.22
66.36,66.36,78.75,54.05,65.02
66.17,66.17,81.42,56.77,65.51
66.14,66.14,76.87,61.66,66.37
66.46,66.46,78.85,59.62,65.57
66.52,66.52,74.83,64.78,65.05
69.15,69.15,75.51,68.87,63.48
72.00,72.00,68.56,69.69,64.66
73.10,73.10,58.58,73.66,64.08
74.82,74.82,48.58,71.12,62.32
75.46,75.46,47.29,67.69,64.28
76.07,76.07,49.40,66.45,63.89
76.12,76.12,54.07,73.25,65.43
73.45,73.45,65.53,69.03,64.90
68.20,68.20,61.91,66.71,64.76
67.96,67.96,55.33,73.64,64.74
66.73,66.73,53.68,71.66,64.97
67.11,67.11,49.92,77.29,64.15
67.07,67.07,46.75,79.40,67.47
67.55,67.55,44.14,75.37,67.54
62.03,62.03,47.74,76.73,65.73
56.04,56.04,57.25,76.09,64.30
61.17,61.17,66.48,74.05,59.66
63.12,63.12,75.12,75.49,55.91
71.51,71.51,74.04,68.62,52.67
69.48,69.48,78.82,63.97,54.21
73.79,73.79,75.06,64.02,56.43
71.48,71.48,77.61,61.36,59.50
72.13,72.13,77.64,58.86,60.98
72.47,72.47,77.00,56.33,63.59
72.50,72.50,76.96,55.62,64.12
71.87,71.87,75.76,56.37,65.81
71.41,71.41,78.73,62.34,66.15
71.71,71.71,75.16,62.29,68.30
70.46,70.46,78.68,63.59,66.73
72.32,72.32,74.05,67.40,67.72
73.34,73.34,72.62,69.06,67.03
72.88,72.88,69.32,68.45,65.77
73.02,73.02,62.55,65.67,65.68
72.99,72.99,55.00,68.67,66.62
73.41,73.41,48.26,73.13,66.30
73.47,73.47,51.46,68.99,66.20
72.30,72.30,58.27,71.00,67.09
69.68,69.68,57.74,67.09,67.11
59.45,59.45,53.79,73.45,65.58
57.35,57.35,52.95,75.95,65.82
55.36,55.36,49.83,76.88,67.19
52.49,52.49,44.34,76.49,66.08
52.93,52.93,42.53,78.84,65.57
52.70,52.70,43.49,75.98,65.26
45.80,45.80,52.35,79.10,64.20
53.49,53.49,59.43,77.12,60.38
70.45,70.45,72.98,72.84,55.34
74.19,74.19,72.46,71.25,48.66
73.05,73.05,76.62,66.83,51.99
75.62,75.62,76.40,65.43,50.79
75.01,75.01,78.29,61.81,53.38
75.07,75.07,77.60,57.56,54.08
75.85,75.85,74.42,47.00,55.45
74.06,74.06,74.06,57.56,58.27
72.99,72.99,77.14,60.64,62.50
75.13,75.13,73.43,62.34,62.56
75.33,75.33,75.64,63.33,64.32
74.89,74.89,73.02,67.69,64.23
75.29,75.29,68.75,66.34,66.14
75.07,75.07,66.56,64.40,65.26
75.89,75.89,59.34,66.15,66.03
74.54,74.54,55.74,58.23,66.49
75.13,75.13,54.96,65.27,66.72
75.02,75.02,50.51,70.31,66.16
75.24,75.24,48.00,66.45,63.35
76.02,76.02,56.40,70.01,62.89
74.93,74.93,59.62,66.70,63.15
75.89,75.89,55.59,67.35,61.99
74.21,74.21,51.96,70.41,62.67
71.47,71.47,49.04,72.38,63.42
73.63,73.63,43.87,72.88,63.64
69.92,69.92,42.33,76.08,65.14
67.42,67.42,44.03,76.60,64.85
70.29,70.29,52.81,74.22,62.53
70.07,70.07,61.34,76.45,59.63
69.28,69.28,71.39,73.82,56.67
67.07,67.07,73.18,73.88,54.78
66.88,66.88,75.52,68.08,56.84
69.76,69.76,79.31,68.95,56.33
70.79,70.79,77.59,61.42,58.28
72.25,72.25,76.13,64.03,59.75
73.72,73.72,77.77,62.94,57.67
73.76,73.76,80.28,64.06,59.85
71.74,71.74,75.96,56.96,60.39
69.14,69.14,78.70,61.02,62.23
65.56,65.56,77.63,57.79,65.33
61.87,61.87,77.33,63.37,66.02
59.58,59.58,76.60,63.74,66.20
59.66,59.66,73.37,62.88,66.50
61.20,61.20,74.07,68.98,69.72
60.89,60.89,66.71,66.32,67.40
62.21,62.21,63.21,70.59,67.96
60.25,60.25,52.78,68.96,66.22
61.46,61.46,48.46,71.99,66.36
71.05,71.05,54.84,67.91,65.85
75.36,75.36,58.38,70.80,63.13
76.16,76.16,54.37,68.78,64.00
71.58,71.58,50.12,73.18,61.03
72.11,72.11,47.60,75.36,63.81
72.37,72.37,44.89,73.41,63.89
72.07,72.07,42.69,76.97,62.93
74.27,74.27,43.98,76.00,62.80
73.94,73.94,51.36,78.65,62.78
73.77,73.77,58.56,74.03,61.37
72.93,72.93,66.00,76.81,59.70
70.03,70.03,71.20,71.33,58.59
69.35,69.35,75.67,70.68,57.40
69.77,69.77,77.05,65.23,57.73
70.24,70.24,77.02,65.61,61.60
69.95,69.95,78.59,60.60,60.57
70.32,70.32,76.54,48.37,60.18
70.35,70.35,76.00,55.38,61.48
70.05,70.05,77.62,51.24,62.59
69.35,69.35,78.54,59.33,64.81
70.02,70.02,76.47,60.09,66.50
71.57,71.57,75.76,60.17,65.60
71.85,71.85,71.92,60.78,65.44
72.41,72.41,73.85,64.13,67.47
71.65,71.65,69.17,68.16,68.00
71.95,71.95,67.62,67.98,66.38
70.90,70.90,58.66,71.83,68.09
70.67,70.67,53.48,70.22,67.58
71.72,71.72,53.72,70.37,67.53
70.85,70.85,58.68,73.12,65.75
70.39,70.39,67.57,69.25,67.77
69.29,69.29,64.82,64.84,67.28
69.26,69.26,60.41,72.63,67.34
70.36,70.36,58.75,69.64,67.99
71.13,71.13,54.93,71.68,66.31
70.90,70.90,54.76,75.34,66.84
70.13,70.13,53.61,73.19,67.58
69.73,69.73,53.67,78.72,65.22
69.02,69.02,57.71,76.45,64.11
68.98,68.98,65.23,73.78,65.20
69.05,69.05,73.91,75.54,62.33
69.63,69.63,72.24,70.53,62.91
69.76,69.76,78.08,69.22,61.76
68.91,68.91,76.99,68.45,61.77
69.29,69.29,76.66,62.83,59.98
69.89,69.89,77.85,60.76,59.45
70.53,70.53,79.64,64.80,59.21
69.56,69.56,77.10,57.36,62.03
70.40,70.40,76.77,59.53,65.00
70.20,70.20,76.96,62.81,66.83
70.34,70.34,73.87,62.05,66.51
71.46,71.46,75.65,64.42,66.20
70.50,70.50,71.78,59.03,67.65
71.26,71.26,70.30,63.49,66.57
69.26,69.26,69.80,66.05,69.29
70.91,70.91,63.20,68.27,69.56
72.32,72.32,58.02,70.26,65.80
71.69,71.69,55.43,72.30,64.51
70.74,70.74,56.75,68.72,65.03
70.36,70.36,62.93,67.03,64.53
68.88,68.88,62.53,71.03,65.87
67.32,67.32,58.84,71.11,66.55
68.91,68.91,58.23,70.47,69.68
68.40,68.40,57.81,70.73,67.86
68.55,68.55,57.51,77.68,68.80
68.57,68.57,57.27,74.95,67.57
68.25,68.25,56.83,76.46,66.56
66.72,66.72,58.69,80.06,65.92
70.97,70.97,66.64,74.19,65.38
71.83,71.83,64.15,76.11,63.80
60.68,60.68,64.53,76.19,66.68
57.95,57.95,61.70,71.67,67.80
58.63,58.63,60.54,72.12,66.99
56.57,56.57,58.40,72.93,66.18
57.19,57.19,59.62,70.60,65.58
55.03,55.03,57.28,72.53,64.92
51.15,51.15,54.36,69.31,63.23
49.21,49.21,52.33,69.77,64.69
49.60,49.60,50.55,66.80,65.21
46.95,46.95,50.23,60.87,67.00
45.52,45.52,49.50,53.66,66.69
44.45,44.45,48.67,50.13,65.09
44.31,44.31,48.23,40.00,67.80
44.24,44.24,47.24,31.92,68.18
43.32,43.32,46.87,32.04,69.10
43.88,43.88,46.90,33.82,67.99
50.38,50.38,45.45,26.24,65.00
50.86,50.86,47.41,32.01,66.43
50.10,50.10,47.32,34.44,65.63
45.64,45.64,47.09,36.73,64.69
43.29,43.29,46.73,32.57,64.79
43.11,43.11,47.16,33.57,65.58
41.06,41.06,45.32,41.05,65.47
41.85,41.85,46.46,36.52,66.70
44.31,44.31,45.51,31.77,67.09
42.69,42.69,46.32,35.03,66.50
45.93,45.93,45.57,39.15,66.13
47.75,47.75,44.89,42.41,64.44
47.12,47.12,46.94,40.60,66.42
41.67,41.67,46.90,38.88,64.86
38.55,38.55,46.05,37.60,63.68
38.80,38.80,46.35,39.53,64.02
39.84,39.84,46.37,32.96,65.37
36.60,36.60,44.42,33.51,66.46
37.92,37.92,43.33,32.87,65.34
39.55,39.55,46.64,34.76,63.62
36.77,36.77,50.48,39.84,63.94
33.68,33.68,50.30,43.98,61.20
31.20,31.20,47.82,39.63,63.58
35.73,35.73,47.35,43.21,61.42
35.56,35.56,54.27,47.68,62.98
33.39,33.39,48.20,47.46,63.89
32.50,32.50,53.71,46.89,63.71
29.40,29.40,50.51,46.89,61.48
29.69,29.69,54.28,52.79,65.53
27.73,27.73,47.44,52.58,69.47
29.22,29.22,54.09,54.26,66.38
28.47,28.47,49.93,49.60,66.91
27.64,27.64,51.00,47.12,67.00
28.68,28.68,53.23,48.02,65.62
27.81,27.81,53.46,48.36,65.70
27.64,27.64,56.62,51.68,67.26
23.56,23.56,59.43,50.62,64.53
29.73,29.73,60.37,44.61,66.60
26.07,26.07,62.36,50.56,66.47
22.88,22.88,61.66,50.45,67.72
14.23,14.23,60.24,52.47,65.84
11.06,11.06,66.07,39.15,62.44
16.33,16.33,75.70,38.99,60.73
14.72,14.72,76.21,36.35,61.32
8.28,8.28,78.12,22.12,60.43
7.60,7.60,77.54,11.77,60.36
10.77,10.77,79.01,16.62,61.71
12.63,12.63,72.46,9.34,61.31
16.44,16.44,76.42,16.39,60.11
16.83,16.83,78.11,12.91,64.53
17.52,17.52,78.04,13.00,65.89
19.36,19.36,72.20,14.23,65.39
21.22,21.22,70.54,24.54,66.41
19.91,19.91,77.96,27.45,65.01
19.17,19.17,76.66,23.29,63.60
19.07,19.07,73.65,20.67,63.46
19.69,19.69,72.91,19.24,61.73
20.03,20.03,72.58,20.47,59.69
18.71,18.71,70.93,24.54,61.30
17.30,17.30,69.31,26.76,60.32
16.73,16.73,70.12,24.19,62.17
16.73,16.73,72.34,21.67,62.40
16.92,16.92,70.39,26.47,63.28
20.18,20.18,76.26,24.05,63.94
19.76,19.76,75.27,15.47,61.77
20.03,20.03,66.59,11.73,61.81
17.28,17.28,77.92,14.05,62.40
19.74,19.74,75.15,4.92,64.28
21.81,21.81,68.09,2.24,65.02
19.52,19.52,73.06,8.57,62.98
16.27,16.27,69.70,3.57,64.56
14.66,14.66,73.02,0.19,64.62
13.57,13.57,72.20,-0.00,60.17
15.88,15.88,74.65,-0.00,62.51
18.31,18.31,66.95,-0.00,64.12
19.36,19.36,73.30,-0.00,65.92
17.89,17.89,74.54,0.06,64.60
16.37,16.37,69.40,0.28,64.34
14.47,14.47,70.05,0.02,62.43
15.21,15.21,73.06,0.09,62.72
13.11,13.11,66.93,1.08,59.84
15.40,15.40,74.36,2.24,61.70
15.68,15.68,70.66,7.55,63.93
13.17,13.17,75.03,12.19,62.49
14.58,14.58,74.83,15.43,62.62
14.37,14.37,67.16,15.60,60.33
13.49,13.49,75.74,24.58,60.98
14.78,14.78,72.20,20.96,60.22
14.40,14.40,65.73,17.72,61.43
10.92,10.92,63.15,13.96,61.94
11.38,11.38,62.50,11.25,63.11
13.26,13.26,67.96,12.16,65.19
17.70,17.70,62.56,13.08,63.21
21.32,21.32,66.03,12.21,62.14
18.94,18.94,59.51,17.52,62.44
17.64,17.64,64.29,18.35,61.76
20.55,20.55,68.59,17.42,61.98
21.85,21.85,51.59,22.14,61.21
25.32,25.32,61.11,19.80,61.93
25.78,25.78,60.58,16.90,62.73
27.55,27.55,67.19,21.05,62.47
30.96,30.96,67.38,29.66,61.33
33.02,33.02,67.14,30.16,62.54
37.05,37.05,64.08,29.77,62.31
37.56,37.56,58.97,26.73,61.54
42.40,42.40,61.84,31.20,58.71
44.20,44.20,62.51,36.64,62.01
44.27,44.27,64.65,36.93,60.31
46.98,46.98,66.38,38.97,59.88
50.83,50.83,63.67,32.76,58.51
50.46,50.46,63.49,36.05,59.74
49.91,49.91,56.72,27.93,58.02
48.42,48.42,63.29,18.56,61.62
43.59,43.59,57.45,21.42,61.64
37.34,37.34,60.27,17.17,59.44
32.22,32.22,59.32,11.21,60.67
26.54,26.54,62.38,12.91,58.12
20.79,20.79,59.34,17.69,57.95
20.46,20.46,61.69,23.55,58.87
19.92,19.92,66.63,34.31,60.73
32.64,32.64,63.60,25.43,56.53
46.00,46.00,68.17,28.57,58.17
55.59,55.59,66.36,31.74,60.49
49.78,49.78,60.66,27.39,58.04
55.72,55.72,65.22,28.55,59.17
58.25,58.25,58.58,31.20,58.25
63.60,63.60,60.05,18.16,56.38
64.37,64.37,60.94,21.42,56.25
65.78,65.78,59.13,22.62,57.47
67.10,67.10,53.99,22.66,55.19
65.80,65.80,60.78,19.72,55.98
65.15,65.15,55.21,21.91,54.40
66.33,66.33,62.47,19.20,53.20
64.36,64.36,53.67,26.05,51.92
63.52,63.52,54.69,27.91,54.82
64.19,64.19,49.57,25.39,55.23
64.06,64.06,59.36,21.76,55.08
65.06,65.06,53.00,26.04,54.48
65.54,65.54,54.98,22.96,56.82
65.21,65.21,58.66,25.05,54.63
65.48,65.48,51.43,28.34,53.96
64.74,64.74,47.69,26.03,54.15
65.17,65.17,47.82,26.74,53.50
64.66,64.66,53.31,26.84,54.06
62.86,62.86,48.71,32.50,54.75
63.48,63.48,53.14,34.02,55.40
65.48,65.48,45.49,32.74,55.73
65.68,65.68,52.14,38.10,55.06
64.12,64.12,54.57,34.48,55.63
63.03,63.03,51.43,42.57,53.57
63.01,63.01,44.24,34.93,54.97
62.13,62.13,43.57,28.83,53.97
61.96,61.96,46.97,36.12,53.43
61.11,61.11,48.91,39.64,53.57
60.94,60.94,46.60,37.97,54.74
59.46,59.46,44.43,37.17,53.39
60.03,60.03,46.09,39.03,55.95
57.99,57.99,40.96,32.72,53.56
60.32,60.32,45.28,37.46,57.40
59.90,59.90,45.44,39.71,56.11
59.67,59.67,41.79,36.06,54.31
58.90,58.90,41.25,29.76,53.39
58.29,58.29,37.80,30.81,54.48
56.58,56.58,44.06,35.03,51.46
55.19,55.19,46.13,34.12,50.77
62.56,62.56,33.08,28.71,50.12
70.18,70.18,38.58,28.19,49.81
70.84,70.84,42.57,31.84,47.11
71.82,71.82,37.83,31.62,46.48
71.23,71.23,38.71,33.76,54.31
70.76,70.76,37.99,33.56,58.17
72.07,72.07,36.39,31.47,63.49
70.90,70.90,35.68,32.21,63.71
71.17,71.17,35.17,29.58,64.19
69.82,69.82,36.50,33.57,62.19
69.64,69.64,36.36,35.23,59.76
69.51,69.51,34.92,31.14,61.96
68.67,68.67,33.54,29.96,63.36
69.04,69.04,34.91,31.15,64.41
69.90,69.90,33.00,30.39,61.30
69.44,69.44,31.80,28.55,63.04
68.87,68.87,33.58,29.71,62.34
68.12,68.12,35.16,31.56,61.59
68.36,68.36,35.64,29.70,60.75
68.44,68.44,33.76,30.00,62.24
68.37,68.37,33.96,31.56,60.75
68.95,68.95,34.48,34.04,62.23
69.86,69.86,35.29,31.69,59.81
66.68,66.68,33.42,32.53,60.99
62.15,62.15,35.06,34.11,60.67
63.19,63.19,33.14,33.01,57.91
65.84,65.84,32.48,32.54,58.07
68.89,68.89,35.31,31.65,57.83
71.45,71.45,33.95,31.68,58.15
71.65,71.65,31.58,32.15,54.47
71.66,71.66,33.87,34.14,56.22
70.99,70.99,33.84,35.23,58.74
69.48,69.48,33.76,33.89,55.95
68.31,68.31,35.64,32.89,58.89
69.05,69.05,35.43,34.00,54.25
69.88,69.88,35.94,32.08,56.47
71.51,71.51,35.30,33.41,54.99
72.33,72.33,36.89,32.61,57.27
72.15,72.15,35.97,32.83,53.89
70.99,70.99,36.80,33.89,58.32
68.72,68.72,36.48,34.27,54.40
68.44,68.44,36.41,30.71,57.19
68.18,68.18,35.95,29.68,53.79
68.71,68.71,36.73,30.09,56.30
69.83,69.83,37.98,32.36,56.30
69.72,69.72,39.86,33.83,59.20
69.42,69.42,38.79,33.01,58.67
66.44,66.44,39.69,29.60,57.14
65.36,65.36,37.80,29.59,56.68
64.94,64.94,38.74,32.94,58.02
64.03,64.03,38.94,30.59,55.99
63.35,63.35,39.14,31.57,57.81
62.68,62.68,40.58,30.15,56.78
62.88,62.88,41.82,29.27,57.16
63.10,63.10,41.76,29.01,57.87
61.77,61.77,39.48,32.48,56.46
58.69,58.69,36.02,30.68,55.59
61.89,61.89,39.32,30.69,54.62
64.80,64.80,41.61,30.22,55.80
64.38,64.38,41.43,31.20,56.41
65.00,65.00,42.05,31.03,55.70
64.17,64.17,41.80,30.55,55.32
61.81,61.81,40.05,28.44,56.19
54.00,54.00,36.43,29.67,55.95
46.07,46.07,33.39,28.11,56.17
43.92,43.92,34.34,29.68,55.69
47.27,47.27,37.33,29.67,58.49
47.86,47.86,36.71,28.27,58.23
51.48,51.48,32.41,27.92,56.31
51.22,51.22,36.23,31.41,57.24
55.87,55.87,30.65,33.33,57.20
64.84,64.84,26.65,37.76,57.51
69.68,69.68,23.82,33.02,54.57
68.69,68.69,24.78,37.28,55.60
69.87,69.87,27.87,33.04,54.30
71.41,71.41,23.94,33.70,55.41
72.66,72.66,33.25,32.94,53.49
70.85,70.85,31.95,30.79,54.91
70.77,70.77,36.51,31.92,54.82
70.64,70.64,36.72,29.73,53.98
71.03,71.03,36.60,28.34,54.36
71.81,71.81,33.00,26.92,53.70
73.50,73.50,36.48,28.79,54.09
72.19,72.19,36.37,29.57,52.21
70.29,70.29,38.20,28.94,53.81
65.98,65.98,35.87,28.62,51.68
64.09,64.09,39.06,28.41,51.94
63.92,63.92,33.67,24.94,51.52
61.21,61.21,41.56,30.26,52.98
52.78,52.78,40.39,29.66,51.50
49.63,49.63,44.06,30.67,50.97
45.41,45.41,41.10,32.26,50.35
45.55,45.55,43.78,29.53,50.25
44.73,44.73,39.76,25.85,48.31
44.12,44.12,44.30,30.36,47.17
45.07,45.07,41.32,30.99,48.23
47.04,47.04,43.77,33.52,47.92
46.77,46.77,41.18,32.11,48.48
56.70,56.70,38.49,33.11,48.52
65.43,65.43,35.33,29.79,48.38
65.58,65.58,35.59,28.66,49.08
66.15,66.15,35.39,27.18,49.21
66.93,66.93,36.79,28.22,49.71
66.58,66.58,36.93,25.65,48.13
67.14,67.14,38.58,29.82,49.79
66.44,66.44,37.67,24.15,49.36
66.81,66.81,37.64,28.01,48.00
66.06,66.06,37.70,28.63,48.75
66.17,66.17,38.42,27.64,49.15
66.16,66.16,34.27,26.47,48.03
66.17,66.17,38.65,33.21,48.73
58.47,58.47,37.69,32.15,47.85
59.40,59.40,40.07,34.98,49.57
59.03,59.03,41.21,36.00,47.58
56.14,56.14,42.64,35.28,49.63
57.50,57.50,37.60,29.28,47.03
63.51,63.51,40.42,34.19,48.03
65.11,65.11,38.42,32.56,47.76
65.76,65.76,38.90,31.79,45.38
63.07,63.07,40.54,34.82,48.21
63.67,63.67,38.77,31.43,45.58
66.17,66.17,40.27,32.92,48.12
69.49,69.49,39.45,31.77,46.63
70.87,70.87,41.04,31.50,48.76
72.20,72.20,39.15,28.43,49.35
70.52,70.52,40.94,32.16,47.48
71.27,71.27,39.85,31.52,49.63
71.03,71.03,39.82,29.49,45.63
70.45,70.45,41.76,34.59,55.92
70.66,70.66,35.72,30.50,55.29
71.29,71.29,37.51,36.74,59.06
72.17,72.17,35.21,36.22,59.29
72.67,72.67,35.44,35.25,58.39
71.51,71.51,33.42,33.07,59.60
70.50,70.50,33.44,38.53,56.74
71.06,71.06,33.80,33.10,58.97
70.59,70.59,35.20,35.13,60.88
70.27,70.27,34.07,35.33,58.93
71.23,71.23,33.61,33.47,58.91
71.44,71.44,38.18,38.19,59.10
70.08,70.08,35.41,34.80,57.95
69.83,69.83,39.42,36.35,59.48
70.27,70.27,35.97,35.72,57.17
69.89,69.89,37.11,35.39,58.53
69.37,69.37,41.01,38.15,57.08
69.61,69.61,39.89,34.12,56.82
70.76,70.76,39.00,33.41,58.94
70.79,70.79,39.47,34.27,59.80
69.21,69.21,40.28,34.60,61.29
69.76,69.76,41.43,35.26,58.07
69.16,69.16,35.41,29.04,58.12
68.86,68.86,39.36,32.02,60.23
69.72,69.72,41.29,33.17,60.36
70.11,70.11,38.04,31.23,59.30
69.45,69.45,38.67,31.90,61.46
67.37,67.37,38.24,31.63,61.24
65.13,65.13,38.36,28.86,58.18
61.60,61.60,41.75,34.44,60.11
58.71,58.71,39.58,31.54,59.54
57.07,57.07,40.40,31.70,59.08
56.27,56.27,38.21,31.59,59.37
54.52,54.52,39.69,31.72,58.82
54.07,54.07,38.89,31.54,60.15
51.31,51.31,38.62,33.26,60.16
49.82,49.82,38.45,34.33,56.73
54.20,54.20,35.17,33.06,58.73
69.20,69.20,32.80,31.52,56.62
70.86,70.86,34.25,32.96,56.27
70.62,70.62,31.86,31.95,57.42
71.49,71.49,35.99,34.98,57.62
69.70,69.70,32.96,32.08,57.88
68.84,68.84,37.09,33.91,56.28
68.17,68.17,37.50,32.54,58.60
67.58,67.58,36.85,30.88,56.61
66.97,66.97,37.66,33.55,58.90
65.04,65.04,38.10,29.81,57.71
62.62,62.62,40.71,35.63,58.83
60.76,60.76,40.51,30.52,58.19
58.51,58.51,39.19,33.56,57.62
55.20,55.20,39.90,33.23,56.77
52.83,52.83,41.58,32.60,56.38
49.68,49.68,41.62,35.33,59.02
46.86,46.86,41.29,30.93,54.98
46.45,46.45,43.42,35.29,55.27
45.69,45.69,43.06,31.80,56.07
44.63,44.63,42.96,35.35,52.99
43.70,43.70,41.48,29.87,48.88
43.27,43.27,43.40,32.21,53.73
41.80,41.80,45.60,36.59,52.83
39.12,39.12,44.76,30.67,50.55
42.04,42.04,46.18,34.04,49.34
45.52,45.52,45.88,33.60,51.06
46.78,46.78,47.54,34.59,54.54
46.58,46.58,47.13,37.85,53.40
49.66,49.66,46.69,35.13,53.20
48.89,48.89,46.87,37.60,53.38
50.03,50.03,47.06,35.58,52.07
48.26,48.26,47.74,37.25,52.36
46.60,46.60,46.22,36.94,51.79
42.28,42.28,42.87,34.09,51.91
36.14,36.14,42.47,37.91,50.85
36.42,36.42,39.83,34.52,48.87
40.38,40.38,40.87,38.94,48.77
54.51,54.51,41.36,35.03,48.91
58.76,58.76,41.87,41.69,48.50
59.42,59.42,36.82,36.35,46.94
58.24,58.24,35.80,38.30,48.28
58.34,58.34,32.27,36.36,49.99
64.35,64.35,33.70,38.50,50.20
61.68,61.68,32.50,35.35,50.65
61.18,61.18,34.51,33.68,49.60
62.88,62.88,37.86,36.73,51.35
63.48,63.48,39.38,31.71,50.26
63.99,63.99,39.93,33.59,47.49
63.66,63.66,40.40,35.49,47.56
64.15,64.15,39.61,32.43,47.55
63.90,63.90,41.84,36.95,47.13
65.55,65.55,40.49,32.83,47.14
66.12,66.12,40.17,32.85,45.53
64.51,64.51,39.44,32.79,47.48
63.98,63.98,41.01,34.61,46.99
61.46,61.46,40.42,34.73,48.20
61.43,61.43,39.41,32.93,51.06
62.74,62.74,40.86,34.54,51.65
62.85,62.85,39.02,32.90,49.71
62.49,62.49,40.40,35.87,51.22
62.48,62.48,40.37,33.24,52.97
62.31,62.31,38.25,34.89,50.97
62.17,62.17,41.86,36.52,51.00
62.82,62.82,39.76,33.57,49.67
60.88,60.88,40.96,34.57,51.73
60.14,60.14,42.30,37.27,48.46
59.11,59.11,41.73,34.89,47.96
59.15,59.15,43.09,34.40,49.69
59.28,59.28,44.03,32.81,49.57
57.02,57.02,41.87,30.01,49.44
47.37,47.37,43.03,32.90,49.13
41.47,41.47,43.44,33.65,49.93
39.37,39.37,38.66,29.40,48.39
40.74,40.74,43.72,34.73,47.91
36.78,36.78,40.79,30.37,48.14
43.47,43.47,42.10,34.66,48.24
45.75,45.75,41.37,33.13,47.01
54.01,54.01,36.87,32.33,45.38
67.57,67.57,41.03,34.12,46.62
69.38,69.38,35.65,31.07,46.74
69.97,69.97,34.10,28.76,47.08
70.72,70.72,33.09,30.18,51.64
70.54,70.54,32.77,34.60,56.03
70.32,70.32,29.64,30.07,57.49
70.97,70.97,31.12,35.40,59.86
70.92,70.92,29.54,35.31,58.80
71.91,71.91,30.81,30.74,61.97
71.35,71.35,31.92,23.29,59.10
70.76,70.76,33.05,29.32,58.79
69.81,69.81,31.30,29.75,57.64
69.72,69.72,34.46,33.78,59.24
69.02,69.02,36.28,32.30,58.49
68.54,68.54,35.54,32.31,59.79
63.51,63.51,35.62,34.07,60.42
50.70,50.70,30.37,27.22,59.65
40.24,40.24,29.31,31.96,59.76
43.14,43.14,32.34,32.12,60.17
46.34,46.34,41.58,27.22,60.71
49.26,49.26,41.40,33.33,61.17
53.64,53.64,40.40,26.58,60.79
50.99,50.99,39.46,35.16,60.49
50.85,50.85,39.53,32.26,60.22
48.86,48.86,38.56,31.36,59.35
45.02,45.02,37.89,32.17,61.66
42.83,42.83,38.61,28.70,61.28
38.55,38.55,37.51,26.21,58.18
37.84,37.84,34.40,32.29,59.26
37.63,37.63,39.83,28.18,59.14
42.01,42.01,39.99,31.58,60.23
41.11,41.11,39.81,32.55,59.79
40.65,40.65,40.23,32.06,57.31
39.27,39.27,41.78,31.51,56.31
40.95,40.95,41.80,31.64,56.65
41.60,41.60,42.91,30.94,55.44
41.47,41.47,42.92,31.56,56.12
42.86,42.86,43.47,29.28,53.27
41.40,41.40,42.18,29.39,53.21
40.23,40.23,44.08,31.87,54.57
37.37,37.37,41.97,25.85,54.38
32.22,32.22,39.58,29.93,53.99
33.48,33.48,38.78,29.78,56.58
34.45,34.45,36.89,30.95,55.85
39.73,39.73,38.34,31.27,57.13
41.66,41.66,37.62,31.71,54.82
44.17,44.17,37.39,29.90,56.01
53.55,53.55,36.23,32.59,53.69
56.81,56.81,33.30,31.40,52.00
63.16,63.16,28.98,31.58,52.48
65.12,65.12,30.37,32.78,51.72
62.65,62.65,30.69,35.60,53.19
60.06,60.06,30.53,33.62,51.09
60.40,60.40,30.86,32.40,51.83
60.10,60.10,32.15,34.60,51.46
53.00,53.00,34.17,32.75,53.40
57.60,57.60,34.05,36.50,55.42
59.02,59.02,34.69,30.99,54.36
58.34,58.34,37.12,37.30,56.34
58.11,58.11,35.97,37.13,54.93
57.47,57.47,35.61,36.77,55.38
56.38,56.38,36.40,38.45,53.34
54.32,54.32,35.20,36.04,52.85
48.00,48.00,34.64,39.41,55.02
47.48,47.48,36.07,38.07,55.44
57.18,57.18,31.08,35.29,54.42
59.84,59.84,27.60,31.14,53.23
61.80,61.80,29.74,34.57,53.34
63.35,63.35,33.46,34.34,51.92
63.94,63.94,33.17,33.43,51.85
64.44,64.44,33.70,31.06,50.29
64.40,64.40,36.44,31.25,49.16
64.53,64.53,38.64,32.59,52.63
64.26,64.26,38.34,31.69,51.45
64.94,64.94,40.41,30.76,50.83
65.84,65.84,40.71,29.39,49.21
65.44,65.44,40.23,28.36,51.17
65.68,65.68,42.17,30.79,50.92
66.03,66.03,41.34,32.02,50.18
65.66,65.66,41.23,28.04,49.71
65.30,65.30,43.50,27.27,48.95
64.85,64.85,42.72,29.12,47.81
64.76,64.76,41.51,27.48,49.56
64.57,64.57,41.46,28.67,51.40
64.73,64.73,40.26,25.72,48.75
66.09,66.09,42.89,24.87,50.24
67.07,67.07,42.84,29.27,48.77
68.08,68.08,42.50,28.95,49.91
68.73,68.73,40.28,25.17,48.40
69.29,69.29,41.74,29.68,48.26
68.25,68.25,39.36,23.26,52.31
67.07,67.07,39.71,27.92,50.44
67.11,67.11,39.80,26.88,50.19
67.78,67.78,39.78,24.76,52.33
67.38,67.38,40.84,26.74,51.42
68.24,68.24,41.90,27.43,49.78
67.46,67.46,42.16,27.85,48.20
66.94,66.94,42.12,30.50,48.86
67.17,67.17,41.13,29.22,47.50
64.98,64.98,41.47,29.28,47.34
64.62,64.62,42.46,30.06,45.32
64.63,64.63,42.04,30.37,42.38
64.76,64.76,43.30,32.19,46.36
63.35,63.35,41.91,30.68,46.22
61.77,61.77,41.37,30.29,45.81
59.98,59.98,42.54,33.47,45.53
59.00,59.00,42.86,34.02,48.45
61.85,61.85,41.65,31.69,49.54
62.48,62.48,42.67,29.54,47.90
61.45,61.45,43.90,35.92,44.83
59.48,59.48,41.72,27.45,44.05
53.36,53.36,42.97,31.87,42.03
45.33,45.33,42.08,32.37,45.27
42.50,42.50,41.70,32.20,46.37
39.25,39.25,42.57,33.28,45.80
39.68,39.68,35.62,30.16,46.01
44.34,44.34,38.11,33.27,52.33
47.48,47.48,34.13,33.06,60.45
50.06,50.06,32.30,33.54,62.58
55.15,55.15,28.73,33.21,61.49
52.85,52.85,26.78,32.72,62.27
57.23,57.23,30.11,32.08,61.22
56.83,56.83,28.17,37.98,63.57
56.24,56.24,25.68,36.97,61.47
55.71,55.71,27.87,36.15,63.16
59.67,59.67,28.80,33.04,60.25
63.26,63.26,30.51,27.28,62.59
62.42,62.42,29.94,28.77,61.02
60.04,60.04,30.66,28.53,62.74
58.90,58.90,31.24,30.39,59.66
59.26,59.26,32.74,31.91,62.26
61.52,61.52,32.12,28.23,62.14
59.57,59.57,32.63,29.60,60.85
59.56,59.56,33.68,29.99,59.90
58.72,58.72,36.02,29.43,61.91
58.68,58.68,35.15,27.79,58.91
59.47,59.47,38.69,25.38,62.41
62.00,62.00,36.11,26.24,61.04
61.21,61.21,37.20,28.07,59.70
60.08,60.08,36.93,28.33,60.85
57.98,57.98,36.36,30.93,61.29
54.00,54.00,36.67,30.47,59.47
52.75,52.75,36.26,25.10,60.50
46.42,46.42,35.96,28.77,59.53
38.59,38.59,34.61,28.01,61.07
36.54,36.54,35.62,27.82,59.08
33.79,33.79,35.80,25.37,62.17
30.18,30.18,34.91,22.23,60.13
28.93,28.93,33.62,29.29,61.62
26.11,26.11,34.18,23.79,60.72
25.65,25.65,36.51,28.25,59.08
25.71,25.71,35.16,27.78,60.28
25.58,25.58,37.19,24.97,58.42
23.51,23.51,36.25,28.99,58.06
21.50,21.50,34.77,26.20,58.12
23.54,23.54,34.64,27.75,59.06
22.04,22.04,35.28,21.51,59.30
24.99,24.99,33.74,27.74,58.84
21.95,21.95,35.58,27.80,59.70
22.81,22.81,38.12,29.38,57.49
23.27,23.27,37.66,28.54,57.29
21.85,21.85,35.92,27.89,56.40
23.06,23.06,37.24,28.51,56.52
18.43,18.43,37.15,31.10,55.35
18.96,18.96,40.33,28.24,57.88
18.14,18.14,36.62,28.85,57.60
18.06,18.06,36.13,23.47,58.17
18.67,18.67,40.37,31.18,56.81
17.03,17.03,38.25,27.31,59.57
16.12,16.12,39.81,32.19,57.95
16.44,16.44,41.17,30.70,58.17
17.65,17.65,39.68,30.57,56.95
18.97,18.97,39.06,26.63,55.43
21.93,21.93,40.73,30.09,55.35
22.78,22.78,41.97,31.67,54.40
25.18,25.18,44.32,31.69,54.75
28.81,28.81,42.11,31.45,55.31
27.74,27.74,44.40,33.81,51.51
29.19,29.19,41.89,25.01,53.10
30.70,30.70,44.43,30.82,50.87
31.70,31.70,41.92,29.25,48.86
33.23,33.23,45.14,33.22,48.23
36.49,36.49,44.16,30.74,49.53
38.26,38.26,44.36,31.70,47.51
40.66,40.66,44.29,30.47,46.12
41.94,41.94,43.71,28.84,47.99
44.87,44.87,45.80,29.78,49.05
46.54,46.54,43.65,28.86,51.76
49.40,49.40,45.32,33.33,50.02
50.19,50.19,44.29,27.60,52.42
50.30,50.30,45.78,32.91,54.57
52.34,52.34,46.44,31.20,52.05
51.48,51.48,46.70,34.29,48.42
48.32,48.32,45.38,31.05,49.74
44.49,44.49,44.65,31.71,51.97
37.31,37.31,44.37,33.89,49.25
22.66,22.66,42.77,31.74,52.01
16.00,16.00,42.12,31.20,49.15
16.21,16.21,42.32,31.39,50.08
20.56,20.56,40.87,31.11,51.64
31.51,31.51,38.42,31.44,51.85
47.02,47.02,38.21,33.00,51.78
56.52,56.52,38.78,41.28,51.79
57.29,57.29,31.76,38.21,50.78
64.55,64.55,28.50,34.53,52.81
64.72,64.72,29.54,33.21,49.92
63.84,63.84,31.02,30.79,50.96
62.95,62.95,31.86,29.89,49.10
62.64,62.64,31.57,30.53,50.48
61.19,61.19,32.59,25.98,48.13
54.01,54.01,33.49,31.91,46.44
44.69,44.69,33.16,41.58,49.17
46.51,46.51,34.66,32.24,50.72
42.11,42.11,36.95,27.86,53.19
40.00,40.00,38.83,33.10,54.30
39.86,39.86,34.38,28.07,53.72
46.56,46.56,36.15,29.84,51.08
47.89,47.89,33.65,28.60,50.65
54.45,54.45,29.06,31.34,48.27
64.70,64.70,30.73,31.64,47.08
63.10,63.10,30.48,30.13,48.14
62.04,62.04,31.43,25.57,47.86
61.59,61.59,28.82,28.18,50.82
60.60,60.60,26.55,26.75,51.22
59.70,59.70,32.75,32.19,50.95
60.26,60.26,32.17,33.45,49.61
61.24,61.24,34.21,29.86,51.72
61.07,61.07,33.45,27.18,51.65
56.70,56.70,35.83,28.65,53.95
38.56,38.56,35.70,29.65,51.11
36.29,36.29,34.23,31.19,50.45
33.81,33.81,34.97,26.18,51.40
37.91,37.91,37.32,32.41,50.47
45.79,45.79,37.53,34.43,46.21
62.01,62.01,34.95,32.52,49.41
62.36,62.36,32.85,28.49,47.47
63.67,63.67,33.48,32.07,48.38
72.56,72.56,30.23,30.83,51.03
76.98,76.98,29.50,27.06,46.22
74.79,74.79,30.95,28.52,46.82
74.63,74.63,33.53,26.82,44.91
73.73,73.73,37.74,32.39,51.04
72.37,72.37,38.50,32.81,56.68
72.36,72.36,38.51,32.33,58.10
72.10,72.10,32.15,24.76,60.25
72.78,72.78,35.98,28.66,59.01
72.32,72.32,33.60,33.65,59.15
73.33,73.33,35.90,39.63,61.24
73.97,73.97,30.96,32.47,61.37
74.69,74.69,28.81,31.49,60.37
73.82,73.82,28.73,29.65,61.21
73.17,73.17,31.68,35.42,60.21
72.66,72.66,34.74,29.90,59.04
72.15,72.15,34.55,32.17,58.87
72.57,72.57,36.15,30.13,59.72
72.73,72.73,38.87,29.95,57.38
72.78,72.78,39.79,31.32,56.07
74.10,74.10,39.16,29.26,57.75
63.63,63.63,37.46,28.56,59.67
52.41,52.41,35.30,24.53,61.48
58.10,58.10,38.81,27.57,59.15
65.94,65.94,37.66,32.10,59.62
70.61,70.61,35.01,26.80,57.01
73.06,73.06,38.05,30.34,57.25
73.50,73.50,35.57,28.02,57.12
73.12,73.12,37.26,26.37,55.97
73.73,73.73,39.05,28.84,58.97
74.16,74.16,35.24,21.42,58.91
74.04,74.04,39.42,28.68,58.31
73.54,73.54,38.00,26.41,55.52
73.61,73.61,38.86,26.21,55.81
73.89,73.89,41.79,31.90,58.27
74.15,74.15,36.60,21.30,58.43
73.58,73.58,40.76,29.42,58.62
73.58,73.58,41.33,29.38,58.82
73.71,73.71,38.74,25.65,57.18
73.78,73.78,41.59,30.34,55.37
73.40,73.40,38.60,22.65,52.44
72.76,72.76,39.98,28.61,53.29
71.77,71.77,40.10,27.47,53.11
71.20,71.20,37.51,23.00,52.90
70.41,70.41,42.31,32.03,54.34
68.77,68.77,38.76,25.09,55.30
68.84,68.84,41.08,29.86,56.40
68.52,68.52,41.53,32.23,56.01
66.01,66.01,40.83,26.74,52.67
65.20,65.20,41.72,31.39,53.21
65.42,65.42,41.18,30.70,53.72
64.63,64.63,38.97,28.56,53.11
64.57,64.57,42.57,33.87,53.05
65.58,65.58,35.37,25.19,54.56
64.89,64.89,39.97,29.52,51.65
65.11,65.11,39.75,28.24,53.68
63.13,63.13,37.87,25.41,53.05
58.34,58.34,40.21,31.84,53.38
56.33,56.33,38.17,29.55,52.81
59.08,59.08,40.09,29.24,54.20
60.69,60.69,41.69,31.77,55.23
60.51,60.51,35.34,29.62,56.37
59.91,59.91,41.02,34.12,55.55
57.56,57.56,34.30,31.15,49.79
67.71,67.71,35.68,32.80,49.89
71.37,71.37,38.46,35.39,49.43
73.48,73.48,35.62,28.16,48.05
71.27,71.27,41.27,34.50,51.29
70.92,70.92,39.33,30.82,51.36
70.13,70.13,39.04,30.22,49.69
70.71,70.71,42.28,31.90,49.08
72.08,72.08,38.56,27.95,48.43
71.92,71.92,37.65,30.61,48.62
71.38,71.38,40.93,32.42,48.02
70.23,70.23,37.24,29.17,48.41
70.83,70.83,36.78,26.76,52.25
71.41,71.41,37.42,28.98,48.52
71.74,71.74,35.93,28.67,50.22
72.38,72.38,38.02,29.13,50.95
71.28,71.28,35.32,28.53,48.14
65.56,65.56,37.60,28.57,50.95
62.62,62.62,33.94,31.23,50.02
63.94,63.94,33.81,29.93,47.59
68.43,68.43,37.38,30.64,48.77
68.30,68.30,36.37,30.50,49.55
69.53,69.53,35.54,29.55,48.15
68.62,68.62,33.75,31.63,49.35
68.97,68.97,33.16,29.86,49.44
68.23,68.23,35.69,29.76,47.70
64.72,64.72,34.30,32.29,48.91
56.90,56.90,36.89,31.07,50.28
59.09,59.09,35.77,32.00,51.45
57.26,57.26,36.37,33.98,50.40
55.62,55.62,37.61,31.01,49.81
67.89,67.89,37.61,32.48,48.29
69.47,69.47,35.31,29.77,47.38
69.09,69.09,36.09,30.70,48.02
68.93,68.93,35.93,29.87,47.22
68.76,68.76,39.23,32.46,47.40
68.31,68.31,38.84,29.75,45.23
65.72,65.72,39.30,30.62,45.53
51.68,51.68,38.49,29.64,48.41
46.99,46.99,37.30,30.37,48.13
44.36,44.36,40.04,30.99,51.15
45.61,45.61,39.50,32.57,47.45
43.02,43.02,39.31,29.79,46.17
43.42,43.42,38.67,32.08,48.49
45.18,45.18,38.86,30.38,49.95
48.89,48.89,40.38,34.98,45.86
58.19,58.19,35.73,37.23,44.19
65.33,65.33,26.78,31.46,43.03
66.79,66.79,22.75,35.38,45.06
65.81,65.81,24.19,30.49,43.36
71.10,71.10,25.58,28.99,42.84
73.28,73.28,27.55,34.13,44.14
73.40,73.40,30.94,34.12,50.08
72.71,72.71,32.86,33.52,50.08
72.89,72.89,35.64,33.16,50.75
72.99,72.99,35.10,32.32,50.57
72.95,72.95,36.04,32.39,51.23
72.76,72.76,36.85,30.89,51.90
72.96,72.96,37.13,31.41,50.97
73.18,73.18,36.34,31.21,52.00
73.50,73.50,34.78,30.29,50.54
73.22,73.22,38.40,32.24,50.12
72.84,72.84,32.30,25.01,53.71
72.71,72.71,37.17,31.35,56.64
72.80,72.80,39.15,32.13,59.78
73.23,73.23,39.18,34.24,60.27
73.02,73.02,38.56,35.44,58.57
73.03,73.03,32.98,28.79,59.85
73.09,73.09,36.81,37.95,59.58
72.57,72.57,35.66,35.24,59.18
71.61,71.61,35.90,34.59,57.53
72.29,72.29,37.00,35.27,60.25
72.04,72.04,34.55,33.69,59.14
72.72,72.72,37.14,32.62,61.47
71.87,71.87,36.59,32.80,59.29
71.81,71.81,36.85,30.94,59.15
71.85,71.85,38.53,33.41,58.39
71.98,71.98,38.14,34.20,59.45
68.82,68.82,41.23,35.67,60.03
62.37,62.37,38.97,32.08,57.99
53.16,53.16,41.89,34.99,59.74
56.08,56.08,40.68,36.07,60.76
60.63,60.63,38.61,33.74,60.48
61.62,61.62,43.13,33.73,58.94
59.64,59.64,41.02,33.28,58.48
59.05,59.05,39.33,30.21,62.18
49.74,49.74,39.90,33.33,58.63
46.93,46.93,38.62,33.02,59.58
51.27,51.27,40.24,35.11,61.58
62.25,62.25,38.97,35.68,60.36
69.07,69.07,33.15,30.76,58.93
70.28,70.28,34.25,33.84,60.03
69.64,69.64,35.94,33.51,60.81
69.12,69.12,31.86,34.14,59.13
68.89,68.89,34.87,33.85,60.15
68.57,68.57,32.93,29.86,59.53
69.11,69.11,34.55,30.47,56.86
69.15,69.15,36.56,29.98,57.96
68.54,68.54,37.42,29.68,57.91
68.03,68.03,35.48,30.57,57.95
64.71,64.71,36.44,26.87,56.55
61.91,61.91,38.89,30.62,59.49
58.16,58.16,39.40,26.86,59.24
53.48,53.48,38.15,26.95,60.73
51.47,51.47,40.08,30.97,58.69
51.66,51.66,40.67,27.64,58.50
46.02,46.02,41.48,31.95,55.01
45.82,45.82,41.96,29.60,60.34
44.59,44.59,41.80,28.96,59.67
39.01,39.01,40.08,28.15,56.73
38.48,38.48,41.62,31.19,52.92
39.15,39.15,40.75,29.71,56.14
39.81,39.81,40.21,29.35,55.51
39.75,39.75,42.31,29.55,55.16
36.64,36.64,41.51,30.07,56.81
37.68,37.68,40.46,30.27,56.72
43.26,43.26,41.89,30.80,56.43
45.41,45.41,42.34,31.93,55.09
50.64,50.64,40.54,32.28,56.59
52.38,52.38,41.13,31.51,57.16
54.51,54.51,41.07,30.52,58.45
55.10,55.10,40.29,29.88,56.31
55.20,55.20,40.89,33.23,55.31
51.64,51.64,41.39,29.90,55.32
52.62,52.62,41.27,31.37,53.95
49.43,49.43,40.32,29.41,53.14
48.67,48.67,40.98,30.95,53.44
46.57,46.57,40.90,31.98,52.49
41.18,41.18,38.81,29.20,49.76
38.62,38.62,41.36,33.50,49.97
41.95,41.95,42.18,31.96,49.54
43.67,43.67,39.68,34.28,47.30
53.70,53.70,38.42,35.04,46.39
61.24,61.24,34.54,35.12,49.12
67.81,67.81,24.79,35.23,50.34
64.03,64.03,24.07,37.41,51.21
59.77,59.77,26.87,29.14,51.08
58.99,58.99,30.49,31.65,50.99
57.75,57.75,35.59,32.23,52.93
56.32,56.32,34.17,27.43,55.67
52.84,52.84,38.18,30.37,55.23
53.62,53.62,36.93,29.64,55.94
53.67,53.67,39.57,27.53,55.81
53.24,53.24,39.80,30.03,57.80
55.47,55.47,36.28,27.39,58.47
53.51,53.51,39.27,33.01,57.52
53.92,53.92,35.59,31.03,57.39
65.78,65.78,34.43,28.86,54.64
69.08,69.08,36.28,30.01,52.51
71.03,71.03,37.31,30.43,50.39
70.93,70.93,36.35,28.52,52.38
70.80,70.80,36.03,27.65,52.70
67.82,67.82,36.53,27.48,53.36
68.38,68.38,37.26,27.15,50.14
68.40,68.40,37.70,30.40,51.01
66.21,66.21,37.91,28.61,50.88
65.41,65.41,38.66,28.33,50.05
64.39,64.39,41.57,32.80,50.03
64.39,64.39,38.96,28.17,48.01
62.96,62.96,40.07,31.85,46.56
63.46,63.46,40.50,33.01,48.85
64.47,64.47,40.40,31.96,46.97
64.13,64.13,40.10,33.76,47.61
67.22,67.22,38.39,29.30,47.51
67.71,67.71,38.23,29.33,47.24
67.88,67.88,39.53,28.89,49.81
67.37,67.37,40.17,32.57,52.01
66.92,66.92,37.75,28.47,52.33
66.74,66.74,38.61,30.35,51.75
67.68,67.68,38.37,29.66,52.94
68.42,68.42,37.26,29.64,51.31
68.35,68.35,36.76,27.17,50.90
67.34,67.34,38.36,30.11,51.07
68.68,68.68,39.97,30.71,48.59
68.63,68.63,35.57,27.22,50.76
68.87,68.87,39.11,31.63,48.79
68.51,68.51,32.72,25.43,48.22
69.59,69.59,36.72,30.64,48.22
68.95,68.95,36.46,32.98,53.98
68.40,68.40,28.64,28.16,58.61
69.04,69.04,29.28,31.59,60.90
71.12,71.12,29.86,28.69,62.95
71.85,71.85,29.63,30.00,61.62
71.03,71.03,28.18,21.15,63.44
70.38,70.38,28.07,22.26,61.62
70.14,70.14,28.19,26.07,62.64
69.39,69.39,31.28,28.82,62.29
69.18,69.18,28.77,29.24,62.22
69.26,69.26,29.21,25.86,59.41
69.00,69.00,30.18,27.60,60.48
69.60,69.60,27.91,30.14,62.24
69.45,69.45,30.06,26.35,61.60
69.42,69.42,30.42,25.25,59.22
69.71,69.71,32.31,29.21,58.00
68.20,68.20,34.57,24.16,54.87
68.61,68.61,35.25,28.91,55.86
68.23,68.23,36.64,29.82,54.02
66.54,66.54,37.56,25.74,56.78
60.79,60.79,38.06,28.79,56.03
58.32,58.32,38.52,24.28,56.33
56.88,56.88,38.46,25.15,61.62
52.42,52.42,46.52,25.94,58.90
51.90,51.90,48.73,24.45,57.35
50.79,50.79,49.76,28.49,59.57
49.59,49.59,47.73,24.18,58.66
47.11,47.11,41.09,25.35,57.59
47.63,47.63,39.29,27.70,56.26
42.01,42.01,35.37,25.53,59.09
39.12,39.12,35.58,26.33,59.14
48.78,48.78,38.75,26.40,57.84
54.86,54.86,38.43,27.59,55.83
55.36,55.36,40.91,26.13,57.18
56.05,56.05,40.21,28.59,57.93
53.09,53.09,37.61,23.97,56.53
52.82,52.82,38.68,26.24,58.15
50.52,50.52,38.04,27.02,57.39
45.80,45.80,35.89,24.60,57.10
43.25,43.25,34.55,26.14,57.84
44.78,44.78,33.68,21.17,55.31
49.20,49.20,34.65,29.74,55.50
57.44,57.44,33.39,23.37,55.69
51.44,51.44,33.65,24.40,57.08
65.97,65.97,28.42,28.72,56.60
64.47,64.47,28.08,30.53,55.88
64.21,64.21,31.02,31.04,55.45
63.15,63.15,33.68,25.49,56.04
60.83,60.83,32.44,32.27,53.39
50.73,50.73,25.77,31.71,58.54
40.24,40.24,27.58,27.81,54.59
41.89,41.89,30.71,29.42,56.59
42.38,42.38,30.82,31.91,54.64
44.46,44.46,30.52,31.58,57.50
51.81,51.81,32.11,28.77,54.15
63.59,63.59,34.79,30.57,54.83
62.94,62.94,33.88,35.34,56.35
58.14,58.14,25.28,25.94,57.60
54.35,54.35,21.96,30.23,57.60
47.69,47.69,24.12,26.22,57.17
41.58,41.58,26.95,29.88,58.06
39.03,39.03,29.07,31.72,55.94
41.06,41.06,27.10,27.85,57.35
50.20,50.20,33.82,32.57,57.74
53.53,53.53,30.58,33.33,54.62
59.13,59.13,26.20,29.25,52.16
69.05,69.05,28.00,31.48,52.08
72.40,72.40,29.55,31.47,50.42
66.56,66.56,31.60,25.49,53.14
68.11,68.11,32.16,29.78,52.83
69.46,69.46,31.96,27.45,52.44
70.68,70.68,31.59,24.45,49.28
70.93,70.93,34.61,29.00,51.23
71.30,71.30,30.48,23.11,49.19
72.05,72.05,33.99,27.86,48.82
72.25,72.25,33.74,26.42,51.73
71.85,71.85,32.98,25.72,49.10
71.70,71.70,33.83,27.06,50.41
70.24,70.24,32.65,27.14,49.82
69.46,69.46,32.55,25.82,51.78
68.85,68.85,33.73,25.70,51.46
65.96,65.96,36.36,28.32,53.96
64.35,64.35,34.72,23.27,52.13
66.17,66.17,37.89,27.99,52.15
66.64,66.64,37.93,23.90,48.10
62.22,62.22,40.11,26.23,50.14
54.81,54.81,38.60,29.01,49.29
55.58,55.58,38.75,24.58,47.16
53.25,53.25,38.63,26.88,44.99
61.74,61.74,40.18,29.83,47.39
67.85,67.85,41.61,25.79,46.06
68.54,68.54,41.21,26.13,45.91
66.98,66.98,40.54,25.09,46.17
65.55,65.55,40.68,24.29,46.50
64.08,64.08,42.14,25.58,46.85
64.67,64.67,42.02,22.70,47.82
64.96,64.96,41.31,26.18,45.62
65.42,65.42,42.21,24.20,45.56
65.54,65.54,42.87,27.40,46.29
65.24,65.24,43.25,25.70,44.92
66.79,66.79,42.91,26.08,44.69
66.23,66.23,44.20,28.56,44.66
66.53,66.53,43.17,26.19,44.21
66.89,66.89,44.08,26.88,43.50
67.06,67.06,43.38,22.92,45.00
65.99,65.99,43.53,28.30,45.12
67.15,67.15,43.15,27.66,46.05
67.30,67.30,39.66,26.40,45.28
68.23,68.23,40.90,28.87,43.94
68.19,68.19,40.40,28.21,45.33
67.21,67.21,41.12,28.91,46.74
66.32,66.32,39.84,27.52,44.45
65.58,65.58,39.57,28.06,44.21
64.14,64.14,37.70,27.92,43.39
62.38,62.38,38.88,28.41,43.95
59.31,59.31,37.75,28.25,44.63
58.84,58.84,38.23,31.68,44.87
56.51,56.51,37.85,30.53,44.30
59.90,59.90,38.72,27.13,42.68
61.52,61.52,40.32,29.99,46.66
60.23,60.23,38.50,32.51,47.17
60.16,60.16,37.95,33.57,49.09
61.57,61.57,37.24,28.85,51.02
61.86,61.86,36.71,28.87,56.27
60.50,60.50,34.60,25.61,59.30
59.97,59.97,36.92,32.54,63.27
59.85,59.85,34.88,30.75,60.86
60.73,60.73,35.74,25.20,59.13
58.69,58.69,33.59,29.60,60.83
58.83,58.83,34.00,27.47,61.09
56.62,56.62,34.16,32.94,62.38
53.08,53.08,26.64,25.91,63.46
57.27,57.27,23.83,28.76,61.22
63.22,63.22,26.56,25.93,62.29
61.47,61.47,25.26,28.47,59.52
59.37,59.37,28.18,27.94,59.45
64.86,64.86,32.63,28.46,60.52
64.97,64.97,28.19,26.55,61.79
64.32,64.32,29.30,19.36,62.58
64.14,64.14,30.43,24.28,62.84
63.18,63.18,30.33,20.31,62.00
63.02,63.02,32.18,25.14,62.91
61.21,61.21,34.05,21.81,61.93
59.78,59.78,31.01,18.92,61.78
61.28,61.28,30.68,19.93,60.18
62.05,62.05,32.42,21.73,57.46
61.59,61.59,32.42,23.49,58.87
61.50,61.50,32.58,22.98,59.40
58.33,58.33,33.60,19.19,58.59
57.40,57.40,33.98,23.39,61.08
53.43,53.43,33.96,21.46,59.74
51.71,51.71,34.33,19.96,60.51
45.68,45.68,34.89,20.98,59.04
43.67,43.67,34.52,19.45,59.91
43.35,43.35,35.98,22.72,60.91
43.27,43.27,37.63,22.28,59.87
42.42,42.42,36.57,23.89,59.67
39.56,39.56,37.26,21.15,59.32
38.60,38.60,37.84,23.73,59.98
37.67,37.67,37.98,22.57,61.72
38.49,38.49,35.31,24.02,60.68
38.90,38.90,38.23,21.68,60.57
32.54,32.54,37.53,23.47,60.67
31.69,31.69,34.77,17.46,59.22
30.49,30.49,35.65,21.45,57.05
33.39,33.39,36.95,22.87,58.48
28.94,28.94,37.53,19.87,58.37
32.24,32.24,36.97,23.86,58.55
30.98,30.98,35.61,20.45,57.02
25.71,25.71,36.50,22.07,55.61
23.77,23.77,36.72,20.41,55.45
24.47,24.47,39.19,21.35,55.76
22.02,22.02,37.86,20.99,54.71
20.49,20.49,38.48,21.96,54.00
23.78,23.78,37.83,22.01,54.49
22.00,22.00,39.78,19.72,57.10
20.81,20.81,39.27,25.64,53.57
20.56,20.56,39.20,21.91,55.59
17.78,17.78,40.98,25.66,55.42
17.14,17.14,37.30,21.66,55.11
18.28,18.28,39.94,24.42,56.49
18.77,18.77,38.76,23.40,56.19
18.08,18.08,40.86,24.84,55.47
17.20,17.20,40.95,24.99,53.94
18.98,18.98,37.98,24.27,53.14
17.52,17.52,42.23,26.13,54.36
16.62,16.62,38.95,23.69,53.59
15.71,15.71,41.04,27.37,54.61
16.16,16.16,41.04,25.26,54.56
16.00,16.00,38.61,20.57,55.23
14.75,14.75,42.12,28.31,54.91
17.37,17.37,37.59,19.93,54.85
17.36,17.36,42.23,25.73,54.07
16.63,16.63,38.76,22.07,54.66
15.60,15.60,39.99,25.72,52.41
16.61,16.61,40.45,22.93,53.34
13.82,13.82,40.53,24.64,51.28
16.88,16.88,37.72,20.86,50.72
16.22,16.22,40.17,25.64,50.75
16.05,16.05,40.59,21.34,52.30
14.68,14.68,39.75,25.15,49.07
15.47,15.47,38.62,24.18,48.73
15.72,15.72,38.30,26.82,49.84
17.93,17.93,42.11,25.45,49.19
26.46,26.46,40.88,27.03,52.72
32.49,32.49,39.84,26.74,50.83
41.27,41.27,43.39,28.85,50.62
47.17,47.17,43.33,26.51,52.20
51.69,51.69,44.18,30.50,50.34
54.22,54.22,44.55,29.24,50.09
54.59,54.59,45.12,29.36,49.65
56.78,56.78,44.83,26.92,47.86
55.58,55.58,44.26,28.29,47.46
57.06,57.06,45.20,29.29,44.56
56.92,56.92,43.40,28.20,42.42
56.52,56.52,43.91,27.90,43.48
59.48,59.48,44.18,29.27,40.25
53.93,53.93,42.68,27.36,38.53
57.61,57.61,45.00,30.15,42.98
55.04,55.04,45.32,29.60,46.61
52.50,52.50,46.19,30.78,47.53
50.22,50.22,47.10,33.26,48.42
45.26,45.26,45.07,31.05,47.31
35.88,35.88,46.29,30.25,49.36
33.70,33.70,43.21,30.65,46.60
33.32,33.32,47.67,31.60,45.88
33.03,33.03,46.68,32.05,49.62
35.85,35.85,51.20,42.41,50.95
35.35,35.35,46.58,35.23,48.64
35.64,35.64,47.55,38.36,48.62
42.21,42.21,47.70,42.25,49.84
50.35,50.35,47.41,50.99,52.80
52.39,52.39,43.48,51.31,53.12
55.60,55.60,44.67,49.01,56.88
54.66,54.66,45.24,49.94,57.00
57.44,57.44,41.09,46.82,58.00
62.09,62.09,41.31,44.71,59.00
63.41,63.41,40.81,43.93,60.06
60.47,60.47,40.35,48.34,59.60
61.86,61.86,40.13,50.88,56.96
59.78,59.78,41.20,53.95,62.14
59.75,59.75,43.12,57.92,62.62
63.62,63.62,41.63,47.04,60.51
64.74,64.74,41.61,41.09,65.14
66.17,66.17,42.30,50.33,61.52
65.96,65.96,40.84,48.82,62.85
66.87,66.87,38.41,47.37,64.15
64.33,64.33,35.52,36.60,62.11
63.81,63.81,34.48,38.78,62.77
65.57,65.57,32.86,36.97,60.99
66.17,66.17,32.34,40.99,60.07
63.95,63.95,32.92,44.70,58.77
62.98,62.98,33.75,45.22,60.80
65.43,65.43,35.94,49.53,61.36
68.51,68.51,35.36,49.51,60.44
67.76,67.76,36.06,47.53,57.93
63.71,63.71,35.34,50.32,60.39
64.26,64.26,36.89,53.98,59.45
64.71,64.71,36.99,55.89,60.57
64.79,64.79,37.50,55.97,55.81
64.20,64.20,35.60,57.02,58.94
61.97,61.97,36.71,57.17,59.91
60.31,60.31,37.21,55.45,57.62
59.06,59.06,35.53,58.15,58.68
56.52,56.52,36.96,59.72,57.70
56.00,56.00,36.90,60.11,57.95
59.03,59.03,35.25,60.06,61.13
59.09,59.09,35.85,59.42,62.36
60.84,60.84,34.91,61.33,60.72
60.34,60.34,35.08,62.41,62.39
61.73,61.73,31.93,61.26,61.84
59.58,59.58,27.93,61.24,60.14
62.43,62.43,29.10,63.89,60.46
66.93,66.93,29.08,63.05,60.34
71.06,71.06,31.16,62.40,61.50
69.94,69.94,31.24,62.67,60.77
68.46,68.46,30.80,64.42,60.83
67.85,67.85,32.19,63.16,61.10
68.48,68.48,31.73,62.96,62.57
67.97,67.97,31.21,63.67,59.39
68.27,68.27,31.81,65.42,62.36
67.90,67.90,33.99,64.42,62.10
68.31,68.31,32.76,63.94,59.77
67.81,67.81,32.65,64.31,59.60
68.14,68.14,33.84,65.72,60.48
67.66,67.66,32.61,65.03,60.62
68.89,68.89,32.61,64.92,60.87
68.70,68.70,32.19,64.96,59.02
67.28,67.28,32.90,66.11,57.67
66.72,66.72,31.57,65.19,60.93
63.63,63.63,33.01,64.76,60.63
60.71,60.71,36.19,65.93,59.48
60.25,60.25,34.64,67.25,59.74
59.20,59.20,33.93,66.13,59.06
59.43,59.43,31.32,65.86,60.36
61.20,61.20,29.43,66.37,60.67
59.21,59.21,27.78,67.80,58.74
63.00,63.00,28.96,66.24,58.96
62.39,62.39,29.64,66.88,58.91
61.40,61.40,33.37,66.53,58.26
62.91,62.91,31.74,67.89,56.50
57.71,57.71,27.13,66.69,55.39
67.06,67.06,29.30,66.75,55.26
69.77,69.77,32.06,67.16,55.81
75.14,75.14,30.23,67.79,55.89
74.35,74.35,31.02,65.89,54.56
72.45,72.45,30.35,65.83,51.75
71.67,71.67,29.40,65.80,51.12
70.32,70.32,29.44,67.07,50.12
70.72,70.72,27.87,65.76,52.63
71.34,71.34,26.78,65.37,54.57
72.20,72.20,27.28,66.10,52.35
72.03,72.03,28.85,67.27,55.11
72.45,72.45,27.98,66.36,50.21
72.43,72.43,30.54,66.13,53.80
71.78,71.78,29.74,66.35,52.14
71.73,71.73,29.49,67.56,54.87
72.14,72.14,28.85,66.41,52.91
71.15,71.15,30.67,65.97,55.42
71.88,71.88,30.01,66.87,52.62
71.15,71.15,32.03,67.59,52.31
70.68,70.68,32.79,66.74,55.25
69.69,69.69,31.96,66.73,53.14
67.69,67.69,32.64,68.06,53.96
66.33,66.33,34.44,68.55,53.21
65.43,65.43,34.72,67.73,51.57
65.11,65.11,32.81,67.84,51.48
64.65,64.65,30.90,68.55,52.80
65.00,65.00,30.50,68.45,51.06
64.61,64.61,30.86,67.74,50.58
57.59,57.59,31.29,67.66,52.65
56.02,56.02,30.89,68.72,50.85
60.13,60.13,30.60,68.34,51.43
63.65,63.65,32.20,67.49,50.27
63.08,63.08,31.07,67.13,53.17
63.77,63.77,29.23,68.26,51.55
64.57,64.57,29.57,67.70,50.75
65.25,65.25,28.90,66.95,54.07
64.70,64.70,28.17,67.06,53.68
64.47,64.47,27.67,68.36,54.90
64.57,64.57,28.32,67.49,54.46
64.68,64.68,28.98,66.98,55.65
64.72,64.72,29.48,67.25,56.78
64.74,64.74,28.43,68.85,55.17
64.93,64.93,31.07,67.72,59.10
63.21,63.21,30.57,66.86,57.24
63.36,63.36,30.65,67.36,57.70
64.04,64.04,31.44,68.56,56.22
58.79,58.79,33.15,67.58,53.84
56.77,56.77,33.05,67.72,55.66
57.86,57.86,32.60,67.92,57.64
58.75,58.75,35.10,69.40,55.82
56.89,56.89,33.75,68.20,56.17
54.69,54.69,34.68,68.31,53.19
59.36,59.36,32.13,68.58,55.52
61.26,61.26,32.86,69.96,58.79
60.82,60.82,33.31,68.84,54.88
58.93,58.93,34.05,68.54,58.29
58.41,58.41,32.10,68.80,57.48
55.36,55.36,30.25,70.04,58.12
60.63,60.63,34.87,68.84,57.75
61.35,61.35,35.75,67.84,58.90
59.66,59.66,35.28,65.16,57.10
60.55,60.55,34.04,63.92,58.16
60.12,60.12,33.13,65.48,59.63
60.97,60.97,35.00,63.81,63.86
60.75,60.75,33.14,65.27,63.75
59.38,59.38,33.59,63.43,62.35
58.22,58.22,35.37,66.44,59.15
58.17,58.17,37.05,64.45,62.50
58.47,58.47,36.59,66.43,61.47
58.15,58.15,35.64,64.60,62.17
58.16,58.16,37.53,65.87,59.60
57.35,57.35,38.46,66.40,63.26
59.68,59.68,38.41,65.34,59.18
58.34,58.34,38.88,66.60,62.40
55.02,55.02,38.50,64.53,59.46
55.21,55.21,39.91,66.93,59.92
57.41,57.41,40.34,65.01,61.39
54.60,54.60,38.81,66.82,59.14
55.53,55.53,38.64,64.92,60.39
51.36,51.36,39.49,66.48,61.99
52.32,52.32,37.90,66.43,60.86
53.07,53.07,36.87,65.83,61.76
48.58,48.58,35.92,66.80,61.84
40.87,40.87,35.81,64.88,60.20
38.78,38.78,36.66,67.31,59.66
34.98,34.98,35.85,65.25,59.03
39.72,39.72,33.01,67.33,60.83
43.43,43.43,30.96,65.18,60.26
50.48,50.48,32.02,66.89,58.00
60.45,60.45,33.61,66.58,61.39
63.01,63.01,33.77,66.14,58.78
62.88,62.88,33.75,67.03,59.46
63.30,63.30,33.45,65.33,57.82
62.95,62.95,34.96,66.90,57.89
61.14,61.14,34.29,64.95,57.22
60.23,60.23,35.46,66.80,57.70
60.45,60.45,34.54,64.90,56.94
60.23,60.23,35.10,66.56,57.09
61.73,61.73,35.61,65.78,56.78
61.25,61.25,33.42,66.04,55.92
60.21,60.21,35.60,66.68,57.54
59.93,59.93,34.87,65.24,55.71
60.52,60.52,32.56,67.12,58.34
60.87,60.87,31.02,64.87,58.58
60.42,60.42,26.97,67.01,59.97
57.87,57.87,25.59,64.79,57.65
61.59,61.59,30.82,67.37,58.74
63.12,63.12,30.84,66.02,61.55
62.65,62.65,32.79,66.90,60.44
61.51,61.51,33.89,67.39,61.54
61.26,61.26,32.01,66.65,61.03
59.70,59.70,31.90,68.14,60.27
57.63,57.63,32.36,66.61,60.28
56.97,56.97,32.42,68.00,58.94
57.63,57.63,31.10,66.26,58.38
57.06,57.06,31.22,68.51,57.15
56.82,56.82,26.87,66.91,58.24
53.68,53.68,18.56,68.49,56.42
63.25,63.25,17.66,68.29,54.78
70.26,70.26,22.23,67.66,55.71
73.13,73.13,23.04,68.77,54.31
72.80,72.80,29.85,67.60,56.45
72.11,72.11,29.56,69.11,58.39
73.59,73.59,26.62,67.44,55.67
72.56,72.56,25.14,69.29,52.84
73.37,73.37,26.57,67.35,54.09
73.37,73.37,27.97,68.99,52.88
73.46,73.46,27.66,68.38,54.19
73.71,73.71,28.06,68.21,51.94
73.23,73.23,28.80,69.18,50.98
73.56,73.56,32.29,68.11,51.80
74.13,74.13,31.01,69.33,52.17
74.12,74.12,28.83,67.62,49.54
74.35,74.35,29.56,69.56,49.29
72.80,72.80,31.31,67.64,48.63
70.57,70.57,30.30,69.39,48.04
70.82,70.82,27.61,68.34,51.90
70.69,70.69,30.53,69.00,53.16
70.07,70.07,33.24,69.72,53.71
69.97,69.97,34.49,68.49,53.44
67.78,67.78,32.72,70.19,53.02
66.66,66.66,32.44,68.31,54.32
66.39,66.39,33.83,69.96,54.68
64.61,64.61,29.01,67.84,54.92
63.88,63.88,31.36,70.07,55.65
60.68,60.68,30.00,68.61,53.31
54.61,54.61,28.54,69.86,56.53
55.54,55.54,27.33,70.06,57.96
61.11,61.11,29.30,69.08,57.21
67.27,67.27,32.79,70.57,57.80
67.65,67.65,33.99,68.67,58.00
67.70,67.70,34.65,70.68,57.62
68.30,68.30,33.67,68.64,56.60
68.71,68.71,32.95,70.43,53.90
69.21,69.21,32.84,68.65,53.68
69.33,69.33,34.40,70.12,53.99
68.86,68.86,33.88,69.86,54.19
68.92,68.92,36.52,69.45,54.86
68.52,68.52,35.05,70.53,53.54
68.92,68.92,35.42,68.63,53.29
67.71,67.71,34.85,70.46,55.73
66.46,66.46,33.71,68.68,55.26
65.31,65.31,33.12,70.83,55.34
65.89,65.89,28.69,69.09,56.75
65.67,65.67,30.88,70.47,53.23
62.35,62.35,31.19,69.56,57.26
58.98,58.98,30.28,69.87,59.30
59.13,59.13,31.69,70.88,56.49
59.04,59.04,32.34,68.81,58.85
58.01,58.01,31.26,70.71,56.09
58.34,58.34,31.26,68.65,56.79
58.98,58.98,36.33,70.46,57.39
59.71,59.71,38.64,68.73,55.53
63.18,63.18,34.17,70.27,56.56
66.54,66.54,32.61,69.42,54.88
66.34,66.34,33.47,69.96,55.57
62.76,62.76,29.57,70.20,56.62
64.07,64.07,27.35,65.55,59.85
66.66,66.66,28.11,63.48,61.36
71.26,71.26,29.15,64.49,61.29
74.75,74.75,32.66,65.57,61.90
73.38,73.38,35.11,65.54,61.48
72.70,72.70,35.69,65.97,63.46
72.09,72.09,32.42,65.77,61.31
71.19,71.19,30.07,65.59,59.76
71.22,71.22,27.58,65.85,56.91
71.56,71.56,27.61,65.84,57.68
71.28,71.28,27.87,66.19,58.25
71.31,71.31,29.32,65.26,58.59
71.43,71.43,30.57,66.63,58.50
71.43,71.43,30.80,66.38,60.09
71.52,71.52,32.53,66.33,57.66
70.68,70.68,31.83,66.24,58.67
69.44,69.44,35.05,66.84,60.09
67.94,67.94,31.46,67.38,57.07
68.85,68.85,30.89,67.06,57.95
67.84,67.84,29.71,67.06,58.94
66.53,66.53,30.66,66.43,59.50
64.66,64.66,30.46,66.52,60.57
64.89,64.89,29.84,66.83,60.48
56.19,56.19,29.65,67.27,60.88
48.95,48.95,27.63,67.55,60.11
47.64,47.64,27.48,67.37,60.53
45.15,45.15,27.77,67.17,60.52
43.92,43.92,26.91,66.70,60.60
49.43,49.43,28.00,66.53,56.08
57.14,57.14,34.27,67.33,52.73
61.04,61.04,29.96,67.37,53.13
67.69,67.69,30.57,67.70,54.94
70.68,70.68,31.34,67.59,55.20
70.53,70.53,33.21,67.83,55.86
70.37,70.37,33.51,67.74,54.62
69.76,69.76,34.02,67.92,54.09
70.34,70.34,34.18,68.04,52.50
70.52,70.52,32.92,67.93,55.03
71.63,71.63,31.63,67.92,55.36
72.81,72.81,31.47,67.52,56.52
73.45,73.45,33.33,67.30,53.58
72.84,72.84,33.61,67.33,55.05
72.46,72.46,34.77,67.80,55.58
69.27,69.27,35.10,67.84,53.41
67.68,67.68,36.13,67.94,53.22
69.14,69.14,36.50,67.62,54.14
70.68,70.68,38.32,67.28,54.14
67.15,67.15,36.94,67.87,54.67
65.92,65.92,39.40,68.12,54.96
61.38,61.38,39.43,68.44,55.16
60.21,60.21,37.71,68.72,54.42
64.41,64.41,37.13,69.03,56.95
61.34,61.34,37.15,69.24,54.92
62.17,62.17,36.45,68.79,57.50
57.91,57.91,36.83,68.77,57.68
55.24,55.24,34.58,68.92,59.58
58.46,58.46,35.38,69.17,58.61
58.58,58.58,35.17,69.26,58.21
55.09,55.09,33.72,69.39,57.15
52.27,52.27,32.86,69.00,56.49
60.79,60.79,30.81,69.07,54.14
65.27,65.27,30.14,69.43,54.47
66.79,66.79,31.26,69.32,55.18
68.51,68.51,32.83,69.10,56.51
70.65,70.65,33.50,69.20,53.35
73.01,73.01,33.90,69.34,54.51
72.52,72.52,34.58,69.71,56.23
73.32,73.32,33.16,69.21,53.81
73.89,73.89,30.78,69.14,54.09
73.78,73.78,33.74,68.90,54.43
72.47,72.47,36.58,69.37,54.13
72.45,72.45,35.83,68.78,53.23
72.78,72.78,34.60,68.93,52.30
72.41,72.41,34.89,69.10,53.60
72.70,72.70,32.64,69.03,53.38
73.83,73.83,30.93,69.10,53.79
74.74,74.74,30.65,68.95,55.10
72.93,72.93,28.76,68.28,54.48
71.30,71.30,30.51,68.17,54.15
71.19,71.19,32.09,68.58,55.41
69.52,69.52,34.33,68.38,55.23
71.47,71.47,36.25,68.37,56.36
70.25,70.25,35.12,68.65,54.42
69.14,69.14,35.18,68.86,54.81
69.64,69.64,34.75,68.92,54.27
69.02,69.02,33.68,69.05,53.20
68.04,68.04,34.49,69.51,52.84
68.12,68.12,32.95,69.55,51.57
60.81,60.81,31.44,69.60,53.08
63.38,63.38,29.67,69.63,53.40
67.52,67.52,31.73,69.33,55.10
68.45,68.45,31.90,69.50,53.30
69.47,69.47,34.53,69.91,56.65
69.48,69.48,32.25,69.74,55.43
67.41,67.41,32.33,69.41,54.92
66.39,66.39,33.14,69.29,58.04
63.17,63.17,33.44,69.05,59.00
53.80,53.80,32.79,68.56,60.65
52.87,52.87,32.27,68.68,61.02
51.42,51.42,33.18,68.71,61.23
47.48,47.48,32.92,68.71,60.63
49.43,49.43,33.11,68.36,60.39
47.79,47.79,34.59,68.26,61.38
49.04,49.04,35.18,68.05,58.19
48.19,48.19,33.91,68.00,58.40
51.45,51.45,32.58,68.18,58.57
59.87,59.87,30.48,68.31,58.19
66.94,66.94,28.95,68.18,56.68
70.68,70.68,31.74,68.10,57.15
72.35,72.35,29.31,67.67,57.67
71.43,71.43,27.44,67.47,57.14
69.60,69.60,28.39,67.70,57.61
69.37,69.37,32.36,67.91,56.76
68.89,68.89,31.39,67.94,56.51
69.71,69.71,33.03,67.78,57.52
69.22,69.22,32.51,66.87,57.87
69.22,69.22,33.78,67.84,56.17
69.39,69.39,32.47,66.77,54.57
69.41,69.41,31.42,64.67,56.07
69.23,69.23,33.07,64.63,56.83
69.89,69.89,32.60,65.05,56.87
69.39,69.39,33.53,65.07,55.00
69.16,69.16,31.27,64.30,52.47
69.60,69.60,33.32,64.71,55.79
69.72,69.72,34.08,65.84,59.71
69.90,69.90,30.90,65.75,61.57
69.57,69.57,33.20,66.39,61.73
69.18,69.18,32.80,66.61,60.87
69.60,69.60,29.90,65.81,63.08
69.29,69.29,29.67,66.55,61.71
69.10,69.10,29.77,67.08,61.35
69.26,69.26,28.92,67.64,60.70
68.94,68.94,26.47,67.84,57.56
69.09,69.09,25.29,67.29,57.34
69.86,69.86,26.52,67.80,55.62
66.60,66.60,27.07,68.27,57.37
65.22,65.22,26.75,68.68,57.71
63.33,63.33,28.09,68.79,56.35
62.36,62.36,29.49,68.37,58.85
60.71,60.71,33.76,67.67,58.06
55.80,55.80,33.41,68.57,57.87
55.00,55.00,32.31,69.04,59.37
53.69,53.69,32.26,69.31,57.59
56.23,56.23,32.23,69.01,60.58
50.51,50.51,31.50,68.24,59.07
50.01,50.01,32.38,67.79,59.53
47.58,47.58,34.48,69.11,60.59
43.78,43.78,32.01,69.42,57.63
43.58,43.58,33.01,69.74,56.99
47.80,47.80,34.34,69.44,56.97
43.06,43.06,34.01,68.12,53.87
43.28,43.28,35.50,69.10,54.42
43.11,43.11,32.51,69.78,57.46
38.99,38.99,34.62,69.77,57.63
40.34,40.34,33.90,69.38,57.68
40.87,40.87,34.03,68.86,56.20
41.61,41.61,32.37,68.51,58.81
43.82,43.82,33.56,69.67,57.53
43.44,43.44,32.39,70.11,59.73
39.65,39.65,29.72,69.80,57.88
40.01,40.01,32.34,69.57,60.73
39.88,39.88,31.98,68.59,59.55
37.90,37.90,31.16,69.22,60.10
38.05,38.05,33.65,69.99,59.86
37.80,37.80,32.93,70.10,60.48
36.39,36.39,33.06,70.20,61.97
37.12,37.12,33.77,69.92,59.32
32.61,32.61,34.28,68.54,61.80
31.28,31.28,33.51,69.54,59.91
31.59,31.59,32.62,70.28,59.90
30.73,30.73,32.89,70.07,59.05
29.89,29.89,31.91,70.21,59.65
30.76,30.76,33.12,69.29,57.85
29.19,29.19,34.67,69.08,60.93
29.57,29.57,34.39,69.97,61.47
27.55,27.55,33.15,70.64,60.92
26.42,26.42,34.68,70.62,59.51
24.60,24.60,34.80,70.05,59.30
25.35,25.35,33.28,68.98,60.17
23.67,23.67,33.80,69.95,59.36
24.54,24.54,33.56,70.25,59.58
24.56,24.56,32.67,70.56,57.22
23.42,23.42,31.17,70.54,58.90
24.15,24.15,32.67,69.87,60.01
25.80,25.80,32.63,69.48,60.27
25.61,25.61,31.57,70.69,60.07
28.07,28.07,32.73,71.35,60.86
27.67,27.67,34.10,71.85,59.62
28.41,28.41,36.54,71.27,58.16
30.07,30.07,36.02,70.11,57.70
30.79,30.79,37.33,70.98,60.24
30.37,30.37,38.42,71.49,59.44
31.05,31.05,37.69,72.07,59.68
30.81,30.81,38.85,71.81,59.11
32.44,32.44,38.76,71.07,59.21
33.95,33.95,38.42,70.56,57.55
35.18,35.18,37.99,71.72,57.66
33.38,33.38,37.16,71.99,58.46
32.17,32.17,36.81,72.06,57.47
31.41,31.41,36.48,71.83,58.77
28.45,28.45,37.09,70.46,59.10
28.35,28.35,36.45,71.50,59.09
27.29,27.29,38.03,71.91,58.83
28.73,28.73,37.71,72.18,58.21
32.86,32.86,36.20,72.02,60.49
40.69,40.69,34.79,71.55,58.26
50.65,50.65,39.19,71.01,58.85
59.86,59.86,36.67,71.77,57.41
59.65,59.65,34.37,72.19,56.89
61.52,61.52,32.12,72.55,56.44
64.34,64.34,29.75,72.17,55.03
65.83,65.83,30.60,70.68,57.43
68.90,68.90,37.55,71.57,57.06
72.10,72.10,45.22,71.79,55.89
76.45,76.45,37.24,71.97,56.53
73.64,73.64,32.51,71.57,56.66
74.17,74.17,31.31,70.86,56.38
73.03,73.03,32.93,70.32,55.13
73.03,73.03,33.63,71.25,56.00
72.72,72.72,34.78,71.00,54.74
72.60,72.60,36.38,71.03,53.09
72.37,72.37,36.10,70.64,54.81
72.14,72.14,35.45,69.31,55.71
71.73,71.73,34.08,70.03,57.17
72.23,72.23,33.90,70.59,58.46
71.09,71.09,33.06,70.94,57.76
71.45,71.45,32.15,70.68,56.74
71.38,71.38,30.87,69.97,55.75
72.03,72.03,32.49,68.94,53.63
69.83,69.83,30.28,69.66,54.24
68.46,68.46,31.43,69.98,55.11
66.12,66.12,29.27,70.01,55.54
61.83,61.83,30.02,69.71,56.43
58.96,58.96,29.91,68.84,59.56
57.28,57.28,29.25,69.67,58.89
56.97,56.97,30.79,69.77,57.99
56.24,56.24,33.29,70.30,56.55
54.29,54.29,34.64,70.16,56.80
50.12,50.12,33.35,69.86,57.39
51.96,51.96,27.95,68.94,57.80
52.77,52.77,28.20,70.00,56.56
60.65,60.65,24.20,70.57,57.86
62.28,62.28,24.14,70.46,59.14
63.94,63.94,22.58,69.81,62.31
62.53,62.53,25.40,69.40,60.18
63.00,63.00,26.21,71.03,63.07
64.15,64.15,30.19,73.12,60.00
62.59,62.59,33.13,71.68,61.93
61.80,61.80,30.82,71.67,60.20
62.93,62.93,31.42,71.93,59.43
62.34,62.34,30.98,73.03,62.96
63.86,63.86,30.45,71.75,61.97
63.40,63.40,31.27,71.55,61.62
62.13,62.13,31.91,71.86,62.83
62.03,62.03,29.38,73.37,60.95
62.90,62.90,28.98,72.28,59.87
62.58,62.58,26.71,71.43,58.41
64.94,64.94,26.67,72.12,62.65
65.02,65.02,25.10,73.19,60.07
65.76,65.76,27.26,71.94,61.79
64.73,64.73,28.16,71.75,61.47
64.56,64.56,30.57,72.05,63.16
62.69,62.69,31.09,73.33,60.28
63.25,63.25,29.65,72.11,62.56
63.64,63.64,29.57,71.64,62.70
63.85,63.85,28.74,72.21,64.15
63.84,63.84,31.42,73.46,63.92
64.50,64.50,29.74,71.87,58.68
64.07,64.07,30.70,71.59,61.57
67.17,67.17,30.97,71.95,61.42
64.28,64.28,29.12,72.98,60.41
67.26,67.26,28.64,71.77,60.33
70.47,70.47,34.39,71.53,60.13
74.11,74.11,37.04,71.64,58.10
76.18,76.18,33.86,71.59,58.10
73.80,73.80,35.95,70.22,56.18
74.11,74.11,34.43,69.91,55.20
74.85,74.85,32.79,70.55,55.34
73.73,73.73,33.31,71.36,56.45
73.37,73.37,33.92,70.20,55.91
72.76,72.76,32.63,69.80,58.10
72.74,72.74,33.04,69.81,58.82
72.77,72.77,35.05,70.62,57.47
72.61,72.61,33.02,69.69,56.32
72.22,72.22,32.73,69.24,55.02
72.53,72.53,33.94,70.20,55.68
73.02,73.02,33.71,70.14,57.19
72.88,72.88,34.19,69.40,55.81
73.06,73.06,35.32,69.04,54.04
73.21,73.21,33.91,69.83,55.51
73.58,73.58,32.11,69.99,55.23
73.52,73.52,31.33,69.02,53.26
73.85,73.85,29.75,68.97,52.18
74.07,74.07,31.57,69.55,53.13
71.55,71.55,34.06,69.76,53.91
69.73,69.73,37.28,69.72,55.42
69.38,69.38,38.28,69.62,58.64
68.09,68.09,38.83,70.57,58.06
67.83,67.83,36.40,69.98,56.53
66.71,66.71,36.47,69.58,55.22
66.93,66.93,36.42,69.92,57.04
72.50,72.50,36.11,71.10,56.53
74.58,74.58,32.61,70.47,58.63
73.15,73.15,32.15,69.22,57.86
72.67,72.67,36.26,68.94,57.83
72.53,72.53,30.71,70.11,57.91
73.27,73.27,30.72,69.53,58.39
72.61,72.61,30.04,69.39,56.58
72.04,72.04,30.78,69.71,56.17
73.20,73.20,29.33,71.02,57.93
72.29,72.29,28.20,70.47,56.85
72.48,72.48,27.35,69.56,56.56
71.30,71.30,26.85,70.04,58.25
71.26,71.26,28.59,70.87,55.21
72.58,72.58,28.40,70.35,57.74
70.65,70.65,28.53,70.29,55.67
69.53,69.53,30.51,70.36,56.28
69.87,69.87,29.56,71.73,57.53
69.99,69.99,30.67,71.09,55.15
69.54,69.54,29.53,70.63,54.62
67.75,67.75,31.45,70.82,57.43
65.64,65.64,34.73,71.96,58.83
62.18,62.18,37.97,71.45,59.11
54.75,54.75,28.29,70.71,61.46
47.89,47.89,26.75,71.11,60.59
51.07,51.07,28.56,72.39,61.01
55.31,55.31,25.00,71.45,59.36
52.29,52.29,25.27,71.18,60.45
57.79,57.79,34.96,70.75,61.34
59.91,59.91,36.25,72.08,61.17
58.96,58.96,39.31,71.35,60.96
64.18,64.18,30.69,70.48,58.63
70.38,70.38,28.07,71.09,59.18
72.78,72.78,27.96,71.97,58.56
72.28,72.28,30.49,71.26,58.69
72.70,72.70,29.52,71.01,59.40
71.99,71.99,29.51,70.88,59.10
72.16,72.16,28.29,72.06,60.26
70.95,70.95,29.96,70.86,58.31
70.71,70.71,31.35,70.75,56.42
70.89,70.89,32.20,70.96,58.34
71.04,71.04,31.16,71.98,56.54
70.70,70.70,33.39,70.76,58.53
71.22,71.22,31.71,70.54,58.31
71.63,71.63,31.44,70.49,57.76
71.11,71.11,30.42,72.05,58.99
70.96,70.96,29.72,70.69,60.17
70.09,70.09,30.84,70.45,58.41
70.52,70.52,29.68,70.64,60.38
71.82,71.82,26.82,71.84,57.79
71.65,71.65,28.54,70.77,58.90
64.83,64.83,26.71,70.18,59.42
63.60,63.60,28.50,70.64,57.81
64.05,64.05,27.36,71.90,59.12
63.22,63.22,25.83,70.93,61.95
58.75,58.75,24.54,70.71,62.34
57.67,57.67,23.50,71.07,63.06
56.62,56.62,28.12,72.54,62.21
58.51,58.51,28.19,71.19,58.97
55.93,55.93,31.33,71.05,59.04
51.71,51.71,33.46,71.27,59.03
57.91,57.91,28.72,72.49,60.82
64.18,64.18,23.13,70.01,59.46
67.56,67.56,24.49,69.35,60.64
67.90,67.90,26.31,70.42,57.55
67.46,67.46,27.86,70.28,59.70
69.31,69.31,30.69,67.48,62.04
71.05,71.05,32.93,68.58,60.83
70.80,70.80,34.47,68.93,59.22
69.63,69.63,35.43,69.18,60.34
70.30,70.30,34.31,69.19,60.88
71.63,71.63,35.52,69.85,60.13
71.12,71.12,36.12,69.93,60.95
68.48,68.48,36.15,69.34,61.20
69.70,69.70,33.74,69.93,60.37
68.36,68.36,33.19,69.65,58.35
67.18,67.18,33.54,70.09,60.61
65.49,65.49,34.24,70.30,58.76
65.54,65.54,32.81,70.20,58.57
66.36,66.36,32.56,70.96,56.84
63.64,63.64,30.52,70.36,57.52
59.13,59.13,28.23,70.33,57.92
57.42,57.42,31.26,71.02,59.43
60.97,60.97,30.41,70.97,59.16
60.27,60.27,31.28,71.41,57.66
60.14,60.14,31.64,71.58,60.40
59.44,59.44,33.72,71.54,60.80
59.79,59.79,33.08,71.87,61.39
60.44,60.44,30.45,72.11,61.65
61.05,61.05,32.82,71.86,60.29
60.18,60.18,33.31,71.68,59.15
59.17,59.17,32.42,72.19,60.87
65.47,65.47,25.79,71.92,58.96
69.01,69.01,27.77,71.82,60.94
68.20,68.20,29.08,71.95,60.41
66.74,66.74,29.66,72.34,60.36
66.49,66.49,30.09,71.95,60.83
67.55,67.55,29.92,71.44,61.80
67.03,67.03,28.03,71.69,62.24
66.90,66.90,29.71,71.83,60.65
67.19,67.19,31.20,72.58,60.60
67.25,67.25,32.03,72.10,60.04
68.41,68.41,32.07,71.90,60.05
67.85,67.85,31.37,72.12,59.52
65.61,65.61,30.03,72.14,59.90
63.81,63.81,36.90,72.58,61.29
62.17,62.17,35.79,72.46,65.12
60.47,60.47,32.40,72.27,61.81
61.83,61.83,33.22,72.22,64.38
61.53,61.53,33.92,72.45,62.18
60.39,60.39,32.91,72.46,59.98
60.40,60.40,32.65,72.24,60.61
60.86,60.86,33.96,72.69,61.71
60.19,60.19,33.94,72.30,62.92
60.07,60.07,32.84,71.91,62.89
61.16,61.16,34.27,71.68,63.29
58.59,58.59,32.78,71.61,64.76
55.43,55.43,32.18,72.54,63.71
55.98,55.98,30.67,72.61,61.05
57.76,57.76,31.06,72.57,60.74
59.38,59.38,34.85,72.54,61.95
64.96,64.96,28.65,72.27,61.50
69.96,69.96,26.32,72.32,63.00
69.69,69.69,27.71,72.29,62.76
72.38,72.38,28.47,72.11,62.67
72.36,72.36,30.82,72.39,62.32
70.85,70.85,28.89,72.28,61.43
73.69,73.69,30.47,72.11,60.48
74.96,74.96,31.38,72.50,59.91
74.68,74.68,32.10,71.90,61.62
75.21,75.21,32.03,71.59,61.16
74.07,74.07,31.92,71.69,58.44
74.12,74.12,31.97,71.73,60.32
74.77,74.77,31.97,72.10,57.33
74.64,74.64,30.48,71.75,58.75
74.41,74.41,29.49,71.91,60.84
74.72,74.72,28.39,72.01,58.63
73.33,73.33,28.30,71.52,59.30
73.94,73.94,29.04,71.43,61.20
73.30,73.30,28.98,71.45,61.99
73.23,73.23,28.23,71.51,59.46
73.14,73.14,30.43,71.55,61.39
70.87,70.87,31.33,71.75,63.64
70.47,70.47,30.20,72.17,60.76
69.50,69.50,31.61,72.08,62.57
67.89,67.89,33.37,71.95,62.93
65.19,65.19,31.06,71.93,61.12
60.37,60.37,33.12,71.43,62.68
60.81,60.81,35.13,71.97,61.03
62.33,62.33,34.62,71.44,59.24
62.03,62.03,34.00,71.00,59.46
65.99,65.99,31.75,71.79,60.55
68.93,68.93,30.42,71.83,60.36
68.38,68.38,29.59,71.87,61.20
69.91,69.91,29.39,71.84,58.45
69.94,69.94,29.62,72.11,60.16
71.57,71.57,29.86,72.30,61.87
71.11,71.11,30.83,72.09,60.42
70.93,70.93,31.74,71.91,61.06
71.17,71.17,33.00,71.66,62.14
70.61,70.61,31.95,71.76,61.24
69.65,69.65,31.92,71.77,62.66
69.60,69.60,31.91,71.74,64.12
68.99,68.99,32.02,71.64,62.30
70.98,70.98,31.53,71.55,62.96
71.81,71.81,34.63,71.22,62.30
70.81,70.81,35.98,71.32,62.16
70.05,70.05,36.16,71.44,61.81
69.56,69.56,36.09,71.42,61.24
68.69,68.69,34.67,71.76,63.34
68.72,68.72,32.41,71.97,62.24
69.31,69.31,33.81,71.70,64.65
69.46,69.46,33.30,71.88,64.16
69.16,69.16,34.49,71.82,62.12
68.21,68.21,32.15,71.93,63.15
68.16,68.16,31.98,71.57,63.37
60.89,60.89,28.71,71.54,61.23
56.39,56.39,31.83,70.93,61.10
53.21,53.21,32.24,71.12,60.65
56.40,56.40,32.07,70.92,59.02
65.11,65.11,35.02,70.45,60.05
73.59,73.59,36.50,70.32,56.47
73.07,73.07,35.79,69.38,60.99
73.85,73.85,34.43,69.39,56.89
75.88,75.88,31.32,69.89,58.41
76.87,76.87,30.14,68.55,59.38
76.41,76.41,31.76,68.19,59.01
76.16,76.16,31.04,68.30,60.23
75.18,75.18,32.12,67.77,59.05
74.47,74.47,33.11,67.42,54.57
74.35,74.35,33.79,68.82,60.22
74.32,74.32,34.46,68.95,60.65
74.67,74.67,33.98,68.95,56.79
74.58,74.58,33.85,68.69,55.68
74.91,74.91,33.94,67.34,58.30
74.18,74.18,36.29,67.99,59.34
74.04,74.04,34.29,68.05,58.87
73.79,73.79,34.26,67.89,58.81
73.38,73.38,32.41,68.08,56.77
73.92,73.92,30.82,67.34,55.22
74.20,74.20,31.54,66.84,55.18
73.86,73.86,31.09,67.96,56.84
73.82,73.82,33.16,68.65,59.26
74.32,74.32,31.22,68.75,57.69
74.17,74.17,31.85,68.69,58.70
73.61,73.61,32.24,67.56,57.68
73.83,73.83,32.29,68.85,58.76
73.70,73.70,31.06,69.62,60.76
73.49,73.49,30.10,69.96,60.37
74.89,74.89,30.51,69.63,60.54
73.30,73.30,29.64,69.18,59.58
73.92,73.92,30.59,68.94,60.67
76.19,76.19,32.56,70.64,57.94
75.83,75.83,31.89,70.93,57.60
68.18,68.18,31.60,70.89,55.57
64.54,64.54,31.77,71.25,57.69
64.93,64.93,33.76,70.24,57.96
67.32,67.32,33.89,71.34,58.80
68.07,68.07,34.81,71.61,58.71
66.07,66.07,34.78,71.70,59.84
63.83,63.83,32.23,71.89,62.88
63.55,63.55,32.33,71.46,61.89
60.31,60.31,32.09,70.77,60.51
54.83,54.83,29.41,72.25,61.15
53.63,53.63,30.10,72.40,60.63
58.10,58.10,30.80,72.66,60.43
69.43,69.43,35.23,72.49,60.15
69.95,69.95,32.94,71.47,60.66
71.85,71.85,32.69,72.09,62.02
72.75,72.75,33.96,72.34,62.82
74.76,74.76,32.12,72.58,62.24
75.41,75.41,29.37,72.06,62.29
73.93,73.93,30.29,71.01,60.52
70.93,70.93,34.54,69.80,61.75
70.42,70.42,34.17,71.01,62.52
69.36,69.36,36.11,71.54,60.50
69.50,69.50,34.54,71.87,61.66
69.88,69.88,32.90,72.18,60.28
70.41,70.41,34.01,71.33,62.25
70.99,70.99,33.56,70.84,62.28
73.63,73.63,33.33,72.02,61.72
72.92,72.92,31.50,71.96,61.55
75.47,75.47,30.50,71.24,60.65
76.17,76.17,31.21,70.75,61.32
75.26,75.26,33.96,69.62,59.47
73.55,73.55,32.25,70.45,57.66
74.21,74.21,29.68,70.97,57.56
73.87,73.87,30.38,71.08,57.62
74.10,74.10,28.30,71.16,58.56
72.60,72.60,26.74,70.80,59.37
72.26,72.26,27.43,69.60,57.78
72.58,72.58,27.19,70.84,60.25
71.54,71.54,28.65,70.87,61.10
71.65,71.65,31.15,70.56,61.08
72.24,72.24,29.65,70.65,59.53
72.09,72.09,28.06,68.83,59.73
72.68,72.68,28.58,70.10,60.54
73.09,73.09,29.99,70.60,60.27
73.55,73.55,26.42,70.93,60.33
74.39,74.39,30.12,70.71,59.47
74.00,74.00,29.23,70.54,59.38
74.79,74.79,28.74,69.43,59.14
72.25,72.25,30.27,70.58,59.29
66.88,66.88,32.77,71.66,58.53
64.58,64.58,33.08,71.78,61.66
65.29,65.29,34.14,71.84,61.91
53.49,53.49,33.20,70.97,61.44
49.05,49.05,33.18,71.29,60.73
49.78,49.78,34.18,72.49,62.84
49.11,49.11,32.99,72.59,61.33
53.20,53.20,33.62,72.79,60.51
65.79,65.79,32.14,72.06,60.52
75.14,75.14,34.05,70.54,59.57
73.27,73.27,37.83,71.38,58.08
72.08,72.08,35.32,72.11,59.83
74.16,74.16,33.69,72.29,61.82
73.06,73.06,29.70,71.77,60.75
72.10,72.10,26.90,70.75,63.54
71.34,71.34,27.77,71.22,63.11
70.68,70.68,26.81,71.38,65.10
69.19,69.19,29.26,71.60,63.55
68.85,68.85,30.25,72.24,61.82
68.92,68.92,31.33,71.94,60.34
68.01,68.01,29.25,71.01,61.79
67.86,67.86,30.97,72.37,62.11
68.90,68.90,30.19,72.69,62.66
68.24,68.24,30.59,72.92,63.34
68.06,68.06,29.14,72.38,63.92
69.01,69.01,30.01,71.21,62.86
70.19,70.19,29.03,71.58,62.15
69.77,69.77,31.56,71.98,60.44
70.54,70.54,33.48,72.69,62.71
71.38,71.38,34.09,72.48,61.86
71.28,71.28,32.70,72.11,60.65
71.59,71.59,30.78,71.37,62.64
71.66,71.66,31.41,71.77,62.23
71.41,71.41,30.95,72.83,63.65
71.93,71.93,30.68,72.40,63.34
71.91,71.91,31.14,72.33,64.18
71.98,71.98,31.47,72.01,63.26
71.62,71.62,33.16,71.18,64.50
71.35,71.35,33.10,72.48,64.47
71.05,71.05,30.63,71.63,65.47
71.54,71.54,29.81,72.25,66.23
71.38,71.38,31.04,71.19,64.90
71.47,71.47,31.77,70.05,64.10
72.62,72.62,30.71,70.52,65.83
72.76,72.76,31.41,70.76,62.66
73.11,73.11,31.60,71.69,67.51
72.56,72.56,30.44,69.83,65.56
72.50,72.50,30.18,71.14,66.05
72.61,72.61,29.69,68.40,65.16
73.47,73.47,30.68,70.87,64.53
73.12,73.12,32.16,69.72,66.47
72.29,72.29,32.96,70.53,62.69
72.49,72.49,33.36,69.61,60.88
72.82,72.82,31.52,70.65,63.53
72.40,72.40,32.47,71.94,62.51
73.04,73.04,31.85,69.06,61.79
73.22,73.22,33.73,71.88,60.87
73.09,73.09,33.17,70.30,60.19
73.39,73.39,34.25,71.56,61.02
73.41,73.41,33.57,70.77,61.73
73.85,73.85,34.09,72.69,62.04
73.41,73.41,33.15,70.16,61.54
73.84,73.84,33.94,72.07,59.55
73.90,73.90,33.42,71.88,61.08
73.85,73.85,34.66,70.28,61.98
73.48,73.48,34.02,73.32,61.60
72.57,72.57,34.31,70.16,59.49
71.48,71.48,34.73,73.16,59.42
71.68,71.68,34.13,71.58,60.54
71.89,71.89,34.80,72.12,59.39
69.71,69.71,35.71,73.37,62.57
68.37,68.37,36.00,71.24,61.04
72.20,72.20,34.45,72.71,63.81
71.93,71.93,35.32,70.96,61.61
72.58,72.58,34.29,72.37,65.29
71.97,71.97,36.61,71.97,65.87
71.77,71.77,37.33,71.72,65.59
71.84,71.84,37.48,71.68,67.29
71.11,71.11,36.44,71.76,66.64
70.11,70.11,35.59,72.20,67.76
70.51,70.51,37.64,71.32,66.09
71.19,71.19,37.25,72.04,62.23
70.95,70.95,38.67,71.32,61.60
71.60,71.60,39.35,71.97,62.32
72.05,72.05,39.72,71.84,62.61
71.31,71.31,38.66,72.40,62.91
70.74,70.74,40.00,72.06,62.09
69.62,69.62,40.53,71.76,63.26
71.52,71.52,39.58,72.18,63.57
71.52,71.52,36.77,71.64,63.92
73.12,73.12,35.69,72.61,62.03
69.58,69.58,37.41,69.89,63.37
66.22,66.22,38.87,72.59,64.29
66.54,66.54,37.49,69.94,66.63
65.00,65.00,37.43,72.61,67.98
63.97,63.97,36.69,69.85,65.37
54.42,54.42,34.65,71.50,66.23
52.41,52.41,36.74,71.34,66.04
52.70,52.70,39.00,70.31,68.13
49.83,49.83,41.60,71.68,64.94
53.47,53.47,37.84,69.56,64.69
52.39,52.39,36.82,71.44,66.58
51.58,51.58,36.79,71.94,65.36
55.21,55.21,35.50,69.42,67.23
61.07,61.07,36.14,73.59,64.28
72.98,72.98,37.18,69.80,63.35
72.83,72.83,36.49,70.27,64.77
71.00,71.00,36.65,72.37,62.45
67.60,67.60,34.68,65.50,65.80
70.09,70.09,32.14,72.53,65.63
69.47,69.47,33.12,72.25,64.40
70.34,70.34,32.91,65.58,65.91
69.43,69.43,34.16,72.01,67.21
68.47,68.47,33.71,72.80,67.47
69.95,69.95,32.77,67.06,66.62
69.86,69.86,33.40,71.19,68.70
70.20,70.20,34.43,73.31,68.24
70.54,70.54,34.19,69.86,67.89
70.87,70.87,34.46,66.08,65.65
70.89,70.89,34.31,72.13,66.51
69.84,69.84,35.12,74.00,65.38
69.00,69.00,38.90,68.27,66.60
68.71,68.71,38.47,69.32,66.60
64.57,64.57,38.19,67.65,67.23
55.82,55.82,34.19,72.66,67.26
56.58,56.58,34.72,73.53,70.65
54.32,54.32,36.24,68.60,69.78
54.84,54.84,39.22,70.21,68.53
60.27,60.27,43.69,70.21,69.59
68.76,68.76,42.07,69.25,70.50
74.35,74.35,39.78,72.21,66.39
73.88,73.88,38.32,72.90,66.34
67.59,67.59,38.69,69.52,67.85
70.78,70.78,38.49,74.15,68.05
72.34,72.34,38.33,72.44,69.04
74.60,74.60,38.86,72.76,68.67
73.97,73.97,37.33,73.73,68.16
74.71,74.71,38.22,75.64,68.44
73.36,73.36,38.75,72.03,70.50
73.26,73.26,39.19,72.01,70.81
73.74,73.74,36.72,73.26,68.44
73.44,73.44,36.84,71.61,68.07
73.76,73.76,37.33,68.56,67.74
72.19,72.19,40.36,66.81,68.05
73.19,73.19,38.17,73.31,66.57
75.81,75.81,37.73,73.40,68.36
73.82,73.82,37.58,72.43,68.39
70.41,70.41,38.08,65.12,68.30
67.91,67.91,38.52,69.96,68.84
71.74,71.74,38.06,72.31,67.87
71.92,71.92,35.95,72.36,69.08
72.21,72.21,37.10,72.44,70.13
71.17,71.17,37.85,71.74,69.38
70.25,70.25,39.04,71.18,71.52
71.33,71.33,36.89,71.97,71.27
71.02,71.02,37.34,69.31,72.18
72.01,72.01,38.05,70.72,71.61
71.56,71.56,40.33,68.88,71.17
70.25,70.25,37.26,72.71,69.68
71.05,71.05,38.89,69.60,69.33
70.78,70.78,38.78,72.83,70.36
71.68,71.68,39.41,72.80,72.35
70.55,70.55,38.15,72.57,74.76
70.97,70.97,40.16,67.22,74.40
71.01,71.01,44.63,68.02,72.57
71.17,71.17,47.73,68.93,71.77
72.70,72.70,49.57,71.84,71.87
72.03,72.03,54.83,75.10,70.01
72.20,72.20,64.09,73.64,68.29
73.47,73.47,69.11,65.92,63.57
73.98,73.98,70.82,59.74,60.91
73.35,73.35,75.82,51.24,66.44
74.59,74.59,77.69,51.20,65.06
75.73,75.73,78.63,52.30,62.89
75.29,75.29,78.54,49.46,64.28
74.96,74.96,77.84,50.93,63.02
76.39,76.39,75.95,55.49,62.89
76.99,76.99,78.52,57.15,64.06
77.81,77.81,77.01,59.06,64.81
76.44,76.44,78.33,58.18,64.89
77.69,77.69,74.68,63.82,64.67
77.39,77.39,75.03,63.87,67.03
75.99,75.99,74.03,62.90,66.37
71.75,71.75,67.59,63.78,66.61
68.56,68.56,64.65,63.43,66.09
63.77,63.77,60.13,65.46,66.94
60.71,60.71,59.82,65.87,66.49
58.38,58.38,59.65,67.94,66.89
56.41,56.41,61.25,68.92,68.34
59.90,59.90,61.76,66.58,70.15
57.52,57.52,59.87,68.29,68.05
61.53,61.53,59.53,74.57,70.34
58.00,58.00,59.03,76.94,68.93
57.63,57.63,58.96,76.58,70.21
55.07,55.07,59.41,76.06,68.34
52.38,52.38,58.56,75.92,67.91
57.30,57.30,60.44,75.84,65.71
60.81,60.81,64.31,74.24,64.81
71.86,71.86,71.96,70.64,61.57
72.60,72.60,73.30,66.20,58.70
73.55,73.55,75.68,61.26,60.23
73.38,73.38,78.04,56.29,66.48
71.76,71.76,75.61,57.35,66.68
72.83,72.83,76.61,54.78,64.94
75.31,75.31,76.93,55.94,62.61
76.81,76.81,79.61,55.32,61.38
76.46,76.46,77.29,51.04,60.74
77.52,77.52,78.32,51.38,61.70
77.53,77.53,76.83,55.42,64.87
76.53,76.53,75.69,59.32,67.02
76.06,76.06,75.53,65.33,67.03
75.98,75.98,72.60,61.77,67.89
74.56,74.56,72.09,65.64,69.41
73.92,73.92,63.94,63.78,65.13
66.53,66.53,58.94,67.61,63.18
60.40,60.40,54.47,68.56,65.03
60.34,60.34,54.28,69.92,65.29
57.96,57.96,57.64,69.04,67.24
57.98,57.98,58.64,69.60,68.60
53.55,53.55,57.90,67.99,68.44
51.86,51.86,55.18,75.49,68.85
50.08,50.08,52.57,77.43,67.58
56.60,56.60,51.02,76.20,69.08
53.57,53.57,50.88,76.71,69.06
58.21,58.21,50.61,77.40,67.07
57.47,57.47,53.82,77.10,66.11
53.93,53.93,60.45,75.70,63.31
60.22,60.22,70.13,72.84,60.39
66.92,66.92,73.83,68.22,59.92
72.79,72.79,75.49,63.14,62.81
72.51,72.51,78.10,58.15,61.29
71.04,71.04,77.76,46.31,57.95
72.49,72.49,78.05,47.55,59.55
73.94,73.94,78.01,51.39,61.59
73.12,73.12,77.65,53.42,61.19
73.99,73.99,79.15,58.60,62.46
76.97,76.97,79.10,59.87,64.02
77.10,77.10,77.10,59.29,67.86
76.31,76.31,78.37,59.53,68.55
72.88,72.88,73.96,67.07,65.35
64.53,64.53,76.05,62.91,64.83
58.52,58.52,71.44,64.74,65.74
53.40,53.40,69.06,64.93,65.45
57.58,57.58,58.56,65.02,65.64
59.53,59.53,54.18,67.55,64.11
64.57,64.57,44.24,67.43,65.34
73.02,73.02,47.04,67.39,64.71
74.78,74.78,54.90,65.14,65.19
70.57,70.57,55.96,66.35,66.94
66.94,66.94,51.98,73.60,66.21
60.37,60.37,48.67,75.97,65.69
61.55,61.55,47.13,77.19,67.20
59.36,59.36,42.78,77.64,66.55
60.68,60.68,44.45,77.87,65.56
62.44,62.44,51.11,77.33,65.09
64.55,64.55,56.33,75.12,63.63
62.30,62.30,66.81,72.93,60.04
58.77,58.77,76.01,71.19,60.55
65.03,65.03,72.95,68.10,58.99
73.64,73.64,77.81,62.80,57.55
78.94,78.94,74.74,54.62,57.72
76.08,76.08,75.61,59.76,58.94
75.61,75.61,76.91,58.24,59.48
77.09,77.09,77.90,56.67,60.57
77.52,77.52,77.22,51.17,62.22
77.13,77.13,76.18,54.73,63.66
78.13,78.13,78.02,54.74,63.23
77.80,77.80,75.05,53.80,61.99
76.21,76.21,76.94,62.25,62.01
74.14,74.14,71.58,63.23,63.22
74.01,74.01,74.57,66.88,61.47
75.35,75.35,68.02,67.44,61.86
76.64,76.64,61.59,65.60,60.73
72.69,72.69,53.54,67.50,62.06
69.68,69.68,48.54,69.33,62.03
73.12,73.12,46.96,70.08,64.09
75.72,75.72,56.80,68.45,64.20
75.76,75.76,56.95,67.08,66.04
72.75,72.75,53.51,70.88,65.47
72.10,72.10,51.32,76.87,64.13
70.75,70.75,49.18,76.43,63.47
65.22,65.22,46.39,75.90,63.54
61.20,61.20,44.52,76.63,63.86
62.01,62.01,47.60,75.74,64.44
59.95,59.95,56.87,74.02,63.03
60.45,60.45,62.11,74.16,58.66
60.64,60.64,72.99,73.20,58.16
61.12,61.12,74.76,69.34,57.32
70.14,70.14,78.10,63.22,59.73
71.93,71.93,76.65,50.25,59.80
75.58,75.58,79.07,55.65,59.92
74.55,74.55,77.83,52.01,59.45
74.83,74.83,77.87,54.35,59.85
72.37,72.37,76.92,56.36,62.67
73.52,73.52,79.86,59.48,63.74
74.04,74.04,76.95,59.29,64.11
73.65,73.65,79.80,58.60,65.52
73.92,73.92,75.71,64.83,66.55
75.64,75.64,76.24,68.56,65.68
76.37,76.37,72.72,68.93,65.57
77.24,77.24,70.14,62.86,66.65
74.42,74.42,66.84,66.13,67.74
77.40,77.40,58.37,68.35,65.67
75.89,75.89,48.77,69.80,63.19
77.59,77.59,49.02,68.17,64.07
75.75,75.75,53.98,63.59,66.64
77.31,77.31,55.79,69.05,65.47
75.81,75.81,54.31,71.53,63.79
75.37,75.37,52.15,74.07,64.26
74.92,74.92,49.98,72.04,64.58
73.34,73.34,47.75,72.55,63.07
67.29,67.29,46.07,74.42,64.88
64.14,64.14,45.91,72.44,63.89
63.68,63.68,54.34,73.40,61.03
69.76,69.76,63.83,69.69,58.82
70.39,70.39,70.61,68.12,58.01
69.54,69.54,74.78,58.34,55.96
69.33,69.33,75.24,50.60,56.31
71.01,71.01,80.48,51.35,57.48
71.23,71.23,77.80,48.63,55.24
72.67,72.67,78.52,44.47,57.27
73.22,73.22,77.60,53.98,57.99
71.93,71.93,79.71,55.83,58.69
67.84,67.84,76.84,54.69,61.22
61.01,61.01,80.26,57.19,64.35
59.24,59.24,77.57,59.05,64.83
55.61,55.61,78.74,61.79,66.15
52.52,52.52,75.30,69.82,65.61
53.02,53.02,74.14,68.74,65.57
55.28,55.28,73.44,69.58,66.93
50.96,50.96,66.75,69.82,66.32
51.64,51.64,62.79,70.36,67.25
52.30,52.30,52.62,68.31,66.70
53.77,53.77,53.04,70.88,66.83
48.70,48.70,56.13,68.83,66.30
50.50,50.50,59.91,69.03,68.27
48.24,48.24,58.04,67.63,69.56
49.57,49.57,54.84,71.84,67.29
45.97,45.97,54.23,74.24,66.46
48.44,48.44,50.27,73.61,67.02
46.70,46.70,47.55,75.55,68.14
48.79,48.79,49.66,72.85,65.69
44.00,44.00,54.08,73.22,64.53
41.51,41.51,60.22,72.24,60.74
49.21,49.21,67.88,68.67,58.36
58.68,58.68,73.23,64.23,57.51
68.76,68.76,76.07,54.60,57.51
71.99,71.99,79.03,52.71,57.56
70.27,70.27,79.58,46.46,60.65
69.60,69.60,80.39,47.30,58.75
71.14,71.14,79.48,50.28,58.91
72.30,72.30,77.19,53.27,61.89
64.61,64.61,80.47,58.30,59.97
68.05,68.05,78.08,56.53,61.39
74.53,74.53,78.81,55.42,62.27
75.44,75.44,77.07,62.21,64.80
76.82,76.82,74.97,67.19,63.87
76.34,76.34,75.89,71.13,63.27
74.98,74.98,71.23,68.25,63.74
75.23,75.23,70.34,69.93,64.61
73.84,73.84,59.59,72.10,65.71
71.71,71.71,51.88,70.15,65.26
69.34,69.34,44.75,70.94,63.28
71.68,71.68,48.56,70.49,63.37
73.10,73.10,54.57,68.48,64.97
70.09,70.09,54.72,68.61,67.80
69.66,69.66,53.05,70.49,64.96
69.77,69.77,53.01,76.48,65.56
69.73,69.73,53.78,74.63,66.45
60.60,60.60,54.60,76.34,64.35
59.42,59.42,54.77,75.90,66.33
57.97,57.97,56.06,75.31,65.95
58.71,58.71,61.85,74.32,63.89
67.74,67.74,67.63,70.60,60.70
68.28,68.28,74.68,69.86,59.94
68.59,68.59,73.63,63.72,61.62
71.05,71.05,79.30,60.81,60.26
73.58,73.58,76.19,47.92,61.81
75.43,75.43,77.84,49.41,61.57
73.15,73.15,77.05,53.66,63.80
71.57,71.57,79.00,57.39,66.94
70.24,70.24,75.96,58.35,64.70
67.10,67.10,78.25,61.36,63.03
67.97,67.97,78.94,55.02,63.29
72.36,72.36,77.05,57.64,65.72
75.16,75.16,77.74,66.97,65.20
77.11,77.11,72.42,70.90,65.68
76.89,76.89,73.44,67.81,67.83
76.41,76.41,68.57,69.09,69.18
75.32,75.32,63.69,71.86,67.22
76.20,76.20,52.25,70.22,66.75
74.35,74.35,48.18,72.00,65.50
70.33,70.33,46.92,70.75,66.45
75.14,75.14,54.91,70.62,66.26
72.62,72.62,56.88,70.73,67.14
74.20,74.20,53.17,72.62,66.42
74.17,74.17,50.75,76.30,65.93
71.92,71.92,49.53,75.22,64.27
66.42,66.42,48.60,76.42,63.03
57.55,57.55,46.86,76.06,63.22
54.00,54.00,47.59,73.95,63.10
50.85,50.85,56.31,75.39,61.75
57.37,57.37,63.09,72.37,59.69
68.30,68.30,72.30,70.57,59.81
68.46,68.46,72.89,62.83,56.05
74.82,74.82,77.19,56.78,55.39
75.31,75.31,76.21,47.42,56.06
74.29,74.29,79.24,43.75,56.15
74.95,74.95,78.83,44.57,57.49
74.85,74.85,77.33,48.47,58.44
75.37,75.37,77.62,48.07,61.29
75.70,75.70,78.89,54.32,59.26
75.43,75.43,76.65,50.26,61.18
75.69,75.69,78.82,56.48,61.50
75.69,75.69,74.23,56.16,60.58
74.38,74.38,76.28,63.27,62.63
74.12,74.12,70.89,66.02,63.55
74.51,74.51,68.72,67.06,63.77
74.70,74.70,63.70,69.23,63.65
74.15,74.15,50.95,71.44,62.30
73.94,73.94,46.75,64.61,63.72
74.90,74.90,46.87,68.67,63.31
74.71,74.71,53.22,68.64,60.79
76.72,76.72,53.09,71.31,65.93
73.51,73.51,53.97,68.43,63.87
73.95,73.95,51.70,72.19,60.39
73.98,73.98,51.57,71.61,59.90
72.96,72.96,47.58,75.15,61.32
73.54,73.54,44.97,75.61,59.73
74.41,74.41,43.72,78.93,58.74
73.32,73.32,51.52,75.86,59.36
72.28,72.28,59.65,73.92,61.49
70.58,70.58,69.01,73.17,59.75
66.77,66.77,74.82,70.61,59.14
69.05,69.05,73.66,69.79,60.86
70.14,70.14,79.35,66.07,59.55
63.81,63.81,76.35,63.01,59.75
61.12,61.12,77.55,65.09,58.15
58.81,58.81,78.55,61.07,58.24
57.75,57.75,76.49,56.46,61.48
56.72,56.72,75.17,62.36,61.37
56.84,56.84,79.40,62.04,63.30
58.28,58.28,75.68,64.64,64.78
60.17,60.17,78.28,57.93,64.82
62.01,62.01,74.04,63.97,63.91
55.10,55.10,75.88,70.02,62.87
59.38,59.38,72.05,72.67,64.08
61.15,61.15,66.24,73.17,64.10
61.58,61.58,57.31,71.55,64.73
58.35,58.35,49.55,67.68,64.09
56.84,56.84,50.43,71.81,65.35
58.21,58.21,54.67,73.21,65.15
58.31,58.31,58.76,73.30,68.11
54.79,54.79,57.16,69.30,68.37
54.42,54.42,53.69,75.59,67.62
55.10,55.10,52.32,74.06,67.49
52.29,52.29,49.64,79.04,66.49
51.74,51.74,47.10,78.53,64.99
48.79,48.79,46.35,77.10,66.65
47.32,47.32,50.85,78.15,66.65
44.08,44.08,59.22,75.57,63.64
50.24,50.24,65.78,76.09,61.19
58.06,58.06,73.27,75.73,57.89
65.90,65.90,75.82,68.67,59.56
71.17,71.17,78.40,68.36,60.24
75.26,75.26,77.70,64.72,61.56
74.63,74.63,78.97,59.36,61.89
73.60,73.60,77.86,53.24,61.24
73.79,73.79,75.53,55.15,60.54
71.81,71.81,78.12,58.82,58.16
70.29,70.29,75.81,62.18,60.65
72.40,72.40,77.53,66.51,62.84
73.59,73.59,73.53,65.37,67.28
74.67,74.67,73.09,69.80,64.10
77.09,77.09,70.74,67.97,65.12
75.97,75.97,66.93,65.95,64.95
75.15,75.15,63.33,67.14,63.15
74.92,74.92,58.62,63.27,63.46
73.88,73.88,47.74,66.92,64.87
63.24,63.24,42.49,69.01,64.67
58.33,58.33,45.41,71.29,63.17
65.99,65.99,55.39,68.70,66.10
75.62,75.62,55.00,71.74,67.28
74.03,74.03,50.44,65.14,64.78
73.75,73.75,48.16,75.41,63.08
72.59,72.59,45.23,72.52,64.08
72.15,72.15,42.32,76.35,65.37
71.93,71.93,42.42,75.23,66.34
63.12,63.12,45.64,77.32,65.67
56.39,56.39,55.68,77.23,64.25
54.37,54.37,59.41,74.27,56.09
62.83,62.83,76.47,75.40,57.51
67.18,67.18,74.29,70.64,60.78
70.37,70.37,78.93,71.06,63.79
73.76,73.76,76.52,66.48,63.96
74.57,74.57,78.68,64.33,64.19
74.05,74.05,77.40,60.81,64.58
74.89,74.89,78.96,64.12,64.51
72.83,72.83,76.35,62.03,61.45
70.94,70.94,78.86,61.30,59.13
72.85,72.85,76.44,54.90,63.55
73.16,73.16,78.23,58.13,67.03
74.82,74.82,76.78,56.29,67.10
76.40,76.40,74.24,57.96,64.96
77.28,77.28,74.31,58.98,65.29
76.46,76.46,70.30,63.67,65.21
75.78,75.78,69.27,66.39,64.41
74.60,74.60,59.82,65.94,65.09
72.16,72.16,48.07,70.82,63.55
67.80,67.80,44.95,68.84,64.68
69.42,69.42,53.73,70.93,63.80
70.77,70.77,55.66,66.90,67.17
70.49,70.49,52.45,72.33,65.99
73.00,73.00,51.73,73.07,65.85
71.24,71.24,51.37,74.68,64.74
62.35,62.35,47.79,77.97,65.25
55.72,55.72,45.49,76.25,64.89
54.66,54.66,47.28,79.23,64.70
53.34,53.34,55.96,76.32,63.75
63.13,63.13,63.33,77.81,60.51
68.92,68.92,70.61,73.15,59.88
75.94,75.94,72.61,74.06,55.73
74.48,74.48,76.49,65.91,55.90
75.13,75.13,76.79,67.11,57.43
75.49,75.49,76.72,63.04,57.41
75.48,75.48,78.41,58.85,59.18
74.91,74.91,76.90,51.70,57.58
75.77,75.77,78.41,55.44,57.38
75.42,75.42,76.44,57.15,60.41
76.02,76.02,78.05,62.00,61.93
74.10,74.10,76.36,59.18,63.77
73.95,73.95,73.89,61.38,64.99
70.69,70.69,76.28,61.15,62.39
70.93,70.93,72.43,63.06,63.41
74.20,74.20,73.51,68.82,64.01
74.17,74.17,65.32,65.02,63.73
70.19,70.19,57.41,70.42,65.78
63.79,63.79,46.24,69.21,65.10
64.86,64.86,45.21,72.14,64.65
73.65,73.65,51.95,70.88,63.06
75.69,75.69,54.05,70.08,64.41
75.59,75.59,53.46,69.13,63.85
75.97,75.97,50.54,69.87,60.80
74.97,74.97,50.59,70.79,64.43
73.85,73.85,48.50,74.44,64.62
73.43,73.43,45.78,73.19,62.38
73.20,73.20,45.03,77.57,63.09
73.88,73.88,49.37,75.87,62.97
75.28,75.28,58.91,75.68,61.62
74.01,74.01,67.48,76.93,60.07
65.44,65.44,75.29,72.65,56.47
73.30,73.30,74.14,71.48,54.38
61.86,61.86,78.67,71.04,53.50
56.78,56.78,77.93,66.85,53.48
54.42,54.42,78.67,65.26,53.75
56.07,56.07,79.55,67.57,57.75
55.36,55.36,78.29,65.38,58.63
51.71,51.71,78.29,53.92,60.76
51.01,51.01,78.76,60.62,61.26
51.11,51.11,75.69,64.47,66.45
47.60,47.60,77.39,66.98,66.75
48.84,48.84,74.01,64.22,67.59
48.27,48.27,74.85,60.65,66.66
49.33,49.33,71.59,67.94,67.74
53.03,53.03,69.44,67.06,66.74
55.47,55.47,65.99,70.77,67.05
52.11,52.11,54.12,69.74,66.23
52.07,52.07,51.34,67.64,66.05
48.31,48.31,53.76,75.02,67.44
51.09,51.09,60.12,65.96,68.57
48.19,48.19,59.03,70.14,68.40
48.85,48.85,54.08,74.74,68.52
49.36,49.36,53.36,70.50,65.98
48.98,48.98,50.40,73.28,68.59
51.15,51.15,47.08,76.16,66.38
56.94,56.94,43.99,78.66,65.91
59.53,59.53,49.51,78.64,65.83
60.37,60.37,58.20,75.79,62.98
65.49,65.49,65.65,78.65,58.87
71.82,71.82,70.00,74.15,57.30
76.55,76.55,74.23,70.95,54.32
76.80,76.80,76.49,69.70,56.09
75.44,75.44,76.71,66.36,56.79
73.44,73.44,77.37,61.50,59.04
74.90,74.90,76.75,65.30,58.88
72.29,72.29,77.80,60.57,56.28
73.67,73.67,78.82,59.96,58.02
75.81,75.81,76.20,61.27,59.79
76.27,76.27,78.38,61.65,60.16
76.60,76.60,73.74,62.59,62.85
75.14,75.14,75.32,63.68,63.37
73.77,73.77,70.52,65.03,61.30
73.47,73.47,69.35,63.50,63.03
74.22,74.22,69.51,57.00,64.66
74.97,74.97,61.24,70.25,62.42
77.28,77.28,55.30,68.37,61.51
79.28,79.28,47.21,67.66,62.49
78.53,78.53,50.60,71.71,60.37
77.09,77.09,58.48,69.01,63.07
74.50,74.50,60.66,70.35,63.39
75.36,75.36,57.07,69.42,63.09
75.15,75.15,55.93,68.38,59.49
76.34,76.34,56.02,66.39,60.94
76.27,76.27,54.01,76.72,56.98
76.41,76.41,54.54,74.32,58.33
76.71,76.71,56.67,75.35,59.60
75.93,75.93,58.94,76.12,58.49
77.23,77.23,62.43,75.32,58.68
75.98,75.98,71.54,71.60,57.52
75.78,75.78,72.21,69.93,54.23
74.57,74.57,76.71,69.06,55.51
75.28,75.28,75.53,64.34,57.18
76.08,76.08,78.26,61.66,57.41
75.75,75.75,75.40,62.22,58.23
74.98,74.98,76.49,62.48,58.50
76.61,76.61,75.54,60.07,58.14
75.89,75.89,79.12,61.31,57.34
74.81,74.81,75.29,55.74,57.30
73.03,73.03,77.71,59.38,59.25
72.43,72.43,73.08,66.24,59.79
72.23,72.23,69.91,67.13,56.29
72.97,72.97,66.93,68.15,58.95
75.28,75.28,66.52,63.92,60.17
74.99,74.99,63.62,67.79,59.53
71.04,71.04,60.80,64.04,60.55
72.52,72.52,53.80,72.11,61.07
72.77,72.77,52.14,68.50,61.62
72.69,72.69,57.77,70.06,62.50
73.22,73.22,58.94,72.03,63.67
72.95,72.95,55.16,73.36,63.58
72.94,72.94,53.57,66.91,61.84
72.33,72.33,50.89,72.53,62.01
72.24,72.24,47.26,76.99,62.35
71.42,71.42,45.57,75.11,63.98
70.40,70.40,45.31,77.70,60.28
75.13,75.13,51.52,78.50,58.21
71.54,71.54,57.91,73.94,56.85
72.50,72.50,66.22,75.55,56.60
69.69,69.69,72.29,74.36,53.75
73.17,73.17,74.59,67.22,56.79
72.50,72.50,77.46,70.01,59.71
74.09,74.09,77.76,65.88,58.02
73.42,73.42,78.34,56.87,58.59
71.83,71.83,77.75,62.38,57.63
76.03,76.03,79.39,58.71,57.64
74.39,74.39,76.16,59.93,60.92
76.13,76.13,79.27,58.26,60.36
76.20,76.20,76.04,58.33,62.26
76.09,76.09,74.76,61.64,64.05
74.68,74.68,75.85,65.95,64.13
73.50,73.50,73.28,60.96,63.41
74.86,74.86,71.49,64.64,64.01
75.75,75.75,62.15,65.05,65.12
75.60,75.60,59.41,64.81,63.51
75.18,75.18,44.88,66.11,63.68
73.48,73.48,45.25,67.62,61.74
63.22,63.22,52.09,67.96,64.49
61.58,61.58,58.37,67.78,67.74
58.40,58.40,56.40,68.44,66.70
58.52,58.52,53.33,71.48,66.06
58.74,58.74,52.30,74.73,66.96
57.46,57.46,48.20,74.80,64.34
56.63,56.63,46.46,76.40,67.33
55.20,55.20,45.79,76.03,64.76
56.85,56.85,50.81,75.73,64.98
58.68,58.68,59.32,73.97,63.15
62.19,62.19,67.88,70.65,62.55
67.99,67.99,74.55,67.20,58.06
73.39,73.39,73.52,64.23,56.57
73.16,73.16,79.60,60.60,56.19
72.09,72.09,76.58,54.80,60.06
71.83,71.83,76.90,56.90,60.34
70.30,70.30,77.75,50.15,61.06
73.25,73.25,77.26,54.70,61.70
73.82,73.82,78.64,51.68,61.50
74.04,74.04,78.03,54.95,63.49
74.32,74.32,77.07,55.04,64.69
76.49,76.49,78.01,55.58,65.32
77.05,77.05,74.13,68.43,65.15
77.00,77.00,76.17,61.37,63.74
75.50,75.50,70.75,64.42,62.43
75.94,75.94,66.91,64.07,65.24
76.17,76.17,57.52,66.24,62.99
76.28,76.28,56.45,69.35,64.06
76.03,76.03,48.33,70.62,63.24
66.82,66.82,49.47,69.64,62.58
60.20,60.20,57.79,68.46,66.21
56.77,56.77,57.47,68.19,66.77
58.82,58.82,53.31,72.67,67.66
56.63,56.63,52.42,76.92,67.00
57.14,57.14,49.58,76.99,67.14
55.82,55.82,47.12,77.38,65.69
55.20,55.20,46.73,77.39,64.48
51.57,51.57,48.26,76.82,64.28
49.64,49.64,54.46,74.94,62.99
57.20,57.20,64.04,73.46,60.94
71.81,71.81,71.66,71.04,59.75
76.08,76.08,73.65,66.28,54.82
71.58,71.58,76.50,59.93,58.76
69.53,69.53,77.91,46.91,60.39
70.62,70.62,75.90,51.94,59.15
72.32,72.32,77.76,51.04,56.79
71.67,71.67,79.99,53.13,57.36
75.42,75.42,78.60,56.51,57.78
72.74,72.74,76.97,59.96,60.58
74.93,74.93,79.00,59.81,62.43
74.97,74.97,75.68,57.17,63.86
72.89,72.89,76.74,63.15,62.08
72.80,72.80,71.96,63.63,64.74
73.87,73.87,74.16,65.32,65.34
72.77,72.77,66.50,63.78,64.10
73.69,73.69,62.16,62.80,62.93
72.70,72.70,55.08,66.32,64.53
58.53,58.53,51.34,67.21,63.23
57.89,57.89,45.83,65.92,61.86
62.86,62.86,57.61,66.63,63.18
67.30,67.30,57.69,67.28,64.04
74.78,74.78,53.83,70.68,63.68
72.42,72.42,49.54,76.49,60.90
71.24,71.24,46.13,75.67,63.04
72.26,72.26,43.50,75.38,62.98
71.54,71.54,43.31,74.67,62.10
72.03,72.03,46.32,74.91,63.61
74.40,74.40,55.57,74.95,60.41
70.02,70.02,61.64,73.97,59.07
64.14,64.14,73.20,72.83,59.34
71.20,71.20,72.54,69.70,56.36
70.79,70.79,76.87,65.41,55.95
69.50,69.50,76.76,60.94,55.81
71.89,71.89,78.36,58.06,57.22
73.77,73.77,77.09,57.41,60.06
73.13,73.13,76.67,54.00,59.95
73.36,73.36,77.30,52.75,59.75
74.50,74.50,80.01,52.39,61.51
74.73,74.73,76.00,57.23,60.23
74.94,74.94,79.01,58.21,62.36
72.05,72.05,75.64,61.11,64.53
72.73,72.73,76.64,63.42,62.99
73.38,73.38,72.08,67.23,63.19
74.45,74.45,70.93,68.05,63.03
75.36,75.36,63.64,68.07,62.62
77.56,77.56,56.45,67.89,61.22
78.59,78.59,52.99,68.71,61.80
76.76,76.76,47.58,69.77,61.87
76.53,76.53,53.02,68.64,62.31
75.39,75.39,56.75,67.21,62.83
76.27,76.27,54.75,71.83,63.01
76.27,76.27,51.32,77.67,61.94
75.21,75.21,50.41,76.15,63.72
74.82,74.82,47.29,74.60,61.61
73.79,73.79,46.59,76.07,61.64
63.68,63.68,45.47,76.13,62.50
54.65,54.65,52.38,75.87,62.48
53.74,53.74,59.90,74.52,60.25
63.88,63.88,69.61,71.82,59.05
70.44,70.44,73.17,67.86,55.26
77.21,77.21,75.73,64.73,54.94
76.67,76.67,76.32,55.83,55.13
74.64,74.64,76.79,56.81,56.04
71.77,71.77,77.69,52.63,59.62
71.55,71.55,78.97,51.77,57.79
73.09,73.09,79.37,52.55,59.57
77.02,77.02,76.21,58.99,61.25
76.34,76.34,79.64,61.98,62.40
77.04,77.04,76.66,59.80,66.70
75.21,75.21,78.84,61.37,64.42
74.81,74.81,74.48,67.75,63.62
74.26,74.26,74.05,69.88,62.87
73.18,73.18,72.33,64.67,64.54
72.31,72.31,67.14,64.90,63.81
74.77,74.77,62.71,63.58,64.31
75.60,75.60,48.64,68.94,62.49
75.63,75.63,46.78,67.68,60.39
76.07,76.07,51.29,68.90,61.80
74.44,74.44,55.49,66.15,63.91
72.87,72.87,55.10,70.46,65.86
74.83,74.83,50.94,74.64,65.05
74.30,74.30,47.35,71.72,66.48
72.88,72.88,42.25,74.54,65.18
70.53,70.53,37.68,72.31,64.24
64.75,64.75,41.49,73.93,64.05
66.43,66.43,52.84,73.12,63.54
65.95,65.95,58.71,71.05,62.96
63.96,63.96,67.36,69.27,59.24
57.04,57.04,76.22,61.68,58.83
68.50,68.50,74.06,51.09,57.27
68.65,68.65,80.26,53.91,56.87
68.34,68.34,77.78,51.64,57.96
66.43,66.43,79.71,57.67,58.09
67.89,67.89,77.68,54.73,57.27
67.19,67.19,77.84,52.51,60.86
66.67,66.67,80.32,51.67,61.21
65.24,65.24,77.59,57.73,62.54
66.53,66.53,79.56,59.90,63.13
64.62,64.62,77.92,59.19,64.45
65.55,65.55,76.33,67.12,63.37
61.58,61.58,75.85,69.93,63.60
59.66,59.66,72.31,65.97,64.20
57.06,57.06,71.41,71.36,66.70
57.18,57.18,61.60,69.24,69.04
53.52,53.52,56.56,71.36,68.22
56.14,56.14,53.61,69.31,67.63
53.12,53.12,53.00,68.74,67.24
51.12,51.12,60.64,69.59,68.52
48.38,48.38,59.95,65.05,68.51
46.31,46.31,57.22,73.11,66.87
46.96,46.96,53.85,72.63,67.97
47.91,47.91,50.25,72.90,68.68
48.34,48.34,47.88,75.26,68.71
45.50,45.50,47.90,73.75,66.60
43.76,43.76,48.65,74.06,66.94
43.14,43.14,55.02,69.77,65.39
49.18,49.18,62.84,70.56,62.12
64.23,64.23,74.12,65.06,61.55
69.53,69.53,74.91,59.77,56.89
72.16,72.16,77.63,52.18,58.21
73.65,73.65,79.64,48.37,55.56
73.56,73.56,78.11,47.49,57.40
71.71,71.71,78.25,47.58,52.24
75.25,75.25,79.11,50.06,54.72
77.12,77.12,77.23,56.28,57.67
77.91,77.91,78.97,55.03,59.85
77.18,77.18,78.50,55.99,60.56
76.42,76.42,76.19,56.45,65.44
75.35,75.35,77.28,62.46,64.13
74.09,74.09,73.70,73.24,65.14
71.92,71.92,74.17,67.98,64.71
75.11,75.11,68.43,71.26,64.52
71.91,71.91,66.06,70.67,63.26
65.59,65.59,55.78,71.37,62.77
67.74,67.74,51.01,71.12,62.09
69.61,69.61,50.05,70.79,64.08
74.19,74.19,54.37,70.42,66.20
72.96,72.96,56.21,67.95,67.62
72.88,72.88,55.30,70.96,64.83
72.51,72.51,55.58,75.17,64.41
70.61,70.61,57.76,75.87,63.41
73.05,73.05,57.23,76.60,64.17
61.50,61.50,58.57,74.12,63.85
56.74,56.74,59.00,76.69,63.36
53.54,53.54,60.76,73.73,64.40
60.70,60.70,66.37,73.20,60.91
69.30,69.30,73.88,68.65,61.21
66.82,66.82,74.04,65.98,58.97
70.29,70.29,75.50,62.50,59.05
70.92,70.92,77.45,52.53,59.78
69.83,69.83,77.77,49.81,61.20
68.92,68.92,77.89,53.63,60.36
70.90,70.90,77.14,57.69,59.32
58.79,58.79,78.01,59.65,58.96
57.86,57.86,78.93,62.61,61.94
65.70,65.70,77.15,59.12,65.83
71.75,71.75,79.95,61.13,65.30
70.74,70.74,76.36,62.17,67.10
70.13,70.13,77.55,73.57,66.66
68.53,68.53,72.65,68.35,67.42
63.12,63.12,73.14,70.58,65.62
65.91,65.91,65.83,71.50,66.71
65.51,65.51,56.12,73.01,65.58
65.56,65.56,49.31,72.32,64.59
64.64,64.64,50.43,70.60,64.84
67.64,67.64,49.56,72.11,64.99
70.54,70.54,50.10,68.91,67.20
73.82,73.82,46.68,73.22,66.39
75.67,75.67,47.41,75.13,65.30
71.82,71.82,48.11,74.87,63.22
72.12,72.12,47.36,76.66,64.91
74.34,74.34,46.82,74.74,65.31
75.01,75.01,48.40,75.78,63.11
77.94,77.94,53.69,72.18,63.98
79.27,79.27,60.16,72.72,61.02
76.85,76.85,68.32,69.90,57.98
74.11,74.11,71.70,66.02,59.60
72.46,72.46,75.02,59.71,57.93
73.45,73.45,76.67,52.25,58.52
74.18,74.18,78.90,52.05,57.79
74.76,74.76,77.21,44.60,58.49
74.36,74.36,79.45,49.50,56.62
74.28,74.28,77.78,51.43,57.15
74.14,74.14,77.16,50.43,58.32
72.39,72.39,80.20,57.05,61.60
74.62,74.62,76.26,59.17,61.24
77.12,77.12,77.70,59.02,59.75
75.34,75.34,73.12,63.72,60.54
75.52,75.52,74.14,67.48,62.81
74.59,74.59,69.51,65.91,62.67
63.96,63.96,62.91,73.03,64.39
62.93,62.93,56.99,69.41,64.55
62.58,62.58,46.25,64.72,64.88
64.07,64.07,45.29,68.07,64.47
68.12,68.12,50.48,73.37,61.78
71.38,71.38,56.46,70.88,63.67
72.97,72.97,55.18,67.52,62.01
74.39,74.39,51.31,72.65,60.11
73.94,73.94,49.71,70.27,60.80
72.82,72.82,45.20,75.51,59.71
72.40,72.40,44.64,79.26,59.48
72.49,72.49,45.10,74.47,63.17
72.76,72.76,50.45,75.18,62.91
71.42,71.42,56.87,75.48,59.19
71.85,71.85,64.67,73.37,56.96
64.17,64.17,74.20,75.22,57.97
72.17,72.17,73.58,68.87,53.71
69.62,69.62,79.44,64.29,53.80
62.58,62.58,75.11,64.78,54.35
58.40,58.40,78.92,61.37,53.75
56.18,56.18,78.37,57.82,55.31
55.01,55.01,77.27,57.15,56.33
55.98,55.98,77.70,61.49,59.57
55.08,55.08,75.58,58.79,60.68
53.68,53.68,79.04,64.98,64.75
54.54,54.54,76.61,62.07,68.26
53.24,53.24,78.54,62.81,66.78
57.43,57.43,74.18,70.75,66.93
60.37,60.37,72.21,71.23,64.75
60.60,60.60,71.23,70.90,65.54
58.27,58.27,62.84,67.60,66.52
55.17,55.17,54.76,69.91,65.75
56.56,56.56,51.95,73.57,64.10
57.48,57.48,53.39,70.80,64.40
58.29,58.29,59.15,71.28,65.85
55.88,55.88,59.90,68.81,67.94
52.09,52.09,55.79,73.42,66.64
48.86,48.86,52.50,76.95,67.59
49.11,49.11,50.03,77.21,64.48
48.98,48.98,47.28,76.76,64.70
47.30,47.30,46.80,78.72,64.70
46.96,46.96,50.29,75.89,65.91
40.96,40.96,56.72,79.01,65.34
44.06,44.06,61.94,77.41,60.19
56.81,56.81,74.38,73.64,60.36
60.47,60.47,75.49,71.93,57.96
72.24,72.24,78.16,67.23,60.77
74.20,74.20,77.03,64.52,59.73
75.52,75.52,78.85,63.76,60.58
73.07,73.07,78.42,55.25,61.76
71.45,71.45,75.31,50.90,62.91
71.47,71.47,74.33,59.00,63.98
70.94,70.94,77.72,59.92,63.54
72.77,72.77,74.90,62.89,65.71
74.53,74.53,75.40,65.27,67.80
73.59,73.59,73.63,69.65,67.07
74.66,74.66,69.22,67.58,66.70
74.37,74.37,67.04,66.72,67.99
76.16,76.16,60.52,68.16,67.06
75.69,75.69,56.69,60.05,63.74
75.20,75.20,49.18,66.49,65.02
66.97,66.97,44.70,71.11,67.05
62.30,62.30,44.64,65.09,63.59
65.80,65.80,54.91,70.57,64.68
73.24,73.24,57.71,67.98,67.23
73.91,73.91,53.09,68.60,65.36
72.96,72.96,49.51,72.18,66.43
73.39,73.39,46.46,73.57,67.21
72.50,72.50,43.13,75.11,66.09
72.22,72.22,41.86,76.61,65.23
64.94,64.94,44.34,77.99,64.59
59.49,59.49,53.62,74.50,62.82
56.88,56.88,61.78,76.70,59.34
59.36,59.36,72.01,73.87,58.82
61.20,61.20,75.31,75.03,56.15
69.23,69.23,77.59,68.83,58.41
72.00,72.00,79.14,68.39,57.71
72.06,72.06,77.30,62.74,59.38
71.78,71.78,76.82,66.68,59.56
74.37,74.37,77.03,65.06,60.50
73.94,73.94,78.61,66.20,60.01
72.80,72.80,76.36,59.85,62.55
70.91,70.91,78.17,56.69,60.21
73.96,73.96,78.36,49.67,61.66
73.46,73.46,77.64,52.46,61.98
74.16,74.16,78.23,54.99,62.62
74.32,74.32,74.41,54.83,62.67
75.78,75.78,74.60,63.08,62.89
76.22,76.22,65.64,57.71,63.02
76.58,76.58,63.16,68.91,62.22
72.39,72.39,49.76,67.92,63.07
69.08,69.08,46.83,71.23,62.34
69.80,69.80,53.13,68.10,64.72
70.94,70.94,56.37,69.08,67.74
75.26,75.26,53.51,68.27,66.41
75.64,75.64,51.49,73.33,65.82
72.39,72.39,51.70,76.96,66.19
67.17,67.17,50.33,74.43,65.15
57.96,57.96,46.34,78.99,66.00
57.80,57.80,46.18,77.26,65.62
55.21,55.21,51.25,79.44,66.10
54.31,54.31,62.66,74.88,63.73
62.81,62.81,70.54,77.41,61.00
71.60,71.60,72.00,71.70,58.76
76.10,76.10,72.02,68.95,59.00
75.00,75.00,76.15,64.55,57.76
73.36,73.36,77.02,63.30,59.55
73.09,73.09,78.80,59.79,58.60
71.89,71.89,77.32,53.15,60.14
73.54,73.54,76.79,52.75,60.00
75.64,75.64,76.17,50.41,62.53
74.91,74.91,78.40,57.86,62.17
74.80,74.80,75.52,57.80,66.30
74.89,74.89,76.22,60.71,64.64
74.03,74.03,73.11,59.47,65.71
75.76,75.76,74.67,60.48,64.27
73.81,73.81,71.10,66.68,66.27
72.19,72.19,67.76,66.08,64.18
75.96,75.96,59.80,71.28,63.92
76.30,76.30,52.86,67.59,62.38
72.86,72.86,55.69,67.50,62.29
69.08,69.08,59.00,73.14,62.13
66.30,66.30,66.58,70.47,64.92
68.11,68.11,61.82,68.99,62.96
73.67,73.67,60.06,73.48,63.79
75.80,75.80,58.27,68.82,64.23
74.99,74.99,58.11,74.05,64.09
73.78,73.78,58.37,75.11,63.91
74.18,74.18,56.43,74.05,63.86
74.48,74.48,54.38,77.69,62.05
72.47,72.47,58.93,76.34,58.84
65.72,65.72,66.33,74.26,59.14
70.52,70.52,73.03,75.74,57.65
72.13,72.13,70.33,70.52,56.07
69.36,69.36,78.26,70.28,56.60
68.96,68.96,77.23,69.88,59.52
62.05,62.05,78.12,65.47,58.10
58.67,58.67,78.31,64.46,59.35
54.67,54.67,79.62,68.68,58.18
53.83,53.83,78.18,60.34,59.93
49.18,49.18,76.70,66.22,60.57
52.49,52.49,78.83,60.58,62.67
49.24,49.24,72.62,61.15,61.23
49.36,49.36,76.85,56.67,59.73
50.53,50.53,76.87,59.41,64.70
47.41,47.41,79.72,67.44,65.05
48.24,48.24,79.79,69.23,65.55
46.27,46.27,78.64,65.10,64.74
50.24,50.24,74.95,59.18,66.35
45.05,45.05,73.97,59.10,64.69
40.85,40.85,75.05,69.76,62.74
40.86,40.86,74.76,69.32,63.44
43.00,43.00,72.33,67.15,65.37
42.78,42.78,78.03,64.71,62.58
43.85,43.85,76.69,65.17,65.52
41.36,41.36,80.06,62.24,64.45
42.72,42.72,77.52,66.50,65.84
43.79,43.79,75.13,60.71,65.20
43.35,43.35,78.68,66.40,65.37
44.41,44.41,76.74,70.32,64.19
49.65,49.65,78.36,71.92,60.27
61.17,61.17,76.84,63.17,62.22
59.63,59.63,74.27,67.17,62.11
70.35,70.35,77.14,62.62,57.93
74.19,74.19,74.48,62.87,58.35
76.21,76.21,77.55,63.06,58.33
72.75,72.75,77.35,56.49,57.97
74.12,74.12,76.10,56.59,59.72
74.48,74.48,74.45,62.20,60.99
75.08,75.08,77.32,63.51,60.12
75.60,75.60,74.11,61.21,62.17
72.94,72.94,76.90,60.06,63.54
73.57,73.57,73.85,56.88,64.80
72.89,72.89,71.37,60.02,63.72
72.73,72.73,67.65,62.51,65.70
72.97,72.97,69.31,65.36,63.71
72.50,72.50,62.73,67.27,63.02
71.25,71.25,58.15,66.46,64.31
71.84,71.84,60.49,73.41,64.15
73.37,73.37,62.06,69.19,64.31
73.93,73.93,62.81,70.43,63.64
73.10,73.10,66.27,72.73,64.65
72.87,72.87,67.07,69.36,61.49
72.64,72.64,67.68,68.42,62.44
73.68,73.68,68.71,70.08,63.75
73.87,73.87,61.27,72.56,63.53
73.43,73.43,60.43,73.29,63.31
72.46,72.46,60.89,74.28,61.75
74.10,74.10,61.64,78.06,62.86
75.95,75.95,63.71,73.20,62.26
76.58,76.58,67.84,69.90,61.15
75.78,75.78,71.06,72.47,57.35
76.14,76.14,72.53,66.09,58.49
75.54,75.54,76.81,62.60,59.40
74.97,74.97,74.73,64.75,61.89
74.04,74.04,76.27,59.49,60.74
74.04,74.04,76.12,57.75,59.47
74.68,74.68,77.38,49.94,61.54
74.99,74.99,75.15,43.60,62.29
74.73,74.73,78.56,40.13,61.60
73.92,73.92,75.86,34.66,62.80
74.07,74.07,77.22,33.69,62.42
75.48,75.48,74.92,37.66,59.73
74.36,74.36,72.48,38.68,58.20
72.76,72.76,72.42,41.20,60.76
74.46,74.46,65.05,41.71,60.83
76.80,76.80,59.56,39.48,60.56
77.31,77.31,54.29,32.35,58.15
78.58,78.58,52.24,34.69,60.80
77.80,77.80,51.72,29.12,60.26
76.58,76.58,50.90,28.17,60.88
74.81,74.81,51.17,29.75,59.85
75.56,75.56,50.34,30.34,59.96
75.72,75.72,49.37,30.77,59.16
76.32,76.32,49.14,31.97,59.38
76.61,76.61,48.98,26.91,58.26
77.36,77.36,49.39,31.54,60.81
77.49,77.49,52.78,28.69,58.71
76.34,76.34,57.76,23.65,57.03
73.08,73.08,66.49,21.00,57.03
69.85,69.85,71.62,27.10,55.86
68.21,68.21,74.65,33.95,54.93
71.82,71.82,78.16,36.40,55.92
72.84,72.84,78.77,43.08,57.18
72.12,72.12,79.48,43.30,58.47
70.02,70.02,78.89,52.19,58.19
71.52,71.52,77.42,55.22,60.92
71.55,71.55,78.13,58.24,60.13
71.71,71.71,77.41,60.26,61.71
71.50,71.50,78.18,59.40,63.40
70.45,70.45,77.97,58.96,65.42
69.15,69.15,75.49,70.02,65.10
69.08,69.08,76.50,63.65,64.91
69.77,69.77,71.63,64.66,66.93
72.49,72.49,69.31,66.32,66.12
73.03,73.03,61.96,65.23,65.03
74.02,74.02,59.69,66.04,63.44
74.42,74.42,58.83,67.45,64.10
73.43,73.43,59.18,69.04,63.77
71.99,71.99,64.20,67.40,65.95
63.35,63.35,61.68,67.49,67.05
60.69,60.69,59.32,71.15,67.07
59.39,59.39,57.61,76.73,67.62
59.11,59.11,57.25,76.58,65.97
61.16,61.16,56.64,76.02,68.03
61.49,61.49,56.88,75.64,65.78
61.46,61.46,57.53,74.54,66.56
56.57,56.57,61.28,74.38,63.74
55.78,55.78,66.36,72.81,60.83
59.87,59.87,76.52,69.53,59.84
64.64,64.64,73.52,65.05,57.76
68.98,68.98,78.46,59.25,59.39
73.63,73.63,78.03,54.65,59.12
73.33,73.33,76.38,57.64,58.04
73.37,73.37,77.43,53.96,59.54
73.50,73.50,79.47,53.94,61.09
72.66,72.66,77.91,51.74,60.16
72.40,72.40,77.12,53.78,62.23
72.68,72.68,78.79,58.26,62.36
74.08,74.08,76.45,54.52,62.87
73.86,73.86,77.41,65.09,62.91
73.57,73.57,73.95,64.74,61.30
72.35,72.35,74.99,65.08,63.64
74.04,74.04,66.34,66.19,64.31
75.58,75.58,63.37,66.74,61.68
72.92,72.92,56.75,68.14,64.07
72.09,72.09,52.67,69.71,65.06
73.15,73.15,52.75,70.08,64.13
75.56,75.56,58.18,67.89,64.43
74.93,74.93,59.06,67.58,64.84
66.27,66.27,56.12,71.72,64.66
63.54,63.54,53.24,77.01,64.09
67.64,67.64,53.78,77.02,63.24
72.09,72.09,52.14,75.51,63.78
67.85,67.85,49.47,75.90,62.96
68.92,68.92,51.90,76.07,62.33
64.49,64.49,58.14,75.45,59.16
64.64,64.64,65.40,74.66,58.18
67.25,67.25,72.04,71.16,59.71
68.69,68.69,74.25,67.13,55.20
71.00,71.00,76.07,60.24,56.65
74.96,74.96,77.87,53.81,56.54
78.91,78.91,77.02,42.60,55.41
78.51,78.51,76.85,44.59,56.46
78.31,78.31,75.65,47.50,56.34
77.48,77.48,76.50,52.08,58.30
75.41,75.41,79.00,57.92,60.43
76.34,76.34,75.92,60.38,61.29
76.52,76.52,78.45,59.34,62.13
76.43,76.43,73.93,62.12,64.07
77.17,77.17,76.11,63.79,63.51
77.37,77.37,71.05,66.05,64.03
76.84,76.84,70.13,64.53,64.48
76.78,76.78,61.66,62.77,62.76
77.20,77.20,57.34,64.14,63.16
76.99,76.99,49.91,65.99,63.12
75.33,75.33,49.70,64.55,63.18
72.59,72.59,57.10,64.30,64.29
75.93,75.93,60.54,65.57,64.42
72.55,72.55,56.67,69.09,66.29
70.79,70.79,54.66,75.90,65.32
71.39,71.39,51.88,75.33,64.94
70.46,70.46,49.33,74.47,65.76
70.60,70.60,46.49,76.43,65.49
71.55,71.55,46.94,76.22,65.76
69.34,69.34,53.24,75.71,65.12
67.54,67.54,58.32,73.85,62.82
68.13,68.13,70.01,71.68,60.25
65.52,65.52,74.23,69.36,59.94
71.03,71.03,73.51,67.40,59.02
70.52,70.52,78.49,62.08,59.07
70.95,70.95,75.33,63.38,60.81
71.40,71.40,76.96,62.74,63.09
72.82,72.82,78.50,58.02,62.44
71.94,71.94,77.73,55.77,63.49
72.28,72.28,77.26,54.82,64.61
72.62,72.62,79.53,53.26,64.32
73.16,73.16,76.40,57.41,64.70
73.36,73.36,78.74,59.18,64.82
71.56,71.56,73.60,65.87,64.25
71.87,71.87,74.58,66.60,65.17
73.20,73.20,70.81,67.70,64.77
72.76,72.76,65.33,67.95,66.81
72.82,72.82,55.58,66.99,66.53
72.16,72.16,55.13,69.19,64.24
67.77,67.77,50.98,69.99,63.42
65.74,65.74,53.47,69.51,62.29
59.58,59.58,59.37,69.73,66.20
58.41,58.41,58.75,69.71,66.06
62.90,62.90,55.26,74.11,67.85
62.61,62.61,53.34,76.86,67.16
65.63,65.63,51.11,76.94,65.94
64.93,64.93,48.16,76.54,65.68
63.13,63.13,47.15,76.66,66.55
62.03,62.03,52.12,76.24,65.94
55.67,55.67,58.28,74.18,63.32
59.85,59.85,67.80,73.58,61.06
62.55,62.55,72.78,71.04,60.13
69.24,69.24,75.13,67.99,58.37
71.43,71.43,77.98,63.06,58.29
71.38,71.38,77.31,56.24,59.41
70.71,70.71,79.03,54.59,60.44
70.58,70.58,79.11,49.77,60.11
70.96,70.96,78.48,51.23,59.40
74.36,74.36,80.16,55.51,62.29
75.87,75.87,77.94,60.21,62.50
74.41,74.41,79.77,56.75,64.20
72.93,72.93,76.88,63.32,64.61
70.50,70.50,76.72,67.17,64.49
72.51,72.51,75.10,70.15,65.05
74.89,74.89,72.34,65.70,64.19
75.85,75.85,70.25,64.77,64.37
75.92,75.92,62.32,69.13,62.50
76.45,76.45,54.69,65.46,62.56
76.19,76.19,52.96,67.04,63.12
74.04,74.04,55.29,69.05,62.81
73.72,73.72,64.30,66.69,63.91
72.01,72.01,62.51,69.37,64.23
73.62,73.62,57.02,72.10,62.28
75.14,75.14,54.93,72.41,64.30
75.92,75.92,51.96,73.75,63.57
73.60,73.60,49.14,72.28,63.87
74.73,74.73,46.04,73.56,62.82
74.38,74.38,48.29,70.18,62.27
70.39,70.39,54.74,71.70,61.16
70.90,70.90,62.80,68.57,58.59
70.00,70.00,73.71,63.72,56.58
69.15,69.15,73.31,54.43,55.55
68.64,68.64,78.34,49.80,56.53
70.03,70.03,78.15,56.30,56.74
72.81,72.81,78.86,58.32,59.40
73.75,73.75,77.74,54.94,61.14
75.18,75.18,77.78,50.07,61.19
75.12,75.12,76.48,50.96,60.45
72.55,72.55,78.66,53.52,62.13
70.94,70.94,77.24,59.52,62.84
72.07,72.07,76.92,60.87,63.93
70.73,70.73,77.23,63.68,64.56
70.51,70.51,74.05,70.21,64.24
72.29,72.29,75.24,68.85,65.72
72.31,72.31,69.31,68.95,64.84
71.16,71.16,66.46,68.16,63.96
71.02,71.02,53.59,70.24,64.20
65.88,65.88,47.92,69.93,64.30
63.03,63.03,50.01,70.04,65.57
57.63,57.63,59.68,68.22,66.41
53.47,53.47,62.10,64.05,65.85
53.72,53.72,62.37,72.12,66.39
54.99,54.99,61.70,72.04,64.02
56.21,56.21,59.68,74.24,65.65
58.08,58.08,59.12,71.34,66.96
59.68,59.68,57.28,74.02,65.44
61.14,61.14,58.16,73.49,65.64
61.11,61.11,61.67,73.25,64.46
59.14,59.14,65.98,69.98,61.16
62.57,62.57,72.91,67.00,60.34
69.97,69.97,74.55,63.50,57.48
71.47,71.47,76.45,55.72,59.95
73.41,73.41,79.25,54.71,57.87
73.27,73.27,78.30,48.08,56.16
72.75,72.75,79.23,49.86,58.23
73.86,73.86,76.99,52.22,59.75
76.83,76.83,78.88,54.70,60.60
74.73,74.73,78.18,56.13,61.64
75.38,75.38,77.19,56.30,62.05
77.51,77.51,78.13,55.68,63.87
75.83,75.83,74.87,57.85,63.30
75.42,75.42,76.69,71.37,65.45
76.00,76.00,71.29,68.54,65.47
76.13,76.13,72.38,69.21,66.91
76.52,76.52,64.20,70.09,66.30
76.87,76.87,58.52,70.58,64.13
75.88,75.88,49.46,68.44,63.79
76.49,76.49,51.62,70.46,64.55
75.68,75.68,57.89,68.62,63.58
74.88,74.88,61.26,69.21,65.99
74.52,74.52,60.37,68.88,65.27
71.85,71.85,59.04,71.63,63.46
71.31,71.31,59.66,76.51,64.17
71.26,71.26,58.05,74.13,65.46
70.43,70.43,58.00,75.47,66.49
72.25,72.25,58.35,74.19,65.58
70.38,70.38,60.18,72.00,63.38
67.50,67.50,63.21,73.61,62.99
66.38,66.38,69.93,69.70,59.18
63.86,63.86,75.32,67.60,58.52
68.88,68.88,73.46,63.23,58.08
67.21,67.21,78.71,55.66,59.74
69.47,69.47,77.26,51.65,60.96
71.61,71.61,77.41,51.59,61.88
70.99,70.99,78.46,52.95,62.93
70.72,70.72,77.11,57.98,63.09
72.00,72.00,76.36,59.74,64.42
72.57,72.57,79.64,58.48,63.77
71.00,71.00,76.33,60.97,67.63
70.57,70.57,79.13,61.08,67.38
72.01,72.01,74.39,70.49,66.05
71.58,71.58,76.23,71.64,65.58
73.77,73.77,70.54,68.53,66.29
72.32,72.32,68.59,69.84,64.57
71.67,71.67,60.05,72.53,65.56
72.46,72.46,53.83,71.20,65.86
72.14,72.14,48.81,72.29,63.60
71.92,71.92,53.81,71.98,65.38
68.53,68.53,59.55,68.86,64.49
64.33,64.33,57.64,72.27,64.84
63.63,63.63,54.28,74.62,65.79
65.05,65.05,52.25,77.43,66.42
64.48,64.48,49.23,75.31,66.72
65.04,65.04,47.10,76.74,66.79
65.13,65.13,44.86,76.63,65.17
66.14,66.14,50.27,74.54,65.84
67.64,67.64,57.34,74.40,66.19
68.61,68.61,66.04,71.11,66.29
69.34,69.34,72.58,69.07,67.07
76.80,76.80,74.45,62.21,60.28
73.86,73.86,77.48,55.50,61.40
72.73,72.73,76.77,48.46,60.02
73.05,73.05,78.84,47.12,60.94
71.69,71.69,79.18,51.80,61.69
72.13,72.13,78.22,53.26,60.89
71.34,71.34,79.92,53.97,63.57
71.97,71.97,77.21,57.02,63.37
72.60,72.60,80.38,58.75,64.50
72.38,72.38,76.17,58.90,62.72
72.60,72.60,77.87,63.83,63.81
73.08,73.08,73.73,68.48,63.01
71.55,71.55,71.52,70.01,63.30
72.86,72.86,67.97,70.76,63.43
71.87,71.87,57.32,68.46,64.19
71.37,71.37,51.10,69.04,64.41
72.60,72.60,48.29,70.47,67.38
73.41,73.41,52.28,69.76,66.12
73.18,73.18,61.47,68.41,67.05
65.87,65.87,61.28,68.69,67.55
65.24,65.24,57.55,70.43,66.91
61.71,61.71,53.77,75.96,66.54
55.27,55.27,50.32,76.43,66.21
54.88,54.88,47.79,75.06,67.00
53.93,53.93,45.71,76.59,65.98
51.79,51.79,49.05,74.95,64.43
50.23,50.23,56.72,76.90,61.41
53.61,53.61,61.38,79.14,57.05
56.37,56.37,76.19,72.71,59.21
64.51,64.51,74.17,69.74,62.36
68.46,68.46,77.89,67.05,63.42
72.51,72.51,75.68,62.54,62.09
73.29,73.29,79.20,64.18,62.11
74.34,74.34,77.69,59.33,62.86
75.49,75.49,75.45,58.37,63.97
76.26,76.26,73.68,51.52,63.25
75.72,75.72,77.85,57.23,64.41
76.37,76.37,75.02,62.54,66.05
76.34,76.34,77.37,61.56,67.17
76.55,76.55,74.82,62.29,65.99
76.13,76.13,74.56,62.41,64.20
76.00,76.00,73.75,68.11,65.84
75.63,75.63,69.91,62.72,67.91
74.96,74.96,65.89,68.25,67.13
74.66,74.66,52.15,71.47,66.71
73.99,73.99,47.87,69.44,65.48
72.01,72.01,47.38,68.83,62.90
65.19,65.19,55.88,69.22,65.57
58.67,58.67,58.34,69.57,66.30
56.72,56.72,55.59,72.59,65.35
55.05,55.05,53.38,76.36,64.90
52.66,52.66,51.27,75.53,64.78
46.63,46.63,47.70,78.45,63.32
45.77,45.77,46.70,76.76,63.66
50.30,50.30,46.71,80.28,63.28
52.26,52.26,53.30,78.08,61.61
58.23,58.23,59.46,76.03,60.69
67.17,67.17,70.82,75.43,59.03
77.17,77.17,72.11,69.60,55.13
75.77,75.77,75.03,68.26,55.27
73.21,73.21,75.79,65.90,57.88
74.94,74.94,76.25,63.54,61.88
75.00,75.00,78.40,60.60,61.63
75.72,75.72,76.15,52.49,62.40
74.48,74.48,77.33,56.84,61.42
75.02,75.02,75.29,60.52,59.44
73.49,73.49,76.96,63.02,61.59
75.48,75.48,75.17,64.94,63.46
76.13,76.13,72.95,65.88,64.18
74.54,74.54,72.68,66.97,65.00
75.33,75.33,66.23,66.83,66.50
75.08,75.08,64.79,66.06,67.47
73.80,73.80,57.75,58.80,66.31
75.75,75.75,56.59,69.13,66.06
75.47,75.47,49.24,64.94,65.33
73.84,73.84,47.95,69.30,64.28
73.86,73.86,55.49,67.22,61.77
75.93,75.93,59.82,70.73,63.29
73.67,73.67,57.80,63.48,63.93
74.50,74.50,54.80,72.88,63.15
75.67,75.67,53.21,70.64,62.59
75.92,75.92,50.50,74.35,61.90
75.70,75.70,47.01,77.78,62.44
75.26,75.26,47.38,74.47,63.24
73.72,73.72,51.32,76.61,59.60
71.31,71.31,57.28,74.22,60.95
70.50,70.50,67.73,77.34,59.68
67.43,67.43,73.70,71.54,57.04
71.08,71.08,73.78,71.78,59.47
70.21,70.21,78.75,67.49,58.67
71.07,71.07,78.34,67.83,60.23
71.61,71.61,76.94,62.24,61.46
70.75,70.75,77.55,66.13,59.50
73.48,73.48,77.40,63.44,60.03
74.74,74.74,77.70,60.24,59.20
68.38,68.38,77.88,60.29,60.41
59.88,59.88,77.13,58.22,63.63
59.30,59.30,78.56,62.18,65.74
55.57,55.57,74.90,61.49,67.19
55.35,55.35,77.64,64.09,67.80
55.50,55.50,72.90,58.03,67.92
56.71,56.71,73.10,66.90,69.07
61.32,61.32,63.97,65.87,70.31
60.52,60.52,59.82,71.76,68.92
61.21,61.21,49.11,68.64,68.13
67.59,67.59,52.44,71.81,68.40
75.08,75.08,56.71,70.55,68.17
74.67,74.67,54.82,66.26,68.13
70.55,70.55,51.10,72.51,65.66
73.44,73.44,49.02,72.21,66.29
73.55,73.55,45.32,76.31,64.88
73.74,73.74,43.12,75.23,65.30
73.46,73.46,42.31,78.66,65.89
72.24,72.24,48.21,75.15,64.75
72.25,72.25,55.56,77.45,64.38
71.36,71.36,64.63,74.32,64.07
71.32,71.32,70.86,74.23,62.65
69.62,69.62,74.33,70.33,62.20
69.83,69.83,76.73,67.09,62.83
70.80,70.80,78.35,64.82,66.01
70.50,70.50,78.54,62.16,64.51
70.63,70.63,77.76,57.92,64.66
71.02,71.02,78.71,53.98,62.55
72.07,72.07,77.67,56.25,64.37
72.02,72.02,77.41,61.29,64.67
72.16,72.16,79.16,58.82,64.37
71.38,71.38,74.82,62.99,65.62
71.24,71.24,76.36,62.21,64.50
70.55,70.55,73.46,62.16,65.26
71.02,71.02,74.59,66.16,65.32
71.18,71.18,70.95,65.73,65.98
71.21,71.21,65.15,67.90,65.21
71.62,71.62,58.00,65.44,63.42
72.92,72.92,54.30,73.62,64.81
72.12,72.12,52.92,68.54,64.50
71.69,71.69,62.19,68.29,65.86
72.44,72.44,62.59,71.91,67.41
71.17,71.17,57.58,67.94,66.16
70.66,70.66,54.20,73.22,66.64
72.58,72.58,50.26,70.56,65.62
72.31,72.31,47.31,74.77,66.34
74.65,74.65,46.37,77.11,66.91
71.24,71.24,49.36,74.13,65.98
70.51,70.51,55.17,77.23,65.04
66.19,66.19,64.11,76.70,62.96
67.14,67.14,73.11,72.66,60.94
69.17,69.17,72.58,73.94,61.11
66.36,66.36,77.43,68.99,63.90
62.51,62.51,77.13,69.12,64.44
68.49,68.49,79.63,67.81,65.61
68.54,68.54,78.85,61.62,66.69
68.66,68.66,77.83,64.31,66.27
71.96,71.96,77.63,60.19,66.96
74.10,74.10,78.66,58.53,64.11
76.09,76.09,74.62,62.81,63.46
68.87,68.87,77.69,62.98,66.58
62.69,62.69,74.37,68.09,67.29
57.86,57.86,74.60,65.00,66.75
57.95,57.95,73.81,56.21,68.25
53.47,53.47,70.77,66.99,67.23
56.02,56.02,69.90,69.48,70.19
53.55,53.55,59.78,65.92,70.06
53.38,53.38,54.85,73.02,68.81
53.41,53.41,51.17,70.57,69.44
53.43,53.43,56.99,63.41,69.56
57.03,57.03,58.60,75.68,70.49
50.23,50.23,56.79,68.41,70.06
53.07,53.07,52.84,69.84,69.18
53.03,53.03,51.16,77.20,66.87
49.53,49.53,47.96,70.30,67.14
52.08,52.08,46.19,76.92,65.09
53.12,53.12,47.29,77.95,66.62
50.52,50.52,55.10,78.78,66.74
48.96,48.96,59.61,76.78,63.40
50.33,50.33,71.36,73.95,62.16
43.08,43.08,74.26,75.80,60.99
44.15,44.15,77.50,72.13,63.10
47.27,47.27,79.10,68.17,61.01
44.52,44.52,79.59,69.08,63.15
46.67,46.67,78.75,65.54,63.01
48.82,48.82,78.86,64.92,66.98
49.91,49.91,80.77,66.41,66.70
55.23,55.23,77.48,58.51,68.44
64.74,64.74,80.36,63.88,67.80
63.21,63.21,76.14,63.83,68.50
55.26,55.26,77.30,64.71,68.85
53.06,53.06,73.12,65.35,67.80
51.22,51.22,70.30,67.10,68.83
52.04,52.04,72.15,66.85,68.13
50.68,50.68,67.57,62.40,67.11
48.82,48.82,63.68,69.37,68.28
45.22,45.22,54.75,71.55,69.59
44.23,44.23,54.69,69.62,70.73
49.63,49.63,61.04,72.16,70.58
49.81,49.81,65.73,73.79,68.04
51.03,51.03,64.18,69.59,68.98
55.53,55.53,61.50,70.88,68.17
50.79,50.79,60.25,77.59,66.84
47.97,47.97,57.99,69.41,67.95
51.61,51.61,56.05,76.19,68.55
56.04,56.04,55.24,80.79,66.02
61.80,61.80,57.61,76.82,64.90
67.64,67.64,62.76,76.82,62.32
74.56,74.56,68.81,76.22,61.30
72.92,72.92,73.62,71.42,58.84
71.12,71.12,73.40,71.79,61.51
73.68,73.68,78.01,66.59,63.95
75.40,75.40,75.90,65.72,65.02
74.64,74.64,76.00,63.75,64.11
75.75,75.75,74.97,64.10,66.07
75.31,75.31,75.69,65.71,64.67
74.09,74.09,78.05,62.22,63.45
74.75,74.75,76.00,54.89,65.21
74.70,74.70,77.43,59.09,63.94
73.56,73.56,74.69,60.02,65.98
75.11,75.11,71.68,67.38,65.77
75.08,75.08,69.14,66.76,67.94
75.59,75.59,64.57,64.41,67.84
76.20,76.20,65.06,62.86,66.51
75.21,75.21,63.50,67.07,65.09
74.28,74.28,53.26,66.66,65.82
74.75,74.75,51.91,66.20,64.77
74.06,74.06,54.10,74.06,63.68
73.45,73.45,60.51,70.01,64.41
73.66,73.66,58.98,70.75,64.82
72.17,72.17,55.31,69.63,63.39
74.22,74.22,53.83,73.06,63.42
74.27,74.27,51.11,70.60,62.71
73.71,73.71,47.35,75.83,64.32
73.01,73.01,47.19,77.00,63.58
72.53,72.53,49.67,75.61,60.86
73.10,73.10,55.17,76.50,61.32
73.11,73.11,61.84,76.82,58.50
72.34,72.34,70.96,72.41,61.54
71.46,71.46,73.53,72.86,58.72
71.15,71.15,75.84,69.44,59.60
71.14,71.14,78.64,65.23,59.97
72.55,72.55,77.92,64.66,60.54
73.61,73.61,77.45,56.62,62.16
74.68,74.68,78.53,61.95,62.35
76.17,76.17,76.09,62.95,60.79
76.94,76.94,76.90,58.60,63.83
76.46,76.46,77.33,61.75,63.10
75.69,75.69,75.19,56.48,65.10
75.94,75.94,76.21,63.84,64.38
75.16,75.16,72.98,64.57,66.54
74.66,74.66,73.60,64.88,64.11
74.49,74.49,64.61,63.49,66.68
75.60,75.60,62.78,63.93,65.23
75.23,75.23,52.51,64.67,62.64
76.10,76.10,49.16,66.68,62.39
77.01,77.01,52.22,66.95,61.99
77.05,77.05,61.85,66.91,63.81
75.56,75.56,62.33,66.28,64.84
75.05,75.05,58.47,69.95,65.77
74.32,74.32,55.19,74.66,66.36
74.06,74.06,52.08,74.60,65.64
73.03,73.03,49.00,73.38,64.95
72.02,72.02,47.05,75.00,64.74
71.10,71.10,48.41,74.76,63.46
70.22,70.22,55.24,73.87,63.10
61.78,61.78,60.99,72.01,61.21
63.07,63.07,73.16,68.65,60.52
62.40,62.40,73.93,65.28,58.33
67.44,67.44,76.20,61.03,56.88
74.41,74.41,78.31,56.64,56.12
71.15,71.15,77.07,59.08,57.94
69.01,69.01,77.32,57.81,59.18
70.20,70.20,77.10,55.15,59.98
69.43,69.43,78.47,53.30,61.07
70.82,70.82,79.45,51.26,62.28
70.80,70.80,76.98,56.26,63.77
70.84,70.84,79.60,53.24,64.86
69.48,69.48,75.75,63.74,66.85
72.29,72.29,77.33,67.01,63.97
73.72,73.72,72.57,64.84,64.88
69.78,69.78,70.84,65.50,65.15
67.72,67.72,62.05,64.80,64.68
67.93,67.93,60.43,67.92,63.95
71.17,71.17,49.19,70.28,64.53
69.63,69.63,50.91,68.58,64.13
62.11,62.11,56.44,66.88,65.61
56.84,56.84,58.90,68.33,67.37
51.81,51.81,55.90,70.03,67.27
51.37,51.37,51.44,76.01,66.80
53.70,53.70,46.16,76.68,65.23
61.17,61.17,41.85,76.92,66.54
64.86,64.86,40.50,78.25,67.23
63.97,63.97,47.61,77.81,66.69
64.25,64.25,51.02,77.02,64.69
65.91,65.91,59.46,73.95,60.62
73.94,73.94,67.65,72.05,59.42
75.47,75.47,73.36,68.25,57.06
77.94,77.94,75.16,63.01,55.79
75.94,75.94,77.73,52.24,56.99
77.53,77.53,76.97,44.33,59.42
76.95,76.95,75.70,47.99,58.51
76.95,76.95,78.28,52.56,59.46
75.82,75.82,77.74,52.65,60.27
73.98,73.98,77.03,56.61,60.23
77.08,77.08,79.13,59.25,63.21
76.87,76.87,76.51,59.28,62.78
76.51,76.51,78.30,61.57,64.88
75.26,75.26,72.94,65.92,64.72
75.89,75.89,75.02,64.96,64.59
76.37,76.37,70.86,66.89,64.46
76.51,76.51,64.37,64.40,64.58
75.70,75.70,59.28,65.00,66.72
73.67,73.67,56.61,68.44,65.46
74.35,74.35,47.28,68.09,64.97
74.10,74.10,51.92,65.57,63.98
73.84,73.84,58.97,64.75,65.52
71.36,71.36,57.66,65.63,64.35
69.48,69.48,53.70,73.18,65.06
68.71,68.71,51.41,76.53,65.05
68.40,68.40,47.62,76.29,67.86
60.84,60.84,45.02,76.93,65.61
59.09,59.09,44.55,76.85,65.93
61.76,61.76,50.31,76.13,67.02
59.78,59.78,56.57,74.79,64.77
58.60,58.60,66.20,73.76,63.59
63.56,63.56,75.28,71.51,61.00
71.21,71.21,72.44,67.72,58.76
71.32,71.32,79.43,63.62,58.69
72.26,72.26,74.82,63.85,60.55
73.78,73.78,77.77,65.21,61.03
72.82,72.82,76.79,61.12,61.40
73.84,73.84,76.36,58.44,61.22
74.47,74.47,79.58,51.42,62.98
76.44,76.44,76.14,55.13,61.82
75.27,75.27,78.45,55.34,63.33
74.00,74.00,75.58,55.75,64.45
74.31,74.31,75.82,62.87,64.57
73.49,73.49,72.84,65.84,65.30
73.40,73.40,72.37,66.92,64.54
72.58,72.58,70.14,67.27,65.52
73.40,73.40,60.40,67.64,62.44
73.34,73.34,53.76,69.35,64.32
73.71,73.71,50.51,70.29,64.76
74.65,74.65,51.53,68.88,63.58
73.03,73.03,58.08,68.00,64.27
72.95,72.95,57.23,68.58,66.74
71.94,71.94,54.41,73.57,65.90
63.08,63.08,52.65,76.97,66.35
63.30,63.30,48.40,77.03,66.16
58.70,58.70,46.04,76.50,68.16
60.31,60.31,44.43,75.14,66.56
61.35,61.35,49.30,75.75,67.06
58.79,58.79,57.19,75.63,63.32
55.71,55.71,63.25,74.32,62.19
57.60,57.60,73.26,72.59,61.59
57.22,57.22,74.11,68.78,58.10
64.40,64.40,79.26,61.83,60.54
68.21,68.21,77.04,58.62,60.18
67.12,67.12,78.94,57.42,60.84
69.47,69.47,79.33,50.25,62.32
70.39,70.39,79.46,54.42,61.73
70.10,70.10,77.59,56.85,62.66
69.22,69.22,79.91,56.64,64.14
70.04,70.04,78.21,56.58,66.11
71.96,71.96,78.76,62.47,66.93
71.09,71.09,76.50,67.36,66.39
70.25,70.25,73.63,70.19,66.34
69.46,69.46,74.55,67.43,66.69
69.23,69.23,68.73,62.66,67.61
69.84,69.84,68.02,67.32,68.15
69.70,69.70,54.43,67.35,66.51
69.30,69.30,50.23,69.21,66.55
69.63,69.63,55.94,65.23,64.88
70.35,70.35,62.11,65.37,65.22
71.06,71.06,63.77,68.90,63.60
67.84,67.84,59.25,71.88,64.01
64.66,64.66,55.74,74.34,65.31
66.11,66.11,52.92,71.23,65.53
64.82,64.82,50.98,74.13,66.93
61.23,61.23,48.36,72.72,65.60
59.66,59.66,52.33,74.82,64.89
53.73,53.73,56.14,71.61,63.90
47.69,47.69,62.63,71.72,62.49
53.51,53.51,73.75,68.09,60.65
54.96,54.96,75.02,56.84,60.97
63.03,63.03,76.21,55.51,61.49
69.46,69.46,79.24,57.74,59.58
72.50,72.50,78.39,59.90,60.53
74.94,74.94,78.56,60.16,61.82
72.12,72.12,76.93,56.43,60.74
71.40,71.40,78.95,56.47,62.06
72.66,72.66,76.99,52.91,63.18
73.81,73.81,77.28,58.74,64.17
73.76,73.76,78.14,57.92,65.49
73.24,73.24,75.48,57.22,62.88
73.86,73.86,76.85,69.90,62.96
74.86,74.86,72.32,67.83,64.62
75.49,75.49,72.60,65.63,63.85
75.06,75.06,64.52,69.05,64.58
75.08,75.08,60.92,67.52,64.89
74.86,74.86,48.92,69.41,65.89
74.87,74.87,49.47,68.27,64.79
73.70,73.70,54.17,68.96,66.44
72.06,72.06,58.03,66.57,68.15
71.79,71.79,56.11,64.64,67.30
71.65,71.65,54.94,72.15,66.17
68.56,68.56,52.12,72.33,66.56
65.27,65.27,48.18,74.31,66.28
59.20,59.20,48.10,73.53,66.38
54.36,54.36,46.93,71.69,65.07
48.72,48.72,51.57,72.79,63.45
51.16,51.16,57.87,70.65,62.88
56.42,56.42,69.32,68.79,61.56
63.35,63.35,73.29,63.27,58.16
73.38,73.38,74.90,57.02,58.80
72.05,72.05,77.60,53.91,59.49
72.38,72.38,79.85,49.55,59.94
72.08,72.08,78.67,49.96,60.42
72.97,72.97,78.16,50.33,60.41
73.92,73.92,77.00,53.15,61.99
73.79,73.79,77.74,56.57,60.30
72.30,72.30,80.04,58.43,61.26
75.53,75.53,76.83,56.68,64.89
77.23,77.23,77.99,58.45,64.55
76.72,76.72,73.91,63.73,63.67
75.36,75.36,75.25,69.26,64.22
72.84,72.84,70.35,66.79,64.90
73.76,73.76,69.68,71.13,65.26
75.48,75.48,58.65,68.97,64.02
77.07,77.07,55.74,70.39,62.29
74.44,74.44,49.33,69.96,63.50
72.46,72.46,51.95,69.01,65.62
72.35,72.35,58.57,70.07,67.03
71.53,71.53,58.62,68.45,66.54
71.37,71.37,57.27,72.28,66.21
71.69,71.69,55.97,75.62,65.79
72.85,72.85,55.56,74.39,64.65
73.38,73.38,54.77,76.54,64.84
64.35,64.35,55.52,74.65,66.50
63.10,63.10,57.66,75.41,64.54
62.58,62.58,60.61,71.28,62.99
61.11,61.11,67.94,72.68,60.08
61.25,61.25,74.89,68.77,59.82
69.42,69.42,73.84,63.91,60.73
71.45,71.45,78.98,57.92,61.67
74.12,74.12,74.78,54.04,61.78
72.79,72.79,76.99,53.39,63.91
73.24,73.24,77.82,53.82,64.56
74.73,74.73,77.88,56.78,64.00
74.38,74.38,77.84,58.91,65.79
74.01,74.01,76.17,56.19,66.83
74.36,74.36,78.70,58.42,66.00
74.86,74.86,75.33,57.73,64.74
73.46,73.46,77.19,66.21,65.03
72.75,72.75,73.53,72.22,66.52
73.38,73.38,73.33,67.78,66.97
74.53,74.53,69.03,70.09,65.87
73.86,73.86,63.15,71.48,64.83
75.78,75.78,50.67,71.39,64.65
78.28,78.28,49.02,71.65,62.81
75.80,75.80,48.62,69.88,61.71
73.80,73.80,54.95,71.01,62.06
70.11,70.11,55.50,69.28,66.15
67.18,67.18,50.97,72.64,64.82
62.15,62.15,45.93,76.12,65.64
62.49,62.49,44.75,74.86,65.55
65.76,65.76,42.96,76.89,67.21
66.13,66.13,43.31,74.59,67.27
64.95,64.95,48.64,76.33,68.60
63.85,63.85,55.77,73.51,69.19
62.88,62.88,62.10,73.33,66.29
63.19,63.19,72.97,69.66,64.23
57.49,57.49,75.04,65.48,60.13
62.77,62.77,79.05,61.23,62.86
69.17,69.17,77.71,51.14,61.56
67.11,67.11,80.03,49.29,62.54
68.32,68.32,79.40,48.97,63.69
67.03,67.03,79.70,52.62,62.12
66.11,66.11,78.46,54.40,63.88
65.69,65.69,81.39,56.52,64.12
66.71,66.71,78.23,59.15,64.76
66.43,66.43,80.12,57.49,65.34
67.50,67.50,75.69,58.82,66.58
68.43,68.43,74.57,68.59,67.06
70.21,70.21,72.26,68.35,66.85
72.47,72.47,66.93,69.03,64.94
75.06,75.06,62.32,71.51,66.43
75.63,75.63,51.02,69.40,65.34
75.40,75.40,47.67,69.46,63.43
76.10,76.10,50.48,68.95,63.53
75.60,75.60,60.10,67.83,64.24
73.94,73.94,63.54,69.64,65.65
69.86,69.86,59.81,71.78,64.75
68.15,68.15,54.11,73.92,63.41
67.35,67.35,52.53,72.38,63.87
69.83,69.83,47.77,76.81,64.24
70.42,70.42,44.11,75.25,66.56
67.26,67.26,45.81,77.73,65.33
64.71,64.71,51.80,78.82,64.37
61.81,61.81,60.07,74.86,62.53
60.78,60.78,71.97,73.71,61.53
63.01,63.01,75.20,70.98,57.00
70.75,70.75,75.69,65.64,58.97
70.32,70.32,78.92,66.97,59.51
72.64,72.64,76.53,61.87,62.29
71.71,71.71,77.84,59.81,62.17
72.25,72.25,77.21,52.60,61.85
71.95,71.95,77.59,46.88,63.82
71.09,71.09,75.02,57.96,64.68
71.26,71.26,78.50,62.77,64.06
72.71,72.71,75.27,63.29,65.59
71.30,71.30,76.65,57.48,65.05
71.96,71.96,74.00,60.08,65.25
73.97,73.97,72.09,67.10,63.26
74.39,74.39,71.79,68.84,64.24
73.74,73.74,66.47,71.19,65.71
74.73,74.73,61.97,67.82,64.48
75.56,75.56,48.86,68.19,66.03
74.70,74.70,50.12,67.88,65.78
73.04,73.04,55.83,71.65,64.53
71.49,71.49,58.34,72.74,67.53
65.71,65.71,55.87,69.18,67.12
59.55,59.55,53.38,74.08,67.28
57.92,57.92,52.26,74.43,67.35
55.09,55.09,48.29,76.89,67.26
50.28,50.28,45.70,80.07,68.17
52.44,52.44,45.66,77.69,67.59
55.17,55.17,51.30,76.71,67.62
52.98,52.98,58.52,77.86,67.53
60.81,60.81,67.25,74.59,62.92
73.57,73.57,71.36,74.78,56.45
75.08,75.08,73.94,68.05,57.37
74.85,74.85,75.85,65.92,58.69
71.72,71.72,76.92,65.87,59.20
71.80,71.80,78.71,60.28,61.98
74.41,74.41,76.36,56.38,60.74
74.25,74.25,73.23,51.65,61.18
74.67,74.67,76.23,58.90,61.11
73.14,73.14,75.81,62.01,64.48
74.58,74.58,74.89,64.60,64.81
72.92,72.92,76.28,66.49,65.71
75.88,75.88,71.92,68.78,63.84
77.09,77.09,71.71,66.21,65.34
76.68,76.68,64.66,64.54,65.39
73.63,73.63,58.87,61.25,65.59
72.92,72.92,53.66,63.61,65.46
73.88,73.88,49.44,66.03,63.97
75.62,75.62,47.26,65.96,63.16
72.53,72.53,50.87,72.69,64.01
72.89,72.89,60.53,67.58,64.59
75.19,75.19,59.12,69.03,64.18
72.55,72.55,55.20,67.58,64.58
75.70,75.70,52.40,71.06,63.63
73.65,73.65,49.26,74.60,64.08
72.63,72.63,44.93,73.99,63.76
73.14,73.14,43.48,76.27,65.06
73.69,73.69,49.21,74.41,65.00
74.38,74.38,55.57,77.68,63.99
73.08,73.08,64.36,73.25,61.34
72.30,72.30,73.53,74.51,60.80
69.60,69.60,72.80,68.76,58.92
70.32,70.32,77.20,69.79,59.28
71.47,71.47,77.45,64.90,59.56
72.75,72.75,75.44,62.70,58.88
74.07,74.07,76.72,62.73,58.52
72.02,72.02,79.07,65.35,57.19
72.85,72.85,76.16,62.11,59.35
75.17,75.17,76.45,60.84,59.16
67.62,67.62,79.51,55.00,61.30
57.07,57.07,77.67,53.20,64.92
56.23,56.23,78.72,54.22,65.29
52.60,52.60,75.00,59.95,66.96
53.04,53.04,75.38,65.36,68.77
56.76,56.76,69.56,65.27,70.21
56.00,56.00,66.19,70.37,69.56
57.97,57.97,57.05,69.08,68.50
58.50,58.50,46.89,70.58,68.07
64.06,64.06,47.28,70.86,66.44
76.73,76.73,55.20,69.72,66.18
73.09,73.09,54.03,67.92,65.33
70.74,70.74,50.18,70.88,64.86
69.26,69.26,47.77,73.70,64.92
71.79,71.79,43.66,73.73,63.61
72.61,72.61,41.15,77.72,65.15
71.81,71.81,40.47,75.27,63.20
71.61,71.61,43.91,78.60,63.06
72.08,72.08,51.56,76.26,62.75
71.73,71.73,60.20,75.45,61.71
70.35,70.35,70.99,74.15,62.30
68.81,68.81,73.05,71.21,60.69
69.90,69.90,75.94,68.21,61.58
70.87,70.87,77.53,65.65,62.71
70.90,70.90,79.47,65.11,62.63
70.94,70.94,78.98,56.16,64.44
70.02,70.02,76.33,53.59,63.04
70.50,70.50,76.16,58.14,63.05
70.11,70.11,79.22,55.74,65.81
70.49,70.49,76.85,59.94,65.93
70.66,70.66,78.58,56.48,67.08
70.91,70.91,73.48,61.30,66.30
71.65,71.65,74.79,61.90,64.40
71.81,71.81,73.73,59.12,65.72
71.38,71.38,71.20,66.47,66.26
71.64,71.64,70.31,66.91,63.68
72.67,72.67,62.84,64.88,63.58
72.96,72.96,54.75,71.49,65.03
72.66,72.66,54.37,71.52,62.48
72.21,72.21,62.50,67.49,63.81
70.66,70.66,66.15,71.76,66.55
71.97,71.97,61.89,67.37,64.64
71.64,71.64,58.38,69.25,63.07
71.47,71.47,55.44,73.56,64.28
70.39,70.39,52.79,71.87,65.09
72.44,72.44,52.43,76.08,65.36
75.11,75.11,52.29,77.18,63.11
73.32,73.32,54.74,74.33,63.88
71.98,71.98,62.42,76.79,62.24
67.54,67.54,70.11,75.79,58.63
69.28,69.28,74.15,72.67,57.69
68.75,68.75,74.95,70.81,60.28
64.69,64.69,79.16,68.95,61.91
69.63,69.63,77.67,66.69,61.47
72.35,72.35,77.24,60.80,61.86
71.80,71.80,79.27,61.43,62.13
74.03,74.03,80.15,60.66,62.71
73.68,73.68,76.42,52.46,62.61
75.00,75.00,78.57,60.07,62.79
71.17,71.17,74.45,63.93,65.15
63.05,63.05,76.94,68.26,67.43
58.50,58.50,74.77,65.07,68.09
57.05,57.05,71.61,60.86,69.06
55.08,55.08,73.18,68.83,69.92
56.74,56.74,66.44,65.89,70.64
56.33,56.33,63.37,70.44,68.74
53.71,53.71,55.10,70.39,68.48
53.39,53.39,54.85,69.87,68.41
50.06,50.06,60.11,72.22,67.76
52.81,52.81,64.82,65.87,69.48
53.76,53.76,61.30,71.75,67.73
52.73,52.73,57.26,71.79,67.76
54.17,54.17,54.72,74.73,67.79
52.22,52.22,53.04,71.79,67.66
51.21,51.21,51.90,75.21,67.01
52.15,52.15,52.45,79.87,67.88
55.22,55.22,57.89,76.71,66.67
53.93,53.93,62.58,75.88,62.46
56.52,56.52,72.07,78.21,61.42
66.40,66.40,72.06,72.13,58.88
70.84,70.84,75.76,72.86,59.96
68.90,68.90,78.21,71.33,60.75
71.14,71.14,78.01,65.89,60.55
71.49,71.49,78.94,65.10,59.41
69.26,69.26,78.54,64.22,58.92
74.18,74.18,78.19,59.87,57.04
75.81,75.81,79.60,55.64,57.82
72.45,72.45,76.51,58.99,61.87
70.88,70.88,78.55,63.24,63.58
72.60,72.60,74.93,63.25,67.28
77.23,77.23,73.36,65.62,66.45
75.85,75.85,73.13,64.95,66.16
69.62,69.62,69.60,64.05,65.26
64.67,64.67,70.28,58.77,65.08
59.45,59.45,65.49,70.53,67.25
61.37,61.37,60.15,68.19,67.15
62.03,62.03,53.49,65.59,68.01
60.39,60.39,52.88,75.61,66.61
69.12,69.12,60.88,70.01,68.64
74.30,74.30,58.13,69.08,67.47
75.55,75.55,54.48,72.81,65.15
75.57,75.57,51.52,72.07,64.05
74.45,74.45,47.81,69.38,63.57
72.68,72.68,44.22,76.92,62.84
73.92,73.92,42.49,76.57,64.09
74.29,74.29,48.83,76.14,62.39
75.02,75.02,56.07,75.83,62.44
75.68,75.68,62.42,77.41,58.49
73.43,73.43,74.28,72.23,57.98
72.08,72.08,73.48,71.17,52.28
73.85,73.85,78.79,68.86,53.05
74.42,74.42,76.57,62.34,54.80
74.14,74.14,77.70,57.61,56.17
76.14,76.14,76.81,54.42,57.32
76.92,76.92,78.71,53.53,56.95
76.59,76.59,75.34,53.11,57.60
75.42,75.42,77.85,52.15,55.02
73.82,73.82,77.56,49.06,59.24
75.13,75.13,77.26,46.01,60.07
73.11,73.11,77.88,45.73,62.72
73.28,73.28,73.70,48.42,60.29
73.28,73.28,75.05,48.39,59.59
74.79,74.79,69.24,48.71,62.68
76.07,76.07,63.96,51.37,63.41
75.80,75.80,50.45,46.59,64.86
76.82,76.82,43.09,44.21,65.96
77.65,77.65,40.21,40.98,63.60
75.35,75.35,41.85,44.94,63.20
76.42,76.42,43.48,54.86,62.42
77.04,77.04,45.95,65.05,62.44
75.41,75.41,48.84,68.24,62.66
70.74,70.74,50.92,71.55,61.92
66.93,66.93,51.73,75.80,63.07
66.58,66.58,52.69,78.14,62.45
67.20,67.20,53.08,79.17,60.71
65.25,65.25,56.72,81.26,60.97
63.82,63.82,62.58,77.76,60.85
65.89,65.89,69.86,67.74,63.76
69.25,69.25,71.34,56.21,62.88
75.53,75.53,74.39,48.64,61.91
77.57,77.57,76.70,47.95,61.46
76.88,76.88,77.08,52.58,61.27
73.42,73.42,77.92,48.76,63.54
64.87,64.87,77.03,51.81,62.99
65.48,65.48,77.66,54.92,64.75
65.66,65.66,77.42,58.19,65.51
69.71,69.71,76.64,59.63,66.38
73.45,73.45,78.94,54.31,67.09
72.72,72.72,74.12,59.81,69.05
73.80,73.80,76.45,62.90,66.73
74.01,74.01,71.60,60.97,66.52
70.54,70.54,70.17,62.97,63.76
64.06,64.06,62.83,62.76,65.13
64.16,64.16,60.03,65.61,66.11
66.24,66.24,52.28,67.20,64.88
70.31,70.31,49.93,67.42,66.29
72.60,72.60,49.03,67.08,66.34
72.19,72.19,50.14,66.72,68.77
70.04,70.04,50.14,67.69,68.09
69.75,69.75,49.73,70.93,67.59
67.36,67.36,48.74,74.92,67.82
61.95,61.95,48.55,75.35,68.32
63.54,63.54,47.53,75.24,66.92
61.76,61.76,50.17,75.65,66.07
63.84,63.84,56.83,75.44,66.23
65.12,65.12,63.53,72.77,64.21
68.60,68.60,71.02,70.37,61.82
73.04,73.04,74.39,66.28,61.99
75.84,75.84,72.09,60.57,63.09
73.66,73.66,77.69,59.18,62.47
73.09,73.09,76.31,58.99,62.75
71.96,71.96,75.37,60.10,62.68
64.43,64.43,77.38,57.28,63.38
62.44,62.44,77.55,55.18,62.09
62.54,62.54,77.06,49.93,61.85
65.69,65.69,79.58,57.30,62.94
71.33,71.33,76.84,58.58,65.26
74.64,74.64,78.76,58.27,64.19
77.16,77.16,73.24,67.41,64.57
76.58,76.58,74.92,65.09,64.65
74.83,74.83,69.62,66.21,64.83
70.10,70.10,66.89,64.03,63.46
64.77,64.77,57.71,65.96,66.26
64.98,64.98,53.65,69.92,65.79
66.81,66.81,48.36,69.43,66.21
66.41,66.41,50.79,68.06,66.91
72.54,72.54,54.81,69.56,68.70
71.45,71.45,53.11,67.69,66.91
71.50,71.50,50.38,72.71,68.01
70.66,70.66,48.78,76.57,66.85
69.37,69.37,48.35,76.20,66.28
64.02,64.02,46.34,76.24,65.53
62.93,62.93,46.47,76.26,67.35
61.27,61.27,52.39,75.44,67.32
60.67,60.67,58.50,75.60,65.64
61.44,61.44,68.52,73.36,64.06
64.30,64.30,72.22,69.35,61.11
77.17,77.17,74.73,64.50,60.65
74.66,74.66,77.69,54.20,59.33
75.56,75.56,75.78,45.72,60.10
73.25,73.25,76.50,46.83,61.56
73.40,73.40,76.23,49.68,59.90
73.95,73.95,77.02,53.73,59.43
75.51,75.51,79.59,55.74,60.35
73.62,73.62,75.86,58.38,62.16
74.30,74.30,78.86,57.46,62.53
74.92,74.92,75.31,58.26,62.02
73.10,73.10,76.20,65.75,63.39
74.50,74.50,72.41,63.41,62.54
76.42,76.42,71.81,62.32,61.66
72.96,72.96,67.67,63.20,61.18
72.38,72.38,58.40,64.02,62.50
69.73,69.73,53.92,68.20,63.45
63.73,63.73,50.33,65.74,62.16
59.02,59.02,49.01,64.95,61.70
65.10,65.10,58.12,67.04,65.06
70.02,70.02,56.97,65.81,65.88
72.58,72.58,52.18,72.25,64.10
74.56,74.56,49.02,76.84,62.80
74.86,74.86,46.43,75.43,62.94
73.54,73.54,42.84,74.27,63.58
73.04,73.04,40.39,75.64,64.48
72.93,72.93,44.10,75.68,61.73
72.46,72.46,52.94,74.36,59.67
72.75,72.75,61.01,72.99,60.37
72.30,72.30,72.93,71.46,60.61
71.33,71.33,72.52,67.29,57.42
70.77,70.77,77.46,63.73,57.73
70.73,70.73,75.12,60.15,57.21
71.04,71.04,78.12,62.09,59.05
71.49,71.49,77.64,60.89,58.13
72.89,72.89,77.28,57.80,60.72
74.08,74.08,76.70,51.61,62.25
70.45,70.45,79.67,54.24,62.42
67.21,67.21,76.53,53.73,61.45
67.78,67.78,78.67,58.27,62.53
69.02,69.02,76.48,63.62,62.17
71.01,71.01,74.78,64.29,61.70
71.42,71.42,74.80,67.52,61.13
69.42,69.42,70.75,67.80,60.81
68.35,68.35,65.75,67.84,62.11
68.25,68.25,57.10,68.41,61.15
67.16,67.16,52.83,69.39,62.09
68.09,68.09,49.73,70.04,63.92
68.89,68.89,55.54,70.05,64.83
70.05,70.05,56.73,66.84,67.72
74.19,74.19,52.56,72.77,64.96
70.34,70.34,50.37,76.40,63.00
69.50,69.50,48.82,75.03,62.63
70.44,70.44,45.89,75.97,63.14
71.05,71.05,44.37,76.48,63.12
71.26,71.26,48.33,76.33,62.30
69.26,69.26,56.09,75.51,61.80
66.62,66.62,62.12,73.43,58.82
67.35,67.35,71.32,70.94,61.09
69.94,69.94,72.96,69.33,57.75
76.08,76.08,77.51,63.59,60.10
76.93,76.93,75.98,53.28,60.45
75.94,75.94,75.65,52.85,60.48
73.65,73.65,77.46,50.76,62.43
73.62,73.62,78.12,50.44,62.31
69.09,69.09,79.65,53.85,59.48
68.40,68.40,77.11,57.75,60.44
71.02,71.02,78.87,60.41,61.23
75.72,75.72,77.74,58.09,63.11
74.09,74.09,75.32,61.85,62.57
74.75,74.75,75.59,67.71,63.17
77.58,77.58,71.45,66.92,61.92
74.59,74.59,71.68,62.71,62.77
66.96,66.96,65.70,63.07,61.27
65.21,65.21,62.59,68.07,62.32
62.73,62.73,47.17,68.91,62.49
64.09,64.09,46.70,68.97,63.28
68.51,68.51,53.14,68.23,63.04
69.54,69.54,56.66,66.62,65.14
72.84,72.84,52.63,71.77,64.73
73.57,73.57,48.34,72.50,64.79
72.06,72.06,45.13,73.23,64.35
71.98,71.98,43.34,72.54,63.96
70.55,70.55,41.33,72.39,65.40
69.81,69.81,44.07,73.75,64.39
67.47,67.47,49.18,71.13,62.85
66.44,66.44,58.29,71.93,62.82
65.44,65.44,69.42,67.28,60.85
71.79,71.79,75.60,62.61,61.39
76.46,76.46,72.98,51.26,58.90
74.38,74.38,77.49,49.22,57.47
74.89,74.89,77.76,51.34,59.83
71.69,71.69,77.61,53.10,60.77
71.44,71.44,76.89,49.68,59.99
68.50,68.50,77.08,51.20,59.54
65.09,65.09,77.25,54.47,59.84
67.78,67.78,78.91,56.06,61.17
74.21,74.21,76.07,56.94,61.24
77.09,77.09,78.63,57.19,61.05
77.41,77.41,73.94,66.51,60.21
77.65,77.65,74.81,65.87,60.32
73.13,73.13,70.07,68.19,62.39
66.60,66.60,69.50,69.58,62.26
64.37,64.37,59.38,69.86,61.83
65.96,65.96,50.45,69.80,63.24
67.87,67.87,50.35,68.80,64.23
68.86,68.86,49.19,70.12,66.60
73.95,73.95,52.98,68.21,66.66
73.90,73.90,51.22,65.86,66.25
73.37,73.37,47.40,71.36,64.24
74.25,74.25,45.63,70.28,64.13
73.88,73.88,42.04,72.99,65.64
74.42,74.42,41.02,71.98,63.00
76.03,76.03,39.53,74.04,62.15
75.27,75.27,47.80,70.16,62.17
75.33,75.33,58.25,71.09,60.25
69.06,69.06,67.59,68.80,63.54
69.40,69.40,70.61,63.41,59.39
69.92,69.92,73.80,57.85,58.16
70.55,70.55,77.37,51.92,56.61
67.81,67.81,79.88,49.75,56.82
65.90,65.90,78.79,45.37,55.73
64.36,64.36,79.36,52.87,57.30
65.00,65.00,79.09,52.91,58.58
64.74,64.74,79.85,53.84,57.97
65.36,65.36,77.83,57.00,60.34
66.51,66.51,80.87,56.97,61.28
66.54,66.54,76.98,61.59,64.81
67.82,67.82,79.07,65.76,62.50
69.03,69.03,74.35,71.34,62.73
69.58,69.58,74.24,69.95,64.68
69.03,69.03,68.61,71.14,64.03
69.56,69.56,63.24,70.71,64.21
67.92,67.92,54.16,72.83,63.72
64.68,64.68,49.36,71.02,63.10
63.02,63.02,51.80,71.89,63.28
65.06,65.06,59.68,70.88,66.17
62.28,62.28,60.42,68.76,67.90
60.00,60.00,58.85,73.68,67.43
61.28,61.28,59.17,75.18,68.31
65.36,65.36,57.62,76.98,67.94
67.66,67.66,58.93,75.14,67.25
66.36,66.36,59.82,75.81,68.82
63.53,63.53,60.82,76.04,68.34
62.40,62.40,63.61,74.85,66.22
57.48,57.48,67.21,72.83,64.08
53.59,53.59,75.85,68.03,62.02
53.73,53.73,75.04,66.26,57.77
60.54,60.54,77.71,59.20,57.73
63.77,63.77,76.46,48.38,58.45
63.84,63.84,79.48,48.86,58.80
65.71,65.71,78.83,55.13,58.43
70.02,70.02,77.88,56.79,59.40
70.86,70.86,75.82,59.44,61.45
69.62,69.62,80.09,57.68,63.13
71.17,71.17,76.42,60.03,63.19
71.73,71.73,79.75,58.79,64.36
71.49,71.49,75.93,64.17,66.85
68.09,68.09,76.59,71.90,65.87
69.49,69.49,72.59,69.50,65.90
68.42,68.42,69.81,70.25,65.74
69.04,69.04,66.87,72.23,64.58
67.21,67.21,58.04,72.50,63.62
67.86,67.86,48.87,71.16,64.69
68.00,68.00,49.92,72.81,63.55
66.05,66.05,55.82,71.00,65.72
66.80,66.80,58.23,70.40,68.02
69.25,69.25,55.84,72.11,67.94
70.49,70.49,52.53,73.87,65.44
70.27,70.27,50.47,77.36,65.72
70.06,70.06,46.73,76.22,63.97
67.99,67.99,44.47,76.96,63.88
66.86,66.86,46.88,75.50,62.88
68.51,68.51,52.91,73.08,60.98
69.84,69.84,60.93,74.06,61.75
68.18,68.18,69.71,69.71,61.74
70.35,70.35,73.07,67.05,63.28
72.70,72.70,76.11,58.71,60.59
73.26,73.26,76.00,46.49,58.33
73.07,73.07,77.28,44.88,59.86
72.67,72.67,77.81,47.35,59.81
72.07,72.07,78.76,50.54,59.07
68.63,68.63,80.08,53.52,60.05
64.32,64.32,77.85,54.73,60.78
66.72,66.72,80.34,55.60,61.88
72.69,72.69,77.58,57.50,64.46
70.95,70.95,77.46,54.26,64.30
70.77,70.77,76.75,64.89,63.53
73.76,73.76,73.05,66.42,65.26
72.70,72.70,72.43,66.47,64.91
72.05,72.05,61.71,69.74,62.72
71.65,71.65,51.16,69.38,60.39
64.67,64.67,42.91,66.73,62.54
62.73,62.73,45.99,66.28,64.17
65.37,65.37,54.35,72.62,65.55
71.73,71.73,61.50,71.21,68.63
72.29,72.29,57.67,67.97,67.23
71.02,71.02,52.11,72.23,68.00
71.42,71.42,48.75,71.06,67.56
70.75,70.75,44.58,73.72,66.19
64.46,64.46,42.80,78.92,63.64
62.11,62.11,42.89,75.63,61.55
62.86,62.86,49.60,74.60,61.39
63.01,63.01,57.63,77.09,62.13
65.19,65.19,68.00,72.98,61.46
66.16,66.16,74.96,72.73,60.51
72.87,72.87,73.23,70.52,60.75
72.94,72.94,79.44,61.48,59.59
73.68,73.68,74.65,62.56,62.08
73.23,73.23,78.51,59.56,61.84
72.81,72.81,76.88,53.54,62.89
70.33,70.33,75.72,51.54,62.44
64.88,64.88,77.72,55.54,62.91
63.41,63.41,76.11,60.68,63.09
71.81,71.81,77.19,62.94,65.47
75.57,75.57,76.64,59.96,67.12
76.42,76.42,74.23,61.70,63.33
76.56,76.56,74.68,67.43,61.22
75.45,75.45,68.52,70.97,63.17
71.63,71.63,68.30,69.05,62.15
66.89,66.89,60.54,68.92,61.95
65.77,65.77,49.32,67.68,61.17
68.37,68.37,45.34,69.14,63.59
68.57,68.57,49.62,74.24,64.67
71.08,71.08,55.51,69.95,66.58
72.63,72.63,54.19,69.25,67.07
71.01,71.01,50.82,71.38,64.61
70.07,70.07,49.71,76.40,65.35
67.85,67.85,47.83,77.95,64.36
66.01,66.01,46.35,76.96,64.43
65.38,65.38,44.64,77.69,66.57
64.09,64.09,48.92,76.95,65.98
65.64,65.64,57.62,76.19,66.00
63.19,63.19,65.93,78.94,62.94
64.42,64.42,72.60,73.90,59.59
70.72,70.72,73.98,69.19,56.44
74.30,74.30,75.77,68.12,57.38
76.04,76.04,77.26,62.68,57.86
76.17,76.17,76.79,63.90,56.68
75.86,75.86,77.37,53.01,58.73
75.70,75.70,76.47,51.34,58.78
77.83,77.83,74.83,56.31,59.29
76.60,76.60,75.53,59.39,61.23
75.34,75.34,77.47,65.01,62.01
74.65,74.65,74.68,64.22,63.24
73.38,73.38,75.66,68.19,62.39
72.94,72.94,69.61,66.36,62.35
72.08,72.08,68.61,66.50,63.14
73.04,73.04,61.15,67.02,63.26
74.35,74.35,57.66,61.19,63.80
74.65,74.65,52.91,63.37,64.73
73.38,73.38,49.21,72.63,62.88
73.92,73.92,50.03,65.96,62.20
72.78,72.78,55.94,68.77,62.32
71.76,71.76,55.39,67.02,66.77
73.41,73.41,52.57,67.00,66.30
72.93,72.93,50.60,73.12,66.09
72.36,72.36,47.25,70.76,66.52
73.17,73.17,43.84,76.21,66.55
72.57,72.57,42.41,74.24,65.13
72.38,72.38,46.53,78.88,64.96
72.98,72.98,53.17,73.78,65.00
74.28,74.28,59.29,76.32,63.61
74.83,74.83,70.93,72.43,61.13
72.53,72.53,72.14,72.65,59.02
70.89,70.89,76.93,68.53,58.45
69.54,69.54,77.83,67.27,58.50
67.85,67.85,79.32,62.64,59.65
71.47,71.47,77.22,64.58,56.99
67.98,67.98,77.95,62.42,57.14
63.67,63.67,77.61,63.01,60.41
64.28,64.28,79.62,57.43,59.49
63.45,63.45,77.05,56.68,61.21
66.86,66.86,79.87,59.59,63.43
69.27,69.27,75.97,58.85,65.07
69.30,69.30,77.95,61.70,64.26
71.33,71.33,74.03,59.90,65.74
71.39,71.39,75.16,63.10,65.64
70.99,70.99,67.29,66.23,64.40
68.29,68.29,61.99,69.70,67.33
67.35,67.35,51.39,69.38,65.16
67.17,67.17,48.88,69.49,66.54
69.36,69.36,55.41,70.73,65.83
74.48,74.48,57.28,68.11,65.52
76.24,76.24,52.57,70.00,64.13
73.52,73.52,48.90,72.31,63.22
74.04,74.04,45.43,76.78,61.96
67.75,67.75,45.78,73.56,63.58
64.49,64.49,44.10,78.49,65.14
61.22,61.22,45.90,76.78,65.56
60.23,60.23,53.05,77.22,63.60
59.10,59.10,60.63,76.70,61.15
61.28,61.28,69.67,75.15,63.06
66.83,66.83,73.05,72.81,62.27
65.66,65.66,76.25,66.99,59.68
67.42,67.42,78.48,68.35,59.86
68.17,68.17,78.95,63.66,59.49
70.83,70.83,78.58,61.81,59.17
73.89,73.89,79.00,51.40,58.50
71.22,71.22,77.67,57.85,60.59
68.09,68.09,76.57,58.50,60.62
66.20,66.20,80.24,62.84,64.84
67.25,67.25,75.62,58.38,69.63
72.04,72.04,77.07,62.32,66.66
71.97,71.97,74.23,63.36,67.24
71.95,71.95,72.99,59.60,65.69
70.81,70.81,74.53,69.81,66.91
68.44,68.44,67.22,66.18,66.67
65.82,65.82,62.50,71.91,66.86
68.92,68.92,50.49,68.52,66.74
69.86,69.86,44.89,68.93,67.36
66.97,66.97,50.52,75.01,67.52
70.49,70.49,59.77,66.83,67.28
77.74,77.74,55.55,67.88,66.03
77.91,77.91,50.27,73.16,62.90
77.69,77.69,46.27,67.44,65.17
75.11,75.11,41.91,74.17,63.14
75.46,75.46,40.27,71.78,64.84
71.06,71.06,41.07,75.97,63.19
65.57,65.57,48.26,78.35,64.05
65.90,65.90,56.02,74.28,64.24
66.82,66.82,66.80,76.38,62.38
69.19,69.19,74.99,74.41,62.86
70.41,70.41,71.91,69.17,61.68
70.94,70.94,79.12,69.48,61.31
71.08,71.08,75.31,67.52,61.36
69.27,69.27,77.82,61.42,60.45
66.07,66.07,78.20,65.00,62.01
66.21,66.21,77.81,63.81,62.72
66.78,66.78,79.56,50.28,64.76
67.92,67.92,76.62,60.68,63.22
70.04,70.04,78.32,64.13,65.76
73.26,73.26,74.73,64.47,65.35
75.38,75.38,74.16,62.89,65.46
76.09,76.09,74.00,58.42,65.77
75.72,75.72,71.26,66.53,63.46
74.61,74.61,72.73,62.44,62.98
74.93,74.93,64.48,68.54,64.61
74.94,74.94,58.69,67.28,65.63
69.47,69.47,47.88,68.07,64.19
64.19,64.19,45.95,71.98,64.27
71.24,71.24,52.51,67.80,66.10
72.11,72.11,52.41,69.33,64.53
72.86,72.86,47.50,72.98,64.89
71.12,71.12,46.26,68.48,62.78
70.34,70.34,44.64,68.46,64.35
71.30,71.30,42.47,78.67,63.41
70.58,70.58,40.33,75.29,63.93
72.37,72.37,45.94,76.75,62.58
71.63,71.63,55.73,77.84,60.22
72.14,72.14,61.20,75.40,59.06
74.54,74.54,71.76,73.82,58.85
72.06,72.06,73.49,71.27,56.49
71.07,71.07,78.27,70.14,57.67
68.89,68.89,78.46,69.32,56.66
67.57,67.57,78.65,64.66,57.64
65.34,65.34,77.99,63.89,55.39
63.27,63.27,80.78,63.71,56.91
64.28,64.28,77.93,59.77,58.22
62.49,62.49,80.47,61.18,61.31
63.30,63.30,77.67,63.84,63.39
63.58,63.58,77.60,63.48,65.91
61.01,61.01,76.31,67.14,66.55
58.63,58.63,71.62,64.81,65.88
57.73,57.73,72.51,65.25,66.96
55.28,55.28,69.27,61.39,66.47
55.62,55.62,65.67,69.14,66.89
58.13,58.13,56.12,68.02,64.53
66.26,66.26,51.56,74.32,64.28
69.50,69.50,48.17,68.60,65.50
70.21,70.21,54.84,69.85,63.83
72.24,72.24,56.67,72.54,67.77
71.36,71.36,54.87,71.98,67.23
68.18,68.18,53.47,70.28,66.85
69.70,69.70,50.74,70.27,66.22
67.30,67.30,49.94,77.55,63.65
65.13,65.13,49.54,75.46,64.86
65.57,65.57,51.66,76.39,63.72
66.23,66.23,57.75,80.84,64.24
66.82,66.82,64.82,74.57,61.36
66.94,66.94,73.75,74.26,60.08
66.71,66.71,75.82,74.27,57.15
72.57,72.57,76.35,67.18,61.58
72.00,72.00,76.94,65.94,62.28
72.58,72.58,77.39,62.93,62.84
74.43,74.43,74.80,60.42,61.17
75.75,75.75,75.15,64.64,61.84
75.91,75.91,77.27,60.46,62.26
74.65,74.65,76.46,61.27,60.93
75.49,75.49,75.89,52.82,60.79
76.29,76.29,75.92,59.90,60.49
72.91,72.91,73.47,63.38,60.99
77.49,77.49,70.83,66.76,61.74
75.04,75.04,62.11,65.16,60.60
69.75,69.75,65.95,66.04,62.14
70.20,70.20,66.03,65.58,60.74
67.56,67.56,57.64,64.70,63.25
68.20,68.20,54.75,74.07,62.22
70.32,70.32,52.23,67.77,62.69
72.59,72.59,52.80,71.66,64.36
74.48,74.48,57.50,74.33,65.44
72.37,72.37,55.70,71.46,65.35
74.10,74.10,51.21,68.18,62.26
76.21,76.21,48.56,73.02,61.19
75.03,75.03,45.80,74.21,59.40
72.46,72.46,43.51,74.77,60.47
71.58,71.58,43.99,77.90,60.07
75.37,75.37,50.77,77.77,58.44
70.22,70.22,58.52,76.68,57.89
67.50,67.50,66.87,74.67,56.64
65.15,65.15,70.80,74.86,56.41
67.30,67.30,74.96,69.47,55.40
69.68,69.68,77.29,67.28,56.98
71.00,71.00,79.58,68.50,60.61
71.05,71.05,78.07,59.78,61.77
71.85,71.85,77.89,54.91,62.65
71.42,71.42,77.78,61.52,63.78
70.09,70.09,76.61,59.27,62.51
69.68,69.68,79.80,60.85,64.54
71.03,71.03,76.19,58.62,64.38
70.92,70.92,77.24,61.71,66.90
70.88,70.88,73.42,68.80,64.07
69.25,69.25,76.12,60.42,65.53
69.34,69.34,69.87,64.90,63.24
67.28,67.28,67.88,63.22,64.69
65.74,65.74,61.69,66.71,63.12
68.15,68.15,51.92,66.59,62.61
69.83,69.83,47.67,68.26,62.61
70.38,70.38,47.22,67.21,63.65
70.37,70.37,51.07,68.64,65.05
69.47,69.47,48.04,68.92,66.13
70.73,70.73,48.64,71.40,66.67
71.45,71.45,48.91,76.29,65.53
70.41,70.41,44.92,75.62,64.46
69.40,69.40,42.79,74.97,65.00
69.64,69.64,46.72,74.12,65.05
67.90,67.90,52.07,75.63,62.27
65.61,65.61,60.15,74.56,60.23
65.34,65.34,68.31,72.03,59.57
69.09,69.09,74.75,67.88,58.28
70.75,70.75,73.53,62.80,57.40
71.35,71.35,78.01,56.75,56.24
75.28,75.28,74.66,55.67,57.65
74.75,74.75,75.96,55.13,57.75
73.86,73.86,76.61,53.41,59.64
73.23,73.23,77.23,55.56,60.77
70.52,70.52,78.96,52.16,61.71
71.26,71.26,75.87,57.88,62.05
73.74,73.74,79.04,59.29,63.77
75.00,75.00,76.10,55.50,64.64
73.88,73.88,76.93,66.79,63.83
73.87,73.87,72.95,62.86,63.46
73.32,73.32,72.74,64.26,62.24
75.28,75.28,67.21,65.37,61.30
75.00,75.00,62.87,65.89,60.98
73.76,73.76,56.28,67.56,61.02
75.10,75.10,48.28,68.82,63.39
71.30,71.30,50.19,68.70,62.69
66.32,66.32,56.41,67.29,64.12
65.05,65.05,56.37,67.13,64.94
66.68,66.68,51.77,73.01,66.82
67.70,67.70,46.21,76.76,65.43
67.94,67.94,42.75,75.82,66.13
68.63,68.63,42.19,76.54,64.60
69.84,69.84,39.65,76.76,64.30
69.16,69.16,45.74,76.74,62.87
69.19,69.19,57.09,75.63,61.74
66.96,66.96,63.14,74.39,59.35
68.96,68.96,72.96,69.91,60.78
70.75,70.75,72.58,65.79,59.75
75.93,75.93,77.40,60.39,60.33
75.91,75.91,76.60,48.37,59.64
77.40,77.40,76.96,48.31,61.20
76.35,76.35,77.30,43.41,59.78
76.08,76.08,76.89,50.91,60.32
76.77,76.77,76.56,55.58,60.13
76.96,76.96,78.44,57.52,57.99
76.53,76.53,75.53,59.44,60.59
76.79,76.79,77.96,57.18,61.78
78.28,78.28,74.03,61.14,63.00
77.63,77.63,73.92,63.02,62.27
77.27,77.27,72.50,64.02,62.33
75.78,75.78,68.70,64.79,64.24
76.45,76.45,63.97,62.83,64.34
77.61,77.61,54.00,62.46,63.50
78.23,78.23,48.56,64.74,64.79
75.88,75.88,46.80,63.71,63.62
74.97,74.97,54.66,65.92,63.94
77.49,77.49,57.21,64.12,63.20
74.57,74.57,53.49,69.62,62.88
69.42,69.42,50.01,74.55,63.29
69.09,69.09,48.71,75.78,62.50
70.21,70.21,45.93,76.00,65.29
68.03,68.03,45.19,76.43,63.97
60.91,60.91,48.08,76.06,63.00
59.11,59.11,52.80,74.44,62.79
58.67,58.67,60.08,73.03,61.12
62.01,62.01,70.78,72.28,64.11
64.80,64.80,73.83,70.10,60.20
67.96,67.96,75.44,67.24,61.55
68.78,68.78,77.64,61.84,61.93
72.70,72.70,74.94,62.67,62.33
73.20,73.20,76.47,62.05,60.96
74.44,74.44,75.51,58.10,61.04
74.14,74.14,78.88,53.07,60.56
71.97,71.97,77.01,48.86,62.96
70.94,70.94,77.54,53.37,62.34
71.63,71.63,76.04,57.62,63.79
71.00,71.00,75.70,59.98,62.28
73.67,73.67,75.14,63.80,65.28
74.63,74.63,71.59,66.01,63.36
74.58,74.58,72.68,66.46,63.11
73.16,73.16,62.51,66.58,63.63
72.95,72.95,52.44,67.31,63.21
74.38,74.38,53.60,68.03,63.06
73.54,73.54,50.11,68.26,63.06
73.93,73.93,52.78,68.07,64.10
72.84,72.84,55.07,67.28,64.66
73.62,73.62,53.69,69.15,64.07
68.27,68.27,49.72,74.65,65.02
65.55,65.55,46.47,76.10,62.84
68.00,68.00,43.62,76.35,65.64
69.45,69.45,41.37,76.81,65.01
68.64,68.64,45.95,75.08,66.01
68.53,68.53,51.69,75.70,64.34
68.16,68.16,60.16,75.11,63.45
66.35,66.35,68.40,73.00,59.81
62.47,62.47,71.73,69.54,58.20
63.57,63.57,76.48,64.38,60.19
68.19,68.19,77.13,57.28,60.59
66.93,66.93,77.76,44.64,63.78
65.89,65.89,79.53,55.22,63.68
68.84,68.84,78.89,56.09,63.52
69.64,69.64,78.43,53.82,63.91
70.78,70.78,78.87,57.60,63.83
72.54,72.54,79.20,60.45,64.37
72.18,72.18,77.52,60.87,66.60
71.33,71.33,79.22,61.22,66.01
70.21,70.21,74.38,66.23,65.25
70.34,70.34,76.07,70.66,65.26
70.51,70.51,71.00,64.00,68.00
71.24,71.24,70.46,66.52,68.17
72.39,72.39,61.63,67.03,66.71
70.19,70.19,50.11,66.77,65.50
71.95,71.95,50.43,69.90,65.68
70.67,70.67,55.11,68.53,65.05
70.67,70.67,63.31,69.64,63.83
69.19,69.19,60.61,70.21,64.78
67.61,67.61,55.87,73.55,62.65
65.47,65.47,54.78,72.90,62.25
69.96,69.96,53.51,73.03,66.23
71.68,71.68,51.78,74.60,64.02
68.98,68.98,50.66,72.42,65.26
67.81,67.81,54.60,73.24,63.61
67.05,67.05,58.21,72.39,62.61
64.07,64.07,65.70,69.58,60.75
64.73,64.73,75.36,64.05,57.73
65.70,65.70,73.70,56.84,57.22
69.88,69.88,77.88,54.75,59.47
71.26,71.26,78.90,53.71,58.61
70.93,70.93,77.56,58.46,58.53
75.41,75.41,77.44,56.74,60.52
72.38,72.38,78.63,52.85,60.72
72.37,72.37,77.15,52.56,62.10
72.25,72.25,76.34,54.35,63.21
72.20,72.20,79.27,57.18,63.56
71.27,71.27,75.85,58.32,64.56
72.99,72.99,77.77,64.27,63.98
73.67,73.67,72.07,68.52,62.89
75.61,75.61,73.03,64.72,63.59
76.91,76.91,67.56,67.34,62.54
75.72,75.72,65.16,69.06,63.12
76.09,76.09,51.64,67.72,63.32
75.21,75.21,48.70,69.13,62.05
74.30,74.30,49.84,68.18,63.33
74.22,74.22,55.72,66.60,64.91
68.53,68.53,55.83,66.47,65.08
67.31,67.31,53.60,70.35,64.57
69.86,69.86,52.12,73.21,66.75
68.37,68.37,48.77,71.58,64.78
66.65,66.65,46.97,73.58,66.48
67.08,67.08,45.30,74.45,64.09
67.12,67.12,48.08,72.53,63.46
63.87,63.87,53.63,71.56,60.60
67.62,67.62,61.22,67.79,60.63
65.62,65.62,71.22,67.13,60.06
67.77,67.77,73.68,58.95,58.50
70.82,70.82,75.39,52.70,58.55
70.81,70.81,79.00,44.29,60.90
71.66,71.66,79.32,47.32,62.55
71.90,71.90,78.73,49.07,60.40
71.97,71.97,76.81,52.25,58.91
71.03,71.03,77.58,54.26,61.23
73.94,73.94,80.14,58.36,61.69
73.29,73.29,76.86,56.16,61.44
74.54,74.54,78.89,56.58,64.93
75.72,75.72,73.98,61.22,65.13
75.07,75.07,75.45,70.16,65.92
75.78,75.78,70.67,67.64,66.65
74.85,74.85,70.97,67.93,67.87
76.12,76.12,64.62,70.49,67.16
74.43,74.43,56.60,69.09,66.45
75.77,75.77,49.30,68.88,64.73
74.69,74.69,50.60,70.34,65.65
71.30,71.30,56.89,69.26,66.50
71.49,71.49,58.98,68.86,66.83
72.38,72.38,58.16,68.17,66.05
70.33,70.33,56.55,74.28,66.71
69.10,69.10,56.53,75.88,67.49
69.90,69.90,56.86,75.16,67.36
68.15,68.15,56.13,75.92,69.02
63.42,63.42,58.03,73.81,69.64
63.01,63.01,60.93,75.45,68.73
61.26,61.26,65.00,71.93,66.72
62.90,62.90,72.47,70.89,64.45
60.02,60.02,74.32,65.90,62.97
71.10,71.10,75.11,61.10,61.53
70.26,70.26,78.49,48.37,61.28
70.56,70.56,75.99,49.42,62.64
71.34,71.34,76.84,51.09,63.75
73.55,73.55,77.76,53.78,64.20
72.66,72.66,79.42,57.55,61.56
74.21,74.21,76.49,59.16,63.51
74.33,74.33,79.70,60.44,63.41
73.62,73.62,76.61,59.07,65.67
72.66,72.66,78.04,60.61,64.63
73.33,73.33,74.62,70.42,64.87
73.04,73.04,73.26,70.36,63.61
72.57,72.57,71.70,66.66,61.95
73.54,73.54,66.71,71.76,64.30
76.10,76.10,61.64,71.01,61.89
76.57,76.57,53.67,71.18,62.60
72.55,72.55,48.97,71.43,61.99
74.13,74.13,51.41,68.81,61.51
74.05,74.05,54.25,70.57,64.18
70.15,70.15,52.70,71.33,62.74
65.80,65.80,48.21,74.71,64.85
61.31,61.31,44.35,76.57,65.54
64.15,64.15,43.50,75.04,66.02
66.36,66.36,43.04,76.81,65.86
65.71,65.71,46.32,75.44,65.90
63.69,63.69,51.62,75.80,65.11
62.69,62.69,59.15,72.16,64.43
65.02,65.02,68.08,72.32,61.04
62.20,62.20,72.03,68.04,58.83
58.80,58.80,76.82,63.46,58.45
66.60,66.60,78.99,48.26,61.96
68.31,68.31,78.45,47.84,62.29
70.33,70.33,80.25,43.21,60.52
69.09,69.09,80.34,52.39,62.60
66.48,66.48,78.94,52.89,64.64
67.60,67.60,81.49,52.03,63.75
68.77,68.77,78.92,56.98,63.44
66.96,66.96,79.92,57.69,65.66
66.76,66.76,78.19,60.02,67.11
69.68,69.68,74.76,69.64,65.98
69.19,69.19,75.06,68.99,65.66
69.05,69.05,70.19,70.94,66.36
70.10,70.10,68.40,70.54,66.49
72.49,72.49,58.47,69.68,65.07
73.98,73.98,51.75,66.66,65.64
74.46,74.46,49.87,71.26,66.95
75.89,75.89,54.22,72.36,66.50
74.22,74.22,64.42,70.22,66.46
70.80,70.80,62.44,69.02,64.98
67.95,67.95,58.04,69.52,65.59
65.67,65.67,54.74,73.59,65.75
64.60,64.60,51.61,78.65,66.23
63.78,63.78,48.37,77.09,65.54
63.92,63.92,47.71,73.53,62.98
65.37,65.37,50.04,76.48,63.14
65.16,65.16,56.66,74.99,61.46
61.17,61.17,63.84,76.81,58.77
61.92,61.92,75.59,75.05,57.40
67.85,67.85,74.31,68.18,56.75
68.66,68.66,78.34,67.03,58.24
73.30,73.30,76.33,62.66,60.96
72.25,72.25,78.32,62.33,60.94
70.51,70.51,78.91,56.45,61.97
72.24,72.24,77.55,55.85,61.09
72.96,72.96,76.17,53.09,62.73
73.13,73.13,77.36,59.23,64.52
72.09,72.09,75.69,62.30,64.78
74.72,74.72,72.92,68.97,66.11
75.88,75.88,75.20,69.24,66.16
74.80,74.80,72.06,67.97,64.64
74.60,74.60,72.85,68.05,66.15
74.37,74.37,65.02,69.38,65.84
73.98,73.98,63.96,69.25,66.05
73.28,73.28,53.31,69.54,64.73
72.23,72.23,48.55,72.45,64.12
72.45,72.45,49.99,68.16,65.99
72.36,72.36,57.05,71.04,67.83
71.15,71.15,57.46,69.86,68.69
58.71,58.71,54.27,72.37,65.25
54.17,54.17,52.72,76.60,66.34
54.44,54.44,50.95,74.88,67.98
52.65,52.65,47.65,78.13,68.76
53.03,53.03,47.71,76.11,69.69
54.26,54.26,48.03,78.42,67.93
53.18,53.18,53.36,79.33,67.26
51.02,51.02,58.82,76.50,66.19
67.30,67.30,71.13,73.61,60.93
76.02,76.02,73.01,72.13,52.69
72.51,72.51,75.78,66.52,53.18
74.29,74.29,76.00,65.23,55.24
75.46,75.46,78.57,58.38,58.22
73.35,73.35,78.06,54.10,59.14
74.71,74.71,74.60,54.67,60.41
74.79,74.79,74.67,55.84,59.21
73.77,73.77,77.71,60.57,61.46
74.81,74.81,75.01,63.02,63.48
75.08,75.08,77.58,63.63,64.09
72.81,72.81,72.84,67.22,65.13
72.88,72.88,72.19,67.73,63.49
74.11,74.11,65.80,66.46,64.67
73.22,73.22,63.74,67.68,65.64
74.21,74.21,62.46,61.65,64.12
74.50,74.50,55.49,67.61,63.87
71.67,71.67,47.62,66.05,65.10
71.60,71.60,48.80,67.68,64.29
72.03,72.03,57.25,68.64,62.32
75.24,75.24,60.28,70.01,63.66
74.05,74.05,56.98,65.16,63.73
74.77,74.77,53.57,70.52,62.98
74.27,74.27,50.59,71.60,63.31
73.28,73.28,46.38,72.83,62.75
72.65,72.65,44.76,78.63,61.89
72.55,72.55,45.35,73.63,61.48
71.43,71.43,51.56,75.87,58.76
70.73,70.73,58.83,73.96,58.73
73.54,73.54,68.04,76.64,56.69
75.15,75.15,74.48,71.13,54.82
73.70,73.70,73.36,69.67,54.47
69.62,69.62,79.16,66.31,55.84
69.08,69.08,78.53,66.37,56.49
70.41,70.41,75.62,64.62,56.53
74.09,74.09,78.68,65.56,56.78
71.81,71.81,78.45,62.96,55.66
71.12,71.12,75.82,57.18,56.33
73.68,73.68,79.62,56.77,57.57
70.13,70.13,76.06,52.29,62.28
59.73,59.73,79.95,58.38,66.71
54.00,54.00,75.47,62.64,66.23
53.72,53.72,76.04,65.56,68.31
58.14,58.14,73.09,64.10,69.90
59.86,59.86,69.26,63.98,69.02
64.18,64.18,65.60,66.81,67.04
72.01,72.01,55.41,69.99,65.53
73.17,73.17,46.03,70.19,63.54
71.36,71.36,51.01,68.36,65.20
70.87,70.87,57.50,71.98,65.21
73.47,73.47,55.60,65.30,66.88
72.00,72.00,52.51,75.60,64.55
69.28,69.28,50.43,72.99,64.82
70.75,70.75,47.01,76.71,63.54
71.86,71.86,44.23,76.44,63.77
72.23,72.23,43.36,78.01,62.75
70.43,70.43,49.47,77.85,64.02
68.28,68.28,58.54,76.37,60.06
70.29,70.29,66.79,76.25,60.46
70.00,70.00,71.79,72.08,59.58
67.87,67.87,75.09,71.89,59.20
70.06,70.06,78.63,63.92,60.28
71.08,71.08,76.95,66.08,61.85
69.80,69.80,79.19,62.94,59.65
70.54,70.54,77.83,52.39,63.30
71.31,71.31,77.10,53.13,63.59
72.83,72.83,78.55,55.75,62.65
73.12,73.12,76.49,62.82,64.47
73.15,73.15,78.44,60.32,64.40
71.56,71.56,73.46,62.31,66.25
72.25,72.25,73.29,62.33,65.07
72.20,72.20,74.29,64.98,65.02
71.56,71.56,70.97,67.12,65.83
72.53,72.53,72.02,67.35,64.51
72.93,72.93,62.68,68.74,65.36
72.82,72.82,57.12,70.37,64.34
72.03,72.03,53.17,71.54,64.00
71.39,71.39,57.05,71.50,64.50
72.25,72.25,66.47,69.32,66.15
70.90,70.90,65.27,67.52,64.08
71.04,71.04,60.02,69.14,63.95
72.10,72.10,58.02,71.81,63.91
72.59,72.59,56.00,70.57,64.22
71.66,71.66,53.32,75.33,65.57
71.96,71.96,52.89,74.33,65.87
72.01,72.01,53.46,76.19,65.77
70.90,70.90,57.88,78.48,64.24
70.83,70.83,62.70,73.21,62.01
70.82,70.82,73.94,75.14,61.21
70.99,70.99,73.27,72.90,56.91
71.50,71.50,78.30,66.61,56.96
71.96,71.96,75.46,67.62,57.34
72.35,72.35,79.03,67.95,56.90
73.28,73.28,77.20,62.48,58.10
73.19,73.19,78.94,64.99,58.60
72.32,72.32,76.25,61.84,60.41
72.31,72.31,79.51,56.78,61.38
72.54,72.54,75.15,62.15,62.93
73.04,73.04,75.56,64.17,64.50
74.77,74.77,75.00,65.11,66.28
74.01,74.01,72.81,62.49,66.12
74.08,74.08,73.60,62.16,67.20
72.64,72.64,70.17,63.98,66.91
72.26,72.26,68.33,68.39,66.41
72.57,72.57,60.45,65.94,68.74
73.89,73.89,57.00,73.41,70.18
74.10,74.10,56.37,67.34,71.05
74.60,74.60,61.32,64.51,70.82
72.45,72.45,61.19,71.52,73.41
71.78,71.78,56.99,69.70,71.10
73.46,73.46,55.87,70.41,70.33
74.06,74.06,54.81,73.50,68.50
74.15,74.15,53.83,74.12,68.03
73.92,73.92,54.75,75.42,65.30
75.06,75.06,55.01,74.51,62.44
74.62,74.62,57.83,78.70,62.57
73.09,73.09,66.11,76.16,61.86
72.40,72.40,70.52,72.22,61.00
72.01,72.01,72.97,74.71,60.39
72.33,72.33,77.40,69.70,61.06
71.90,71.90,77.24,66.93,64.21
72.97,72.97,76.94,67.38,64.79
73.79,73.79,77.74,60.17,64.18
72.47,72.47,77.86,59.39,62.06
71.01,71.01,80.54,57.51,62.48
71.32,71.32,77.32,58.01,60.18
72.38,72.38,78.69,61.28,60.46
72.41,72.41,76.36,61.83,66.78
71.82,71.82,74.22,63.46,70.32
72.64,72.64,73.55,63.98,71.96
73.26,73.26,68.79,60.87,73.91
72.87,72.87,71.30,67.11,74.76
72.09,72.09,67.52,60.29,74.08
71.60,71.60,61.19,67.60,75.02
72.47,72.47,59.06,71.80,75.15
71.35,71.35,61.22,67.89,75.13
70.36,70.36,63.19,68.81,72.22
70.94,70.94,64.27,73.52,70.83
69.23,69.23,62.65,67.50,67.60
66.64,66.64,62.26,66.08,66.25
68.71,68.71,61.38,75.24,65.69
68.65,68.65,61.69,67.96,65.02
65.84,65.84,62.47,74.14,62.63
64.19,64.19,62.34,77.21,63.32
63.99,63.99,63.74,76.90,61.58
62.48,62.48,66.35,76.31,59.85
60.04,60.04,70.97,74.01,55.32
50.74,50.74,75.11,73.52,52.33
47.63,47.63,74.16,70.38,51.70
45.42,45.42,79.77,65.17,52.83
47.57,47.57,78.71,67.03,55.81
47.16,47.16,78.50,62.05,53.39
47.06,47.06,78.45,60.33,52.69
47.11,47.11,78.41,61.00,53.57
45.03,45.03,77.68,59.82,55.17
46.42,46.42,79.95,49.92,55.90
44.63,44.63,76.03,36.17,54.50
44.76,44.76,80.18,42.79,57.44
42.59,42.59,76.26,41.33,57.84
41.10,41.10,76.35,45.22,58.39
40.50,40.50,71.77,47.66,58.75
38.56,38.56,69.58,51.07,61.06
40.60,40.60,62.72,46.60,62.74
41.87,41.87,61.88,47.39,63.94
39.24,39.24,61.89,39.76,63.70
40.17,40.17,60.79,32.42,60.51
40.29,40.29,61.47,29.92,58.79
38.14,38.14,62.16,29.51,59.07
39.01,39.01,61.46,37.20,58.72
41.43,41.43,62.35,33.33,59.48
42.23,42.23,62.68,36.83,59.54
43.66,43.66,63.13,39.76,59.76
45.53,45.53,63.78,33.32,59.92
51.51,51.51,62.82,36.25,58.78
54.17,54.17,63.76,36.73,56.64
55.21,55.21,62.93,33.62,59.04
43.86,43.86,54.83,37.80,62.58
38.08,38.08,51.57,37.03,63.76
35.44,35.44,48.83,32.62,60.95
32.68,32.68,50.10,27.88,60.47
33.36,33.36,51.38,35.54,62.95
33.00,33.00,49.00,34.16,62.70
32.35,32.35,50.32,31.24,63.62
30.36,30.36,48.87,26.98,64.02
30.42,30.42,46.91,27.67,63.71
33.89,33.89,47.57,31.84,64.27
33.00,33.00,46.73,26.88,64.76
32.77,32.77,46.81,27.62,62.84
31.56,31.56,46.20,27.16,60.80
32.32,32.32,47.50,28.48,63.19
31.60,31.60,47.06,23.27,64.00
32.25,32.25,46.79,24.20,62.64
31.91,31.91,47.94,27.16,61.26
32.50,32.50,45.86,25.00,61.69
29.10,29.10,43.98,23.44,60.34
26.34,26.34,44.88,23.93,63.26
25.76,25.76,44.02,21.40,63.08
28.72,28.72,43.36,25.25,65.35
29.79,29.79,42.04,24.04,66.01
31.42,31.42,42.61,26.96,67.13
31.15,31.15,41.51,22.14,68.18
30.32,30.32,42.47,23.27,67.31
31.65,31.65,41.65,24.02,65.79
29.75,29.75,42.95,22.19,63.24
26.09,26.09,40.91,24.13,65.52
32.09,32.09,43.73,22.05,65.83
30.13,30.13,40.95,23.92,63.39
30.73,30.73,40.58,26.02,63.67
32.85,32.85,41.30,26.82,64.16
31.95,31.95,39.59,25.07,64.15
31.80,31.80,42.07,24.49,63.27
31.16,31.16,41.43,24.04,61.53
30.80,30.80,40.26,20.63,60.32
29.31,29.31,40.47,26.50,62.16
30.69,30.69,38.44,21.27,64.37
35.04,35.04,39.40,26.37,64.57
37.02,37.02,35.96,23.22,65.96
35.36,35.36,39.83,26.72,61.92
35.56,35.56,38.26,25.66,63.11
36.63,36.63,38.99,24.16,60.17
36.25,36.25,40.70,26.01,60.55
34.08,34.08,39.53,25.23,59.87
34.01,34.01,41.68,25.63,58.48
30.32,30.32,40.60,27.17,60.00
29.98,29.98,39.95,26.37,61.86
29.32,29.32,40.72,28.31,63.24
29.95,29.95,37.54,23.74,62.73
30.91,30.91,38.72,24.92,62.89
31.16,31.16,36.53,20.74,61.15
31.03,31.03,38.86,25.79,62.68
32.71,32.71,39.23,26.04,63.31
31.02,31.02,35.48,23.61,61.52
29.62,29.62,38.98,24.54,63.10
28.47,28.47,33.26,19.15,62.66
29.09,29.09,38.72,25.63,64.44
28.78,28.78,33.22,15.75,65.81
26.94,26.94,35.71,25.56,64.47
27.43,27.43,34.77,17.89,64.90
28.70,28.70,37.74,22.88,65.81
28.61,28.61,34.94,17.60,66.40
26.61,26.61,35.56,19.72,63.24
24.84,24.84,38.05,21.95,63.18
21.94,21.94,32.61,17.28,59.98
24.26,24.26,37.10,23.83,65.73
26.28,26.28,31.31,18.03,67.82
25.24,25.24,35.43,23.83,64.71
24.84,24.84,32.70,22.20,64.18
29.60,29.60,35.18,23.27,64.07
31.71,31.71,33.62,22.45,66.19
31.63,31.63,36.66,22.43,65.05
31.78,31.78,36.05,21.91,66.79
29.58,29.58,36.08,21.07,65.85
28.26,28.26,35.89,20.04,65.72
26.68,26.68,36.39,21.97,62.85
30.09,30.09,36.53,22.22,64.20
26.18,26.18,35.57,25.26,65.54
26.47,26.47,36.98,21.92,60.27
27.00,27.00,35.39,26.85,62.32
29.76,29.76,37.71,21.91,62.91
32.13,32.13,33.74,25.01,62.60
29.88,29.88,38.79,24.37,61.53
28.29,28.29,35.30,25.24,64.46
26.18,26.18,38.91,28.56,63.13
32.18,32.18,37.21,20.55,64.30
28.75,28.75,36.02,27.77,65.75
29.04,29.04,31.25,20.19,64.67
27.72,27.72,30.38,22.67,64.02
26.57,26.57,31.21,22.47,65.71
29.78,29.78,31.52,21.40,65.17
30.82,30.82,35.74,23.65,66.37
27.28,27.28,32.30,22.23,66.52
23.45,23.45,34.44,24.70,64.79
24.97,24.97,29.22,19.14,65.42
24.79,24.79,26.58,26.20,67.34
22.23,22.23,23.60,21.12,68.54
23.68,23.68,21.95,27.42,65.25
23.71,23.71,23.36,22.03,67.41
25.95,25.95,25.66,26.38,66.11
28.45,28.45,28.16,28.33,62.37
28.67,28.67,27.12,23.47,61.23
28.56,28.56,27.55,28.92,61.21
30.63,30.63,27.73,24.88,59.12
30.53,30.53,29.78,28.01,59.50
34.80,34.80,33.29,29.68,64.81
32.64,32.64,32.20,25.97,64.08
32.28,32.28,31.15,28.62,63.16
31.04,31.04,32.96,26.32,62.94
31.36,31.36,32.92,28.80,61.98
31.07,31.07,33.12,27.49,63.83
30.64,30.64,30.51,23.95,63.32
29.71,29.71,33.00,30.06,63.99
27.86,27.86,29.19,24.68,64.90
27.00,27.00,31.08,31.24,64.48
36.45,36.45,29.91,22.20,64.50
34.32,34.32,28.35,27.70,65.63
33.35,33.35,30.89,30.92,64.51
35.69,35.69,26.00,27.20,65.66
36.66,36.66,28.47,29.86,64.83
33.51,33.51,26.12,29.73,63.05
32.75,32.75,28.34,27.63,64.39
31.58,31.58,26.43,27.49,62.96
29.86,29.86,21.00,19.90,63.78
35.36,35.36,24.08,26.40,65.68
36.34,36.34,23.12,29.20,67.08
35.89,35.89,22.97,28.39,63.94
36.01,36.01,24.66,31.77,65.02
36.68,36.68,22.97,31.46,63.49
35.02,35.02,23.94,30.65,63.92
35.96,35.96,21.76,29.11,61.59
38.21,38.21,24.12,31.13,63.28
34.17,34.17,23.17,30.94,66.62
32.20,32.20,24.01,30.10,65.64
39.51,39.51,28.29,33.92,65.62
44.19,44.19,28.13,30.19,65.89
40.33,40.33,25.30,33.18,66.00
36.69,36.69,21.91,28.16,67.19
34.94,34.94,25.66,33.18,65.32
34.21,34.21,24.09,29.26,64.27
35.15,35.15,28.10,30.86,63.40
33.82,33.82,30.90,33.16,64.30
32.34,32.34,29.11,29.85,63.18
34.60,34.60,28.41,34.64,64.36
41.75,41.75,30.99,26.13,66.04
40.19,40.19,30.38,31.98,65.76
35.51,35.51,27.80,33.75,67.29
34.28,34.28,25.29,24.86,63.75
34.32,34.32,29.40,35.61,62.59
35.88,35.88,27.89,28.82,62.79
34.65,34.65,31.26,33.98,62.85
34.28,34.28,27.50,31.36,63.50
36.08,36.08,25.38,30.53,62.36
36.15,36.15,28.05,36.10,62.27
45.35,45.35,26.81,26.17,65.30
46.18,46.18,26.60,34.35,66.45
42.72,42.72,29.18,30.63,62.05
41.75,41.75,35.84,29.44,61.73
39.08,39.08,36.72,30.90,61.89
40.76,40.76,33.29,28.57,61.97
35.39,35.39,36.92,30.20,62.71
37.44,37.44,36.58,29.47,63.32
35.26,35.26,38.05,27.49,61.79
35.62,35.62,34.00,28.36,64.29
32.88,32.88,36.86,28.63,65.06
29.96,29.96,32.95,26.10,64.94
33.39,33.39,33.90,28.50,63.29
34.90,34.90,34.08,25.89,64.75
35.13,35.13,32.24,28.26,64.89
35.95,35.95,36.74,25.61,63.49
36.43,36.43,32.87,25.41,60.09
36.07,36.07,34.59,27.88,63.03
35.77,35.77,34.14,27.29,64.99
38.75,38.75,33.85,29.17,65.30
36.29,36.29,35.38,28.60,66.18
34.61,34.61,31.56,29.12,62.19
36.88,36.88,38.89,33.77,64.01
36.68,36.68,34.70,30.64,61.84
35.42,35.42,33.92,32.15,60.47
33.92,33.92,34.66,33.38,63.16
31.17,31.17,29.76,28.90,65.31
25.63,25.63,35.75,34.94,65.52
32.69,32.69,25.27,30.56,67.46
34.33,34.33,26.39,33.09,69.83
34.67,34.67,25.70,34.32,68.62
33.63,33.63,26.17,30.25,67.91
36.13,36.13,32.87,36.17,65.76
37.82,37.82,32.53,29.44,65.51
35.28,35.28,34.03,35.65,62.62
34.83,34.83,28.57,32.10,63.58
33.84,33.84,34.44,32.25,62.32
34.08,34.08,36.81,35.64,66.13
32.56,32.56,28.85,31.15,65.57
39.67,39.67,34.57,34.00,63.93
36.74,36.74,30.56,34.16,65.79
34.83,34.83,34.62,33.23,64.21
34.29,34.29,31.38,35.10,62.33
37.39,37.39,33.78,32.06,64.72
38.23,38.23,35.71,34.34,62.72
38.75,38.75,33.75,32.94,63.23
36.67,36.67,36.96,33.62,62.60
34.97,34.97,31.24,33.39,63.91
40.57,40.57,31.87,32.73,64.41
37.19,37.19,29.60,32.46,64.88
34.54,34.54,29.84,34.76,63.06
33.77,33.77,28.06,32.97,62.45
34.58,34.58,23.91,34.19,66.59
35.28,35.28,29.80,34.48,65.85
34.78,34.78,24.58,30.91,62.92
36.19,36.19,28.61,33.87,62.10
30.67,30.67,22.82,28.38,60.13
30.88,30.88,22.06,30.92,62.36
30.49,30.49,21.94,33.20,67.49
29.83,29.83,18.53,26.78,68.69
28.94,28.94,25.40,34.82,66.55
28.01,28.01,21.51,28.69,65.09
30.10,30.10,23.45,31.14,66.15
32.92,32.92,24.99,32.34,66.44
32.88,32.88,22.01,24.63,63.31
31.84,31.84,23.53,34.62,65.58
31.18,31.18,20.85,22.64,66.84
30.08,30.08,22.79,31.08,68.16
32.51,32.51,24.75,31.65,68.38
32.11,32.11,23.84,27.20,68.01
32.31,32.31,23.50,32.32,66.34
32.20,32.20,22.99,27.54,65.41
33.38,33.38,30.15,32.98,64.19
33.46,33.46,26.15,28.96,62.27
36.64,36.64,30.23,27.09,63.46
34.15,34.15,32.00,32.50,62.58
31.40,31.40,26.07,29.71,60.86
29.16,29.16,25.90,35.38,63.41
36.36,36.36,26.43,32.97,68.12
35.91,35.91,28.79,36.28,67.89
33.73,33.73,27.18,36.93,62.83
34.94,34.94,23.21,27.54,61.23
37.15,37.15,23.70,25.97,63.70
35.84,35.84,26.57,33.09,65.85
34.24,34.24,25.04,36.14,66.05
34.94,34.94,25.21,33.19,65.52
29.91,29.91,24.94,27.40,65.95
32.03,32.03,27.14,29.29,63.44
34.36,34.36,28.29,29.11,65.54
32.18,32.18,26.68,30.31,64.50
31.82,31.82,25.87,27.53,66.76
33.49,33.49,26.78,24.25,66.52
32.72,32.72,28.47,28.23,65.74
31.66,31.66,28.33,33.21,64.03
32.31,32.31,26.53,30.56,64.89
31.80,31.80,25.90,24.07,65.73
33.24,33.24,25.47,30.02,68.81
37.54,37.54,29.65,32.13,69.00
41.42,41.42,30.98,29.26,67.90
38.98,38.98,27.11,30.61,67.64
36.50,36.50,26.86,27.20,67.96
34.87,34.87,27.71,31.91,65.92
36.24,36.24,26.61,30.74,66.05
36.58,36.58,26.22,24.01,64.77
36.96,36.96,25.45,30.40,62.96
34.93,34.93,24.27,29.71,64.82
34.49,34.49,25.60,29.42,63.80
39.10,39.10,28.96,29.80,66.68
39.63,39.63,29.69,27.08,66.50
36.69,36.69,27.00,32.47,62.32
35.30,35.30,25.64,32.35,62.60
32.53,32.53,24.42,29.02,63.32
34.81,34.81,26.35,33.12,63.47
34.40,34.40,25.03,30.65,66.90
34.95,34.95,25.35,29.93,66.65
32.30,32.30,24.94,30.37,67.86
34.98,34.98,23.52,28.74,67.06
40.14,40.14,25.71,32.32,68.59
39.60,39.60,24.17,31.19,67.10
38.46,38.46,23.35,25.56,61.23
37.86,37.86,23.90,31.90,64.58
36.50,36.50,24.41,33.04,68.77
37.60,37.60,27.19,32.42,68.50
32.29,32.29,26.34,31.33,68.65
33.21,33.21,25.42,28.46,66.14
32.42,32.42,25.45,30.50,66.21
31.63,31.63,24.53,31.42,63.13
33.27,33.27,22.07,30.17,64.85
32.54,32.54,21.49,29.97,64.81
33.24,33.24,22.44,27.49,66.55
31.37,31.37,23.49,31.65,67.05
29.23,29.23,23.87,32.80,66.06
31.78,31.78,23.52,30.62,65.21
34.03,34.03,25.13,31.48,64.97
31.08,31.08,23.90,29.29,65.31
29.64,29.64,23.33,29.82,64.30
32.00,32.00,24.66,31.32,67.20
29.49,29.49,23.09,30.58,67.37
26.57,26.57,22.17,28.86,63.91
29.85,29.85,22.68,29.53,64.45
31.84,31.84,23.87,30.45,64.81
31.71,31.71,24.56,34.42,63.42
32.71,32.71,24.70,30.99,63.26
30.62,30.62,23.99,26.06,63.72
27.79,27.79,23.04,31.64,63.75
31.32,31.32,22.04,28.04,67.75
32.05,32.05,21.47,31.57,67.40
30.44,30.44,21.09,31.45,67.85
28.06,28.06,18.99,29.46,65.37
30.90,30.90,20.38,32.56,67.74
31.83,31.83,23.26,31.32,67.08
30.76,30.76,21.68,26.54,67.69
30.48,30.48,23.94,33.63,67.12
32.04,32.04,25.62,33.27,65.06
30.00,30.00,23.59,32.84,60.99
28.19,28.19,24.10,31.95,63.71
32.25,32.25,28.53,26.40,65.04
30.01,30.01,26.96,34.56,65.79
27.43,27.43,23.36,32.83,63.16
30.56,30.56,23.71,28.79,63.96
32.38,32.38,26.36,32.19,62.26
34.59,34.59,26.01,31.79,61.68
31.66,31.66,24.40,31.80,58.96
31.50,31.50,22.53,30.79,60.77
29.11,29.11,22.34,33.09,63.95
38.71,38.71,25.50,32.34,67.13
39.74,39.74,25.92,30.67,69.13
35.28,35.28,23.52,29.59,66.19
31.69,31.69,22.36,32.25,63.93
30.29,30.29,24.73,31.06,64.27
30.34,30.34,23.89,32.60,64.86
30.36,30.36,26.74,31.04,65.39
29.91,29.91,24.83,29.02,65.21
29.03,29.03,25.74,31.00,68.80
31.29,31.29,24.50,31.39,68.50
33.21,33.21,23.96,27.77,68.74
32.14,32.14,22.95,32.38,66.83
31.79,31.79,23.76,31.64,64.28
29.63,29.63,21.62,31.55,66.59
29.80,29.80,22.98,30.49,63.87
31.44,31.44,23.70,29.61,67.76
30.21,30.21,24.61,32.63,67.17
29.23,29.23,24.83,32.17,65.56
32.67,32.67,24.01,27.66,65.18
29.71,29.71,23.44,30.71,62.57
31.56,31.56,25.39,30.49,65.18
29.76,29.76,25.26,32.31,68.39
29.84,29.84,22.15,32.35,64.03
27.94,27.94,21.55,27.50,65.56
29.45,29.45,22.11,30.95,62.57
30.16,30.16,24.24,30.36,63.01
33.80,33.80,24.72,28.16,63.49
33.40,33.40,26.24,32.13,65.88
30.46,30.46,25.97,29.70,66.47
26.12,26.12,23.13,31.76,65.22
32.97,32.97,25.24,35.50,64.09
31.54,31.54,23.71,30.00,67.76
30.05,30.05,19.77,34.74,63.10
32.82,32.82,19.00,29.99,65.13
34.78,34.78,20.05,35.84,63.52
33.11,33.11,20.31,30.76,60.70
33.62,33.62,19.95,33.82,62.48
31.44,31.44,20.29,27.74,65.25
28.81,28.81,19.10,32.36,66.61
30.06,30.06,21.66,31.63,66.63
34.60,34.60,26.31,27.57,64.98
32.21,32.21,24.15,31.26,66.15
33.36,33.36,24.26,32.61,65.44
34.35,34.35,26.65,29.67,65.49
33.61,33.61,27.21,30.25,62.09
32.14,32.14,31.73,31.09,64.86
30.78,30.78,31.02,28.45,61.61
31.44,31.44,31.67,28.90,65.02
30.51,30.51,32.16,32.47,64.40
36.30,36.30,27.06,33.56,66.62
43.02,43.02,24.19,30.65,68.84
39.01,39.01,19.30,30.89,68.43
34.20,34.20,19.49,33.06,68.02
31.96,31.96,21.99,32.45,65.75
32.69,32.69,23.15,32.21,65.38
31.58,31.58,23.83,32.56,69.24
34.38,34.38,24.47,33.53,68.25
31.80,31.80,29.76,33.05,65.17
33.10,33.10,30.29,34.61,65.68
39.21,39.21,29.22,31.78,64.78
40.10,40.10,29.34,31.75,65.93
37.43,37.43,32.45,34.00,66.93
34.70,34.70,34.18,33.24,68.23
33.25,33.25,32.99,30.25,67.28
35.25,35.25,35.07,31.31,64.55
35.48,35.48,34.46,29.36,61.11
33.09,33.09,34.40,32.26,63.28
31.42,31.42,31.77,34.84,62.04
32.17,32.17,24.64,33.75,64.00
34.16,34.16,23.04,33.50,65.80
35.34,35.34,22.20,33.70,68.78
33.01,33.01,20.15,34.46,66.22
31.68,31.68,19.70,33.41,64.42
30.04,30.04,20.28,33.85,63.62
30.36,30.36,23.09,34.52,63.59
29.52,29.52,21.77,30.83,62.63
28.91,28.91,23.26,33.08,66.68
29.70,29.70,21.45,33.03,65.22
28.99,28.99,22.45,33.67,64.36
30.76,30.76,22.79,29.85,62.97
30.00,30.00,22.93,33.66,64.49
30.67,30.67,23.36,33.24,64.72
30.12,30.12,24.83,32.37,65.85
29.95,29.95,24.77,32.83,65.76
30.34,30.34,27.17,31.63,64.87
31.82,31.82,27.31,30.76,64.38
28.79,28.79,29.08,31.13,66.16
26.20,26.20,28.09,31.23,63.41
32.81,32.81,28.56,29.01,63.85
28.90,28.90,26.14,29.36,65.62
28.66,28.66,27.97,30.89,62.67
31.88,31.88,30.76,29.52,61.71
31.95,31.95,31.92,28.96,61.05
30.25,30.25,33.82,27.85,65.31
30.66,30.66,34.71,25.10,65.00
28.91,28.91,33.51,26.07,64.50
23.84,23.84,32.21,27.54,65.09
29.94,29.94,31.02,30.69,68.16
31.56,31.56,23.03,27.96,67.13
32.78,32.78,25.54,31.09,66.83
29.82,29.82,25.76,31.69,65.08
32.22,32.22,28.08,32.16,64.94
33.64,33.64,27.59,31.56,64.77
33.81,33.81,29.54,31.79,64.19
33.92,33.92,27.36,29.17,66.82
31.83,31.83,31.20,30.57,66.22
29.80,29.80,34.10,32.45,65.29
25.45,25.45,30.70,32.39,61.45
29.24,29.24,26.00,30.52,63.71
28.43,28.43,25.08,34.50,66.59
27.87,27.87,21.46,33.40,67.70
28.43,28.43,20.98,32.90,68.89
29.38,29.38,23.38,34.10,65.44
32.06,32.06,24.52,32.97,64.33
30.43,30.43,23.41,32.29,61.34
30.08,30.08,26.12,34.56,63.30
28.80,28.80,24.94,35.15,64.83
37.67,37.67,25.16,32.96,65.44
37.83,37.83,25.32,33.01,67.58
34.08,34.08,21.82,33.75,64.69
32.59,32.59,20.49,33.50,64.22
32.21,32.21,20.92,33.20,65.49
31.52,31.52,21.85,34.41,66.22
30.71,30.71,22.45,32.98,66.06
30.05,30.05,21.74,32.84,65.63
28.33,28.33,22.50,33.97,66.04
29.96,29.96,22.60,32.92,63.02
35.57,35.57,24.89,30.47,65.36
33.86,33.86,24.18,31.04,68.75
31.74,31.74,22.75,31.17,69.01
29.57,29.57,24.39,30.94,65.05
31.30,31.30,25.93,31.58,66.06
32.70,32.70,26.53,31.56,65.02
32.84,32.84,25.23,30.73,62.64
31.84,31.84,26.85,30.43,64.79
32.06,32.06,25.29,32.23,62.41
29.15,29.15,25.18,31.48,65.02
30.47,30.47,25.24,31.17,68.10
31.00,31.00,27.27,30.70,69.33
29.24,29.24,23.72,28.94,68.85
28.84,28.84,25.47,29.67,67.10
31.23,31.23,27.03,31.72,61.95
32.62,32.62,26.54,30.26,64.72
33.04,33.04,24.56,29.14,64.93
32.67,32.67,25.80,29.67,66.87
29.54,29.54,25.22,28.68,64.75
25.62,25.62,22.81,28.39,62.97
36.55,36.55,20.90,29.50,62.50
34.95,34.95,20.39,33.84,66.85
33.60,33.60,14.53,29.02,67.74
34.84,34.84,16.88,33.43,67.42
36.91,36.91,18.07,28.33,62.71
33.54,33.54,16.61,28.33,63.73
32.92,32.92,17.49,22.55,64.34
30.49,30.49,17.23,28.05,64.32
27.93,27.93,14.55,25.03,63.11
33.27,33.27,17.37,29.01,63.42
38.94,38.94,21.43,27.67,66.28
36.94,36.94,20.72,29.05,62.86
36.96,36.96,19.68,25.87,64.51
35.85,35.85,18.15,24.80,63.20
32.94,32.94,19.43,28.01,65.78
31.29,31.29,19.50,27.11,67.09
28.10,28.10,18.75,28.62,67.50
30.26,30.26,18.62,25.71,67.84
29.40,29.40,18.20,29.87,66.28
31.65,31.65,17.49,18.46,63.52
34.36,34.36,16.68,29.35,65.19
33.86,33.86,14.97,21.68,65.78
31.82,31.82,11.42,27.30,66.10
28.96,28.96,12.83,23.10,66.45
27.69,27.69,13.47,22.98,67.19
26.84,26.84,14.33,27.20,65.65
31.09,31.09,16.42,20.66,65.05
29.92,29.92,18.50,29.81,64.13
27.25,27.25,18.27,24.07,62.62
30.92,30.92,22.09,30.41,64.87
30.56,30.56,22.94,26.54,65.14
28.06,28.06,20.08,29.94,65.80
27.41,27.41,17.94,25.68,65.62
26.65,26.65,15.79,28.34,63.76
26.68,26.68,17.28,26.11,64.28
24.96,24.96,15.96,25.53,68.39
25.82,25.82,14.90,26.57,68.05
25.75,25.75,13.45,26.00,67.25
28.09,28.09,13.15,27.24,68.22
34.68,34.68,17.71,24.03,67.94
33.97,33.97,17.66,26.95,69.77
32.27,32.27,15.09,23.98,67.37
29.60,29.60,14.14,27.08,67.24
30.73,30.73,15.31,22.31,65.94
28.93,28.93,15.27,30.43,64.94
27.02,27.02,14.66,22.72,65.93
25.27,25.27,15.61,27.84,65.03
23.98,23.98,13.19,22.96,62.19
26.17,26.17,13.65,25.00,62.88
28.35,28.35,15.55,26.15,65.61
28.84,28.84,14.81,23.39,67.12
25.68,25.68,13.99,26.57,68.05
26.10,26.10,12.06,22.30,67.11
25.46,25.46,14.25,29.58,68.43
26.66,26.66,15.92,17.96,67.83
25.96,25.96,17.02,30.22,65.08
24.88,24.88,16.36,23.27,64.18
22.80,22.80,17.78,29.18,66.53
29.44,29.44,19.17,23.99,68.53
29.01,29.01,20.26,27.57,71.34
24.69,24.69,21.19,26.85,68.62
23.95,23.95,19.73,26.53,63.52
23.35,23.35,20.65,26.32,66.48
23.77,23.77,18.56,25.05,67.22
23.55,23.55,19.29,30.04,68.58
21.41,21.41,19.26,26.63,65.86
22.19,22.19,19.03,30.59,65.57
26.61,26.61,17.89,26.97,66.56
26.84,26.84,17.72,28.42,67.71
24.60,24.60,17.24,26.76,69.02
22.19,22.19,15.74,27.52,67.10
22.73,22.73,16.13,26.59,66.01
24.62,24.62,17.21,29.95,66.00
24.20,24.20,16.64,27.74,65.63
25.39,25.39,17.76,26.83,67.54
22.62,22.62,17.86,27.95,68.72
21.79,21.79,16.73,26.14,65.20
21.62,21.62,16.08,29.35,66.71
29.10,29.10,16.81,24.86,68.20
29.69,29.69,17.27,28.24,68.34
27.28,27.28,16.69,20.95,68.89
22.55,22.55,16.25,29.58,70.19
22.90,22.90,16.45,24.75,68.48
22.42,22.42,17.61,26.79,68.61
21.79,21.79,19.15,28.52,68.08
23.26,23.26,17.86,26.10,67.70
22.31,22.31,17.05,30.61,67.29
29.73,29.73,17.31,26.01,69.01
25.48,25.48,17.40,28.46,66.13
23.14,23.14,14.55,26.45,66.16
21.73,21.73,15.33,27.86,65.71
24.14,24.14,15.56,32.37,66.02
23.70,23.70,16.05,30.20,67.10
24.29,24.29,17.61,32.27,63.81
22.96,22.96,17.28,29.06,64.58
22.49,22.49,16.36,31.15,66.51
22.57,22.57,16.48,29.35,66.60
24.37,24.37,17.85,28.33,68.69
22.76,22.76,18.12,30.78,68.73
22.12,22.12,16.65,28.23,67.42
22.69,22.69,16.80,31.34,65.17
23.77,23.77,18.47,29.92,67.48
25.25,25.25,18.92,31.15,68.00
25.51,25.51,19.95,31.67,67.43
25.68,25.68,17.35,30.83,67.46
24.27,24.27,20.42,34.87,67.73
24.10,24.10,18.49,31.95,68.18
25.68,25.68,19.89,34.10,65.82
25.63,25.63,19.43,29.88,69.47
25.52,25.52,19.60,32.18,69.45
23.41,23.41,20.03,29.52,67.78
22.91,22.91,19.03,29.05,65.92
24.02,24.02,21.74,31.06,65.35
23.51,23.51,21.60,25.75,66.86
24.76,24.76,23.38,33.52,64.65
23.58,23.58,19.81,24.58,65.50
22.32,22.32,17.27,31.46,65.66
25.09,25.09,17.76,28.88,64.21
25.94,25.94,18.44,34.46,69.10
23.48,23.48,15.42,30.12,66.05
25.33,25.33,15.92,28.29,65.61
27.43,27.43,15.94,29.81,66.01
27.08,27.08,17.37,28.67,67.91
26.31,26.31,18.80,34.61,67.22
26.34,26.34,20.02,34.24,69.08
23.01,23.01,19.80,35.25,69.12
27.19,27.19,18.20,31.17,67.39
31.02,31.02,19.02,28.45,66.82
28.23,28.23,23.83,35.38,70.68
28.01,28.01,20.91,28.08,67.72
27.51,27.51,20.95,25.25,68.24
29.73,29.73,24.12,29.87,68.81
27.25,27.25,21.88,27.36,68.41
27.84,27.84,20.29,32.70,68.70
26.47,26.47,20.72,28.04,68.22
23.52,23.52,17.26,26.43,67.77
22.03,22.03,23.98,33.22,67.15
23.26,23.26,21.06,25.41,70.35
23.00,23.00,22.34,28.14,69.84
24.28,24.28,24.53,31.48,66.46
23.23,23.23,19.75,23.62,68.03
24.81,24.81,23.07,32.25,68.84
25.01,25.01,21.33,30.56,66.23
24.10,24.10,23.91,30.04,67.73
23.19,23.19,23.41,34.49,66.32
20.67,20.67,23.12,29.94,65.34
22.04,22.04,22.22,32.61,66.33
20.31,20.31,22.87,32.41,66.08
22.10,22.10,20.82,26.60,65.92
22.71,22.71,23.94,33.68,66.10
23.10,23.10,25.64,29.46,67.99
22.19,22.19,30.40,28.82,68.71
18.79,18.79,33.84,31.22,69.20
18.29,18.29,30.62,20.31,68.10
16.82,16.82,38.11,32.09,66.60
17.15,17.15,34.27,24.87,67.20
19.51,19.51,31.77,27.83,68.41
19.13,19.13,37.41,30.00,69.02
18.86,18.86,30.12,21.11,67.82
17.96,17.96,38.23,28.47,67.41
19.30,19.30,36.89,27.63,68.22
20.82,20.82,35.59,26.12,66.95
20.86,20.86,40.76,28.42,67.60
19.95,19.95,34.58,25.67,66.60
21.59,21.59,38.68,27.26,66.91
20.61,20.61,37.51,25.15,67.95
22.88,22.88,33.65,27.42,68.94
22.49,22.49,39.24,29.10,67.78
20.15,20.15,36.52,27.39,66.50
19.81,19.81,37.50,26.57,67.76
18.79,18.79,37.73,28.82,67.00
19.89,19.89,33.40,20.86,68.00
19.15,19.15,38.66,28.36,69.43
19.16,19.16,39.49,27.13,70.15
18.51,18.51,34.98,25.10,68.85
18.16,18.16,38.66,28.91,68.53
17.79,17.79,34.26,24.58,68.53
17.71,17.71,36.65,26.48,68.35
18.57,18.57,39.89,28.69,67.87
17.90,17.90,33.89,23.39,65.46
18.54,18.54,38.24,27.78,68.39
20.19,20.19,36.56,25.40,68.72
19.77,19.77,28.89,20.82,68.51
19.19,19.19,39.38,30.99,68.36
16.88,16.88,27.05,19.77,68.43
16.14,16.14,34.85,29.60,69.18
16.64,16.64,32.53,26.71,69.16
17.61,17.61,30.10,25.85,68.32
18.84,18.84,37.33,31.55,68.55
18.56,18.56,30.83,26.98,68.89
17.66,17.66,35.51,28.45,68.51
17.97,17.97,35.35,31.55,68.99
18.74,18.74,32.06,24.70,66.44
16.75,16.75,37.59,30.57,70.15
16.86,16.86,35.36,30.77,69.36
18.12,18.12,35.51,29.54,68.36
18.99,18.99,35.30,32.87,69.61
18.95,18.95,32.74,25.90,68.31
18.58,18.58,30.82,32.83,68.83
18.44,18.44,31.92,28.70,70.48
18.31,18.31,31.04,29.22,69.91
17.99,17.99,34.02,34.39,67.13
18.14,18.14,30.77,27.62,69.01
17.55,17.55,34.88,33.97,68.70
17.15,17.15,31.77,31.17,68.85
17.64,17.64,30.65,27.98,67.90
16.07,16.07,31.75,34.74,67.09
18.22,18.22,33.38,30.27,66.26
18.79,18.79,32.40,31.72,69.07
19.56,19.56,35.13,35.14,66.77
19.67,19.67,31.94,27.28,66.56
18.97,18.97,32.19,35.58,67.06
18.86,18.86,29.42,31.99,67.47
18.39,18.39,26.53,30.79,69.40
18.95,18.95,28.60,33.16,69.67
18.98,18.98,27.25,27.69,69.14
18.45,18.45,28.18,33.18,68.26
17.12,17.12,28.98,32.89,67.64
17.96,17.96,26.61,24.73,68.25
19.25,19.25,31.72,34.98,68.80
20.11,20.11,28.82,24.96,69.23
18.81,18.81,30.33,30.44,67.93
18.97,18.97,30.23,32.20,67.09
19.29,19.29,28.62,22.96,66.09
19.78,19.78,33.67,33.57,67.50
21.07,21.07,31.71,26.05,67.80
21.26,21.26,33.48,27.19,68.56
22.81,22.81,36.22,34.41,68.50
22.23,22.23,33.10,25.52,68.36
21.08,21.08,36.82,32.95,68.71
19.96,19.96,36.31,30.73,68.06
20.83,20.83,30.29,24.55,67.08
21.78,21.78,34.72,30.59,67.25
21.11,21.11,34.54,29.22,65.87
21.31,21.31,34.74,30.69,67.03
21.20,21.20,31.92,28.44,69.30
20.93,20.93,32.10,34.45,66.83
20.78,20.78,29.27,25.25,67.34
19.95,19.95,28.74,28.35,65.72
19.69,19.69,28.68,29.08,66.21
18.34,18.34,29.66,29.71,67.86
18.61,18.61,30.61,32.96,67.97
16.62,16.62,30.85,29.76,69.65
18.88,18.88,32.17,31.74,67.62
19.21,19.21,34.00,33.43,68.80
19.52,19.52,33.55,30.39,67.68
17.73,17.73,33.00,32.03,67.81
19.30,19.30,34.23,32.75,69.05
19.17,19.17,33.07,28.58,68.23
19.41,19.41,32.30,28.38,69.28
19.34,19.34,32.18,26.25,68.48
19.38,19.38,32.34,31.23,68.90
19.84,19.84,31.73,29.33,67.33
20.38,20.38,31.60,29.31,69.62
20.48,20.48,32.17,31.46,67.02
20.23,20.23,32.56,27.85,67.97
19.85,19.85,34.23,27.93,67.80
19.27,19.27,32.95,29.84,67.53
17.85,17.85,31.95,29.16,67.79
19.55,19.55,33.39,30.54,69.61
18.90,18.90,32.14,26.98,68.47
19.51,19.51,31.41,22.64,68.20
20.12,20.12,32.87,30.62,69.25
20.56,20.56,32.89,31.02,69.33
21.40,21.40,33.12,28.60,68.56
21.23,21.23,34.19,21.71,71.25
19.55,19.55,33.54,29.36,68.93
20.14,20.14,34.80,27.92,67.99
20.27,20.27,34.49,26.98,67.07
19.10,19.10,33.74,24.47,68.83
20.64,20.64,34.72,22.99,67.75
19.89,19.89,35.20,25.13,68.35
20.97,20.97,35.11,24.95,68.66
21.09,21.09,36.16,26.53,70.09
21.17,21.17,36.46,29.21,69.54
19.28,19.28,34.22,28.45,67.51
20.22,20.22,35.24,29.25,67.90
20.82,20.82,34.57,25.21,66.08
20.11,20.11,34.90,27.21,68.22
21.21,21.21,35.33,26.46,67.98
20.66,20.66,34.37,26.56,68.04
19.82,19.82,33.94,25.57,68.29
20.22,20.22,34.01,27.59,68.55
18.13,18.13,34.31,28.32,69.44
19.48,19.48,34.33,26.77,69.92
19.10,19.10,34.71,23.54,69.57
17.80,17.80,34.69,24.24,68.44
18.79,18.79,36.10,22.50,69.79
19.30,19.30,35.63,26.63,69.62
19.34,19.34,35.71,23.02,69.90
19.63,19.63,37.12,27.38,70.37
19.05,19.05,35.25,25.19,67.59
18.70,18.70,35.08,22.75,69.82
20.66,20.66,35.37,24.04,69.70
20.22,20.22,34.74,22.73,69.46
20.01,20.01,35.11,23.41,69.15
20.22,20.22,35.48,22.43,68.19
20.10,20.10,35.68,20.15,68.26
21.39,21.39,36.46,23.84,68.82
20.66,20.66,35.47,23.34,69.98
20.51,20.51,34.24,19.60,68.99
20.48,20.48,35.41,21.91,69.48
19.48,19.48,35.78,23.75,68.84
18.54,18.54,35.94,23.41,69.43
19.15,19.15,36.53,22.14,69.58
18.82,18.82,36.73,22.68,68.36
19.02,19.02,36.75,24.88,67.38
16.21,16.21,36.46,22.80,68.18
17.34,17.34,37.12,22.60,67.35
15.60,15.60,36.84,25.08,68.27
16.93,16.93,36.56,25.82,69.77
17.03,17.03,36.21,26.26,69.24
18.76,18.76,37.53,24.36,67.89
19.64,19.64,37.18,16.74,68.40
19.04,19.04,36.15,22.68,68.42
18.93,18.93,37.69,25.30,67.71
18.50,18.50,37.34,23.81,68.23
17.74,17.74,37.93,26.31,68.27
18.24,18.24,37.28,21.21,70.15
18.33,18.33,37.78,25.59,70.84
17.94,17.94,38.64,25.97,69.21
17.13,17.13,38.85,21.62,70.97
17.59,17.59,39.49,23.44,71.15
18.87,18.87,39.16,26.95,71.96
19.21,19.21,39.43,19.93,71.05
18.55,18.55,38.37,23.94,70.04
19.64,19.64,39.22,23.80,70.39
18.73,18.73,39.19,26.37,68.88
20.78,20.78,40.34,27.32,67.96
20.99,20.99,41.42,22.81,67.80
19.79,19.79,38.68,23.53,69.03
19.99,19.99,37.84,27.73,69.24
20.61,20.61,38.52,24.53,70.56
20.91,20.91,40.16,19.83,70.30
19.30,19.30,40.28,22.32,69.34
18.47,18.47,42.27,16.35,69.23
19.15,19.15,46.46,19.59,70.14
18.53,18.53,49.01,26.57,71.42
18.02,18.02,61.79,29.64,67.90
18.67,18.67,66.08,36.55,68.80
18.52,18.52,71.70,32.32,69.95
20.33,20.33,73.27,34.17,73.43
21.61,21.61,73.18,33.75,70.47
20.57,20.57,75.16,30.67,70.73
19.62,19.62,72.87,21.00,69.81
20.90,20.90,76.83,24.91,70.14
19.73,19.73,74.85,30.47,70.05
19.08,19.08,76.76,20.30,68.45
17.79,17.79,76.49,8.32,69.66
12.77,12.77,76.64,12.19,70.05
10.51,10.51,71.78,4.53,68.69
7.57,7.57,72.94,5.23,65.48
10.99,10.99,71.05,0.63,65.63
17.33,17.33,71.31,-0.00,66.44
21.87,21.87,75.52,0.12,65.41
24.79,24.79,74.27,2.57,66.50
24.44,24.44,77.80,1.02,62.43
24.16,24.16,74.66,2.03,61.25
24.33,24.33,74.35,5.22,61.33
24.82,24.82,66.59,5.98,61.89
26.00,26.00,78.05,4.83,62.55
27.69,27.69,74.95,12.96,60.57
27.01,27.01,74.35,20.46,61.02
26.70,26.70,71.86,22.61,60.47
28.43,28.43,68.17,26.00,58.91
26.70,26.70,69.15,29.38,60.40
27.74,27.74,67.13,23.85,58.96
26.65,26.65,58.51,31.54,60.20
28.45,28.45,69.62,28.72,60.64
27.84,27.84,62.11,33.52,58.85
29.62,29.62,55.96,28.24,56.63
29.34,29.34,59.61,30.59,59.19
29.36,29.36,60.75,25.33,58.51
31.31,31.31,59.20,28.03,56.59
30.83,30.83,64.60,25.94,57.73
32.66,32.66,71.78,29.55,58.00
31.44,31.44,66.56,32.01,57.53
29.29,29.29,61.82,32.22,55.10
29.39,29.39,69.76,32.84,55.66
28.71,28.71,63.45,33.06,54.83
29.20,29.20,60.41,30.37,54.56
30.11,30.11,56.71,35.83,56.89
33.26,33.26,61.10,33.38,58.26
32.59,32.59,56.90,29.63,56.07
33.48,33.48,61.17,28.97,54.48
33.96,33.96,68.69,27.44,52.89
33.29,33.29,70.92,30.23,50.98
33.41,33.41,67.01,33.30,49.54
33.48,33.48,55.53,40.91,52.00
32.98,32.98,54.98,34.76,49.43
33.55,33.55,53.53,37.40,49.11
34.33,34.33,53.88,34.83,46.82
32.86,32.86,58.81,36.59,48.95
32.89,32.89,58.34,37.24,48.11
33.12,33.12,61.88,39.19,48.18
34.69,34.69,60.68,37.27,48.18
35.40,35.40,55.76,38.08,45.61
35.03,35.03,57.92,35.78,46.82
33.88,33.88,52.13,38.19,45.77
34.04,34.04,50.87,44.52,44.42
33.10,33.10,54.37,43.15,44.61
33.97,33.97,51.19,47.35,40.76
34.11,34.11,49.69,45.42,44.29
34.92,34.92,53.17,54.59,44.74
32.33,32.33,52.16,55.46,44.18
32.42,32.42,45.68,49.14,43.34
33.36,33.36,51.18,52.15,42.99
33.28,33.28,51.48,50.62,41.27
32.23,32.23,49.64,54.67,42.10
33.71,33.71,52.39,51.95,43.07
34.06,34.06,46.54,54.10,41.51
33.34,33.34,45.76,51.71,39.80
34.51,34.51,49.76,53.82,40.33
34.17,34.17,55.72,58.45,40.74
33.74,33.74,53.49,56.26,42.78
32.82,32.82,47.78,52.20,43.40
31.66,31.66,50.59,55.71,43.11
33.29,33.29,44.72,47.19,43.03
32.93,32.93,47.14,54.13,42.00
33.25,33.25,48.15,46.38,41.09
31.31,31.31,52.93,56.63,40.82
31.34,31.34,52.66,55.62,41.22
29.74,29.74,50.84,49.57,40.77
30.75,30.75,46.25,45.95,39.74
32.31,32.31,45.02,44.52,34.86
31.60,31.60,51.77,48.51,37.95
29.16,29.16,45.00,43.59,38.30
31.22,31.22,47.60,45.70,38.46
30.51,30.51,48.45,50.37,40.24
29.74,29.74,44.24,46.13,40.92
28.41,28.41,47.78,46.51,37.22
30.43,30.43,43.94,49.29,35.85
30.25,30.25,54.07,53.24,34.74
30.22,30.22,45.77,45.16,35.33
27.96,27.96,44.87,43.51,36.66
29.35,29.35,41.40,42.65,35.49
29.39,29.39,45.07,50.39,34.12
28.98,28.98,45.24,46.16,34.86
28.61,28.61,39.28,47.65,34.15
26.24,26.24,45.15,51.38,34.45
28.08,28.08,47.91,46.52,34.59
29.12,29.12,45.43,44.90,33.27
26.93,26.93,43.11,45.91,30.42
27.60,27.60,47.70,48.13,31.94
27.77,27.77,45.17,49.88,29.82
25.63,25.63,47.84,47.55,28.48
26.09,26.09,40.47,49.05,31.32
25.76,25.76,39.31,45.90,30.80
24.03,24.03,38.16,44.85,30.58
24.84,24.84,38.85,45.05,29.33
24.56,24.56,39.90,43.74,31.20
22.75,22.75,41.97,41.48,28.77
23.70,23.70,45.63,44.58,29.07
21.94,21.94,44.90,44.28,28.51
22.57,22.57,39.93,37.96,27.15
23.77,23.77,36.32,41.14,28.35
23.76,23.76,36.56,39.58,28.10
23.92,23.92,42.22,36.69,27.46
24.30,24.30,38.98,28.53,27.89
22.45,22.45,39.07,33.01,23.56
21.69,21.69,37.35,35.03,21.50
22.72,22.72,37.93,33.21,22.65
23.98,23.98,41.92,36.31,26.22
22.35,22.35,39.23,35.22,28.92
21.17,21.17,39.49,35.26,25.48
20.21,20.21,41.51,35.72,28.02
21.40,21.40,39.89,39.16,28.57
21.26,21.26,42.52,36.94,30.25
20.31,20.31,31.56,37.49,27.26
21.46,21.46,33.69,35.83,28.37
22.11,22.11,42.11,40.01,31.09
22.21,22.21,37.38,40.93,32.73
22.64,22.64,38.44,37.41,29.47
24.28,24.28,42.61,39.91,30.85
20.89,20.89,41.10,41.10,32.02
22.43,22.43,38.21,37.06,28.82
23.75,23.75,38.77,32.01,23.65
24.11,24.11,41.43,37.20,28.13
22.34,22.34,40.97,42.49,32.32
23.34,23.34,39.75,40.25,29.86
24.50,24.50,36.68,37.77,29.95
25.14,25.14,38.14,38.79,31.64
24.35,24.35,36.24,35.61,26.65
24.22,24.22,40.58,33.35,24.23
24.78,24.78,35.96,30.88,23.63
24.54,24.54,37.57,34.31,26.28
24.00,24.00,37.61,29.89,26.62
23.38,23.38,37.04,32.35,26.03
22.86,22.86,33.27,30.92,24.17
25.10,25.10,38.31,34.32,24.77
24.25,24.25,33.32,32.99,24.69
23.24,23.24,35.47,29.45,23.62
23.29,23.29,34.60,28.59,21.40
21.98,21.98,29.93,31.97,21.96
21.02,21.02,35.08,32.41,23.00
22.14,22.14,33.28,29.47,21.54
22.96,22.96,27.28,32.99,24.48
22.71,22.71,34.70,36.33,26.62
22.22,22.22,35.61,34.07,23.78
22.56,22.56,37.49,33.86,22.37
21.87,21.87,28.91,32.46,21.74
21.63,21.63,36.52,35.02,23.31
22.43,22.43,33.49,34.74,23.17
20.94,20.94,33.65,32.49,23.87
21.22,21.22,32.09,34.86,24.97
20.71,20.71,28.43,33.12,23.29
20.00,20.00,33.47,33.34,23.05
20.41,20.41,28.36,32.92,22.55
20.62,20.62,26.43,30.07,20.55
19.73,19.73,34.43,32.15,21.05
18.15,18.15,35.04,32.11,20.18
18.29,18.29,30.58,31.38,20.54
18.21,18.21,26.25,25.66,17.86
18.76,18.76,24.62,32.16,20.19
18.41,18.41,30.33,28.84,18.38
18.42,18.42,29.91,26.93,14.45
16.77,16.77,23.85,27.21,14.65
16.18,16.18,29.60,26.19,12.25
15.78,15.78,29.16,22.98,9.09
15.40,15.40,30.89,20.96,8.03
15.55,15.55,25.05,23.56,12.85
13.68,13.68,25.61,20.57,11.73
13.90,13.90,25.80,16.48,10.33
11.15,11.15,27.56,18.85,12.29
11.40,11.40,28.02,19.61,17.04
10.55,10.55,21.15,15.67,20.68
8.09,8.09,20.57,18.50,18.66
